time_s,speed_mps
0.000000000000000000e+00,3.772999954000000145e+01
2.000000000002444267e-03,3.772999954000000145e+01
3.000000000000113687e-03,3.772999954000000145e+01
2.800000000000224532e-02,3.772999954000000145e+01
6.900000000000261480e-02,3.772999954000000145e+01
7.100000000000150635e-02,3.772999954000000145e+01
7.100000000000150635e-02,3.772999954000000145e+01
1.370000000000004547e-01,3.772999954000000145e+01
1.390000000000028990e-01,3.772999954000000145e+01
1.410000000000017906e-01,3.772999954000000145e+01
2.070000000000007390e-01,3.772999954000000145e+01
2.110000000000020748e-01,3.772999954000000145e+01
2.130000000000009663e-01,3.772999954000000145e+01
2.340000000000017621e-01,3.772999954000000145e+01
2.370000000000018758e-01,3.772999954000000145e+01
2.690000000000019043e-01,3.772999954000000145e+01
2.710000000000007958e-01,3.772999954000000145e+01
3.360000000000020748e-01,3.772999954000000145e+01
3.390000000000021885e-01,3.772999954000000145e+01
3.399999999999998579e-01,3.772999954000000145e+01
4.030000000000022453e-01,3.772999954000000145e+01
4.070000000000000284e-01,3.772999954000000145e+01
4.080000000000012506e-01,3.772999954000000145e+01
4.090000000000024727e-01,3.772999954000000145e+01
4.359999999999999432e-01,3.772999954000000145e+01
4.690000000000011937e-01,3.772999954000000145e+01
4.710000000000000853e-01,3.772999954000000145e+01
5.380000000000002558e-01,3.772999954000000145e+01
5.410000000000003695e-01,3.772999954000000145e+01
5.440000000000004832e-01,3.772999954000000145e+01
6.040000000000027569e-01,3.772999954000000145e+01
6.080000000000005400e-01,3.772999954000000145e+01
6.090000000000017621e-01,3.772999954000000145e+01
6.100000000000029843e-01,3.772999954000000145e+01
6.400000000000005684e-01,3.772999954000000145e+01
6.420000000000030127e-01,3.772999954000000145e+01
6.700000000000017053e-01,3.772999954000000145e+01
7.390000000000007674e-01,3.772999954000000145e+01
7.430000000000021032e-01,3.772999954000000145e+01
7.440000000000033253e-01,3.772999954000000145e+01
7.460000000000022169e-01,3.772999954000000145e+01
7.990000000000030411e-01,3.772999954000000145e+01
8.010000000000019327e-01,3.772999954000000145e+01
8.010000000000019327e-01,3.772999954000000145e+01
8.109999999999999432e-01,3.772999954000000145e+01
8.420000000000023022e-01,3.615000152999999727e+01
8.490000000000001990e-01,3.615000152999999727e+01
8.719999999999998863e-01,3.615000152999999727e+01
8.890000000000028990e-01,3.615000152999999727e+01
9.570000000000007390e-01,3.615000152999999727e+01
9.590000000000031832e-01,3.615000152999999727e+01
9.600000000000008527e-01,3.615000152999999727e+01
1.026000000000003354e+00,3.615000152999999727e+01
1.028000000000002245e+00,3.615000152999999727e+01
1.028999999999999915e+00,3.615000152999999727e+01
1.030000000000001137e+00,3.615000152999999727e+01
1.045000000000001705e+00,3.615000152999999727e+01
1.092000000000002302e+00,3.615000152999999727e+01
1.095000000000002416e+00,3.615000152999999727e+01
1.158000000000001251e+00,3.615000152999999727e+01
1.162000000000002586e+00,3.615000152999999727e+01
1.163000000000000256e+00,3.615000152999999727e+01
1.225000000000001421e+00,3.615000152999999727e+01
1.228000000000001535e+00,3.615000152999999727e+01
1.229000000000002757e+00,3.615000152999999727e+01
1.230000000000000426e+00,3.615000152999999727e+01
1.249000000000002331e+00,3.615000152999999727e+01
1.292000000000001592e+00,3.615000152999999727e+01
1.296000000000002927e+00,3.615000152999999727e+01
1.363000000000003098e+00,3.615000152999999727e+01
1.366000000000003212e+00,3.615000152999999727e+01
1.367000000000000881e+00,3.615000152999999727e+01
1.369000000000003325e+00,3.615000152999999727e+01
1.430000000000003268e+00,3.615000152999999727e+01
1.433000000000003382e+00,3.615000152999999727e+01
1.435000000000002274e+00,3.615000152999999727e+01
1.455000000000001847e+00,3.615000152999999727e+01
1.496000000000002217e+00,3.615000152999999727e+01
1.499000000000002331e+00,3.615000152999999727e+01
1.560999999999999943e+00,3.615000152999999727e+01
1.564000000000000057e+00,3.615000152999999727e+01
1.566000000000002501e+00,3.615000152999999727e+01
1.567000000000000171e+00,3.615000152999999727e+01
1.626000000000001222e+00,3.615000152999999727e+01
1.629000000000001336e+00,3.615000152999999727e+01
1.631000000000000227e+00,3.615000152999999727e+01
1.657000000000000028e+00,3.615000152999999727e+01
1.660000000000000142e+00,3.615000152999999727e+01
1.694000000000002615e+00,3.615000152999999727e+01
1.696000000000001506e+00,3.615000152999999727e+01
1.758000000000002672e+00,3.615000152999999727e+01
1.760000000000001563e+00,3.615000152999999727e+01
1.760000000000001563e+00,3.615000152999999727e+01
1.783000000000001251e+00,3.615000152999999727e+01
1.792000000000001592e+00,3.615000152999999727e+01
1.809000000000001052e+00,3.615000152999999727e+01
1.832000000000000739e+00,3.556999969000000306e+01
1.845000000000002416e+00,3.556999969000000306e+01
1.924000000000003041e+00,3.556999969000000306e+01
1.928000000000000824e+00,3.556999969000000306e+01
1.929000000000002046e+00,3.556999969000000306e+01
1.989000000000000767e+00,3.556999969000000306e+01
1.992000000000000881e+00,3.556999969000000306e+01
1.993000000000002103e+00,3.556999969000000306e+01
1.995000000000000995e+00,3.556999969000000306e+01
2.056000000000000938e+00,3.556999969000000306e+01
2.059000000000001052e+00,3.556999969000000306e+01
2.060000000000002274e+00,3.556999969000000306e+01
2.067000000000000171e+00,3.556999969000000306e+01
2.123000000000001108e+00,3.556999969000000306e+01
2.125000000000000000e+00,3.556999969000000306e+01
2.127000000000002444e+00,3.556999969000000306e+01
2.192000000000000171e+00,3.556999969000000306e+01
2.196000000000001506e+00,3.556999969000000306e+01
2.197000000000002728e+00,3.556999969000000306e+01
2.259000000000000341e+00,3.556999969000000306e+01
2.262000000000000455e+00,3.556999969000000306e+01
2.263000000000001677e+00,3.556999969000000306e+01
2.264000000000002899e+00,3.556999969000000306e+01
2.323000000000000398e+00,3.556999969000000306e+01
2.324000000000001620e+00,3.556999969000000306e+01
2.324000000000001620e+00,3.556999969000000306e+01
2.390000000000000568e+00,3.556999969000000306e+01
2.393000000000000682e+00,3.556999969000000306e+01
2.394000000000001904e+00,3.556999969000000306e+01
2.456000000000003070e+00,3.556999969000000306e+01
2.459000000000003183e+00,3.556999969000000306e+01
2.460000000000000853e+00,3.556999969000000306e+01
2.461000000000002075e+00,3.556999969000000306e+01
2.524000000000000909e+00,3.556999969000000306e+01
2.527000000000001023e+00,3.556999969000000306e+01
2.528999999999999915e+00,3.556999969000000306e+01
2.594000000000001194e+00,3.556999969000000306e+01
2.598000000000002530e+00,3.556999969000000306e+01
2.600000000000001421e+00,3.556999969000000306e+01
2.601000000000002643e+00,3.556999969000000306e+01
2.661000000000001364e+00,3.556999969000000306e+01
2.664000000000001478e+00,3.556999969000000306e+01
2.665000000000002700e+00,3.556999969000000306e+01
2.676000000000001933e+00,3.556999969000000306e+01
2.726000000000002643e+00,3.556999969000000306e+01
2.729000000000002757e+00,3.556999969000000306e+01
2.790000000000002700e+00,3.556999969000000306e+01
2.791000000000000369e+00,3.556999969000000306e+01
2.791000000000000369e+00,3.556999969000000306e+01
2.792000000000001592e+00,3.556999969000000306e+01
2.812000000000001165e+00,3.556999969000000306e+01
2.836000000000002075e+00,3.493000030999999694e+01
2.851000000000002643e+00,3.493000030999999694e+01
2.876000000000001222e+00,3.493000030999999694e+01
2.923000000000001819e+00,3.493000030999999694e+01
2.926000000000001933e+00,3.493000030999999694e+01
2.990000000000001990e+00,3.493000030999999694e+01
2.994000000000003325e+00,3.493000030999999694e+01
2.995000000000000995e+00,3.493000030999999694e+01
2.996000000000002217e+00,3.493000030999999694e+01
3.056000000000000938e+00,3.493000030999999694e+01
3.060000000000002274e+00,3.493000030999999694e+01
3.060999999999999943e+00,3.493000030999999694e+01
3.081000000000003070e+00,3.493000030999999694e+01
3.121999999999999886e+00,3.493000030999999694e+01
3.125000000000000000e+00,3.493000030999999694e+01
3.189000000000000057e+00,3.493000030999999694e+01
3.191000000000002501e+00,3.493000030999999694e+01
3.193000000000001393e+00,3.493000030999999694e+01
3.193000000000001393e+00,3.493000030999999694e+01
3.256000000000000227e+00,3.493000030999999694e+01
3.258000000000002672e+00,3.493000030999999694e+01
3.259000000000000341e+00,3.493000030999999694e+01
3.283000000000001251e+00,3.493000030999999694e+01
3.284000000000002473e+00,3.493000030999999694e+01
3.321000000000001506e+00,3.493000030999999694e+01
3.322000000000002728e+00,3.493000030999999694e+01
3.389000000000002899e+00,3.493000030999999694e+01
3.391000000000001791e+00,3.493000030999999694e+01
3.392000000000003013e+00,3.493000030999999694e+01
3.458000000000001961e+00,3.493000030999999694e+01
3.462000000000003297e+00,3.493000030999999694e+01
3.463000000000000966e+00,3.493000030999999694e+01
3.490000000000001990e+00,3.493000030999999694e+01
3.493000000000002103e+00,3.493000030999999694e+01
3.523000000000003240e+00,3.493000030999999694e+01
3.588000000000000966e+00,3.493000030999999694e+01
3.589000000000002188e+00,3.493000030999999694e+01
3.589999999999999858e+00,3.493000030999999694e+01
3.589999999999999858e+00,3.493000030999999694e+01
3.655000000000001137e+00,3.493000030999999694e+01
3.657000000000000028e+00,3.493000030999999694e+01
3.659000000000002473e+00,3.493000030999999694e+01
3.693000000000001393e+00,3.493000030999999694e+01
3.696000000000001506e+00,3.493000030999999694e+01
3.722000000000001307e+00,3.493000030999999694e+01
3.724000000000000199e+00,3.493000030999999694e+01
3.780000000000001137e+00,3.493000030999999694e+01
3.781000000000002359e+00,3.493000030999999694e+01
3.782000000000000028e+00,3.493000030999999694e+01
3.799000000000003041e+00,3.493000030999999694e+01
3.818000000000001393e+00,3.438999938999999983e+01
3.839000000000002188e+00,3.438999938999999983e+01
3.899000000000000909e+00,3.438999938999999983e+01
3.901000000000003354e+00,3.438999938999999983e+01
3.903000000000002245e+00,3.438999938999999983e+01
3.978000000000001535e+00,3.438999938999999983e+01
3.981000000000001648e+00,3.438999938999999983e+01
3.982000000000002871e+00,3.438999938999999983e+01
3.983000000000000540e+00,3.438999938999999983e+01
4.048000000000001819e+00,3.438999938999999983e+01
4.051000000000001933e+00,3.438999938999999983e+01
4.053000000000000824e+00,3.438999938999999983e+01
4.110000000000002984e+00,3.438999938999999983e+01
4.113000000000003098e+00,3.438999938999999983e+01
4.115000000000001990e+00,3.438999938999999983e+01
4.176000000000001933e+00,3.438999938999999983e+01
4.178000000000000824e+00,3.438999938999999983e+01
4.180000000000003268e+00,3.438999938999999983e+01
4.181000000000000938e+00,3.438999938999999983e+01
4.244000000000003325e+00,3.438999938999999983e+01
4.246999999999999886e+00,3.438999938999999983e+01
4.249000000000002331e+00,3.438999938999999983e+01
4.303000000000000824e+00,3.438999938999999983e+01
4.305000000000003268e+00,3.438999938999999983e+01
4.306000000000000938e+00,3.438999938999999983e+01
4.308000000000003382e+00,3.438999938999999983e+01
4.377000000000002444e+00,3.438999938999999983e+01
4.379000000000001336e+00,3.438999938999999983e+01
4.380000000000002558e+00,3.438999938999999983e+01
4.445000000000000284e+00,3.438999938999999983e+01
4.446000000000001506e+00,3.438999938999999983e+01
4.447000000000002728e+00,3.438999938999999983e+01
4.508000000000002672e+00,3.438999938999999983e+01
4.511000000000002785e+00,3.438999938999999983e+01
4.513000000000001677e+00,3.438999938999999983e+01
4.515000000000000568e+00,3.438999938999999983e+01
4.577000000000001734e+00,3.438999938999999983e+01
4.580000000000001847e+00,3.438999938999999983e+01
4.582000000000000739e+00,3.438999938999999983e+01
4.643000000000000682e+00,3.438999938999999983e+01
4.645000000000003126e+00,3.438999938999999983e+01
4.646000000000000796e+00,3.438999938999999983e+01
4.647000000000002018e+00,3.438999938999999983e+01
4.708000000000001961e+00,3.438999938999999983e+01
4.710000000000000853e+00,3.438999938999999983e+01
4.711000000000002075e+00,3.438999938999999983e+01
4.777000000000001023e+00,3.438999938999999983e+01
4.778000000000002245e+00,3.438999938999999983e+01
4.778000000000002245e+00,3.438999938999999983e+01
4.778999999999999915e+00,3.438999938999999983e+01
4.796000000000002927e+00,3.438999938999999983e+01
4.816000000000002501e+00,3.379999923999999822e+01
4.839000000000002188e+00,3.379999923999999822e+01
4.910000000000000142e+00,3.379999923999999822e+01
4.911000000000001364e+00,3.379999923999999822e+01
4.912000000000002586e+00,3.379999923999999822e+01
4.977000000000000313e+00,3.379999923999999822e+01
4.979000000000002757e+00,3.379999923999999822e+01
4.980000000000000426e+00,3.379999923999999822e+01
4.981000000000001648e+00,3.379999923999999822e+01
5.044000000000000483e+00,3.379999923999999822e+01
5.047000000000000597e+00,3.379999923999999822e+01
5.048000000000001819e+00,3.379999923999999822e+01
5.112000000000001876e+00,3.379999923999999822e+01
5.115000000000001990e+00,3.379999923999999822e+01
5.117000000000000881e+00,3.379999923999999822e+01
5.118000000000002103e+00,3.379999923999999822e+01
5.177000000000003155e+00,3.379999923999999822e+01
5.180000000000003268e+00,3.379999923999999822e+01
5.181000000000000938e+00,3.379999923999999822e+01
5.241000000000003212e+00,3.379999923999999822e+01
5.244000000000003325e+00,3.379999923999999822e+01
5.245000000000000995e+00,3.379999923999999822e+01
5.310000000000002274e+00,3.379999923999999822e+01
5.312000000000001165e+00,3.379999923999999822e+01
5.313000000000002387e+00,3.379999923999999822e+01
5.314000000000000057e+00,3.379999923999999822e+01
5.376000000000001222e+00,3.379999923999999822e+01
5.378000000000000114e+00,3.379999923999999822e+01
5.379000000000001336e+00,3.379999923999999822e+01
5.443000000000001393e+00,3.379999923999999822e+01
5.445000000000000284e+00,3.379999923999999822e+01
5.447000000000002728e+00,3.379999923999999822e+01
5.449000000000001620e+00,3.379999923999999822e+01
5.513000000000001677e+00,3.379999923999999822e+01
5.516000000000001791e+00,3.379999923999999822e+01
5.517000000000003013e+00,3.379999923999999822e+01
5.524000000000000909e+00,3.379999923999999822e+01
5.576000000000000512e+00,3.379999923999999822e+01
5.579000000000000625e+00,3.379999923999999822e+01
5.643000000000000682e+00,3.379999923999999822e+01
5.645000000000003126e+00,3.379999923999999822e+01
5.646000000000000796e+00,3.379999923999999822e+01
5.646000000000000796e+00,3.379999923999999822e+01
5.710000000000000853e+00,3.379999923999999822e+01
5.713000000000000966e+00,3.379999923999999822e+01
5.714000000000002188e+00,3.379999923999999822e+01
5.726000000000002643e+00,3.379999923999999822e+01
5.778000000000002245e+00,3.379999923999999822e+01
5.780000000000001137e+00,3.379999923999999822e+01
5.780000000000001137e+00,3.379999923999999822e+01
5.796000000000002927e+00,3.379999923999999822e+01
5.815000000000001279e+00,3.329999923999999822e+01
5.835000000000000853e+00,3.329999923999999822e+01
5.910000000000000142e+00,3.329999923999999822e+01
5.915000000000002700e+00,3.329999923999999822e+01
5.916000000000000369e+00,3.329999923999999822e+01
5.929000000000002046e+00,3.329999923999999822e+01
5.975000000000001421e+00,3.329999923999999822e+01
5.977000000000000313e+00,3.329999923999999822e+01
5.978000000000001535e+00,3.329999923999999822e+01
6.041000000000000369e+00,3.329999923999999822e+01
6.044000000000000483e+00,3.329999923999999822e+01
6.045000000000001705e+00,3.329999923999999822e+01
6.108000000000000540e+00,3.329999923999999822e+01
6.112000000000001876e+00,3.329999923999999822e+01
6.113000000000003098e+00,3.329999923999999822e+01
6.114000000000000767e+00,3.329999923999999822e+01
6.175000000000000711e+00,3.329999923999999822e+01
6.178000000000000824e+00,3.329999923999999822e+01
6.179000000000002046e+00,3.329999923999999822e+01
6.239000000000000767e+00,3.329999923999999822e+01
6.241000000000003212e+00,3.329999923999999822e+01
6.243000000000002103e+00,3.329999923999999822e+01
6.310000000000002274e+00,3.329999923999999822e+01
6.313000000000002387e+00,3.329999923999999822e+01
6.314000000000000057e+00,3.329999923999999822e+01
6.315000000000001279e+00,3.329999923999999822e+01
6.336000000000002075e+00,3.329999923999999822e+01
6.376000000000001222e+00,3.329999923999999822e+01
6.377000000000002444e+00,3.329999923999999822e+01
6.441000000000002501e+00,3.329999923999999822e+01
6.446000000000001506e+00,3.329999923999999822e+01
6.448000000000000398e+00,3.329999923999999822e+01
6.449000000000001620e+00,3.329999923999999822e+01
6.508000000000002672e+00,3.329999923999999822e+01
6.511000000000002785e+00,3.329999923999999822e+01
6.513000000000001677e+00,3.329999923999999822e+01
6.540000000000002700e+00,3.329999923999999822e+01
6.542000000000001592e+00,3.329999923999999822e+01
6.572000000000002728e+00,3.329999923999999822e+01
6.641000000000001791e+00,3.329999923999999822e+01
6.644000000000001904e+00,3.329999923999999822e+01
6.645000000000003126e+00,3.329999923999999822e+01
6.646000000000000796e+00,3.329999923999999822e+01
6.705000000000001847e+00,3.329999923999999822e+01
6.707000000000000739e+00,3.329999923999999822e+01
6.708000000000001961e+00,3.329999923999999822e+01
6.742000000000000881e+00,3.329999923999999822e+01
6.743000000000002103e+00,3.329999923999999822e+01
6.778999999999999915e+00,3.329999923999999822e+01
6.780000000000001137e+00,3.329999923999999822e+01
6.798000000000001819e+00,3.329999923999999822e+01
6.818000000000001393e+00,3.275999832000000112e+01
6.826000000000000512e+00,3.275999832000000112e+01
6.848000000000002530e+00,3.275999832000000112e+01
6.914000000000001478e+00,3.275999832000000112e+01
6.917000000000001592e+00,3.275999832000000112e+01
6.919000000000000483e+00,3.275999832000000112e+01
6.977000000000000313e+00,3.275999832000000112e+01
6.980000000000000426e+00,3.275999832000000112e+01
6.981000000000001648e+00,3.275999832000000112e+01
7.046000000000002927e+00,3.275999832000000112e+01
7.049000000000003041e+00,3.275999832000000112e+01
7.050000000000000711e+00,3.275999832000000112e+01
7.051000000000001933e+00,3.275999832000000112e+01
7.114000000000000767e+00,3.275999832000000112e+01
7.117000000000000881e+00,3.275999832000000112e+01
7.118000000000002103e+00,3.275999832000000112e+01
7.151000000000003354e+00,3.275999832000000112e+01
7.153000000000002245e+00,3.275999832000000112e+01
7.180000000000003268e+00,3.275999832000000112e+01
7.246000000000002217e+00,3.275999832000000112e+01
7.248000000000001108e+00,3.275999832000000112e+01
7.250000000000000000e+00,3.275999832000000112e+01
7.251000000000001222e+00,3.275999832000000112e+01
7.314000000000000057e+00,3.275999832000000112e+01
7.317000000000000171e+00,3.275999832000000112e+01
7.318000000000001393e+00,3.275999832000000112e+01
7.359000000000001762e+00,3.275999832000000112e+01
7.362000000000001876e+00,3.275999832000000112e+01
7.363000000000003098e+00,3.275999832000000112e+01
7.377000000000002444e+00,3.275999832000000112e+01
7.446000000000001506e+00,3.275999832000000112e+01
7.448000000000000398e+00,3.275999832000000112e+01
7.449000000000001620e+00,3.275999832000000112e+01
7.513000000000001677e+00,3.275999832000000112e+01
7.516000000000001791e+00,3.275999832000000112e+01
7.517000000000003013e+00,3.275999832000000112e+01
7.557000000000002160e+00,3.275999832000000112e+01
7.559000000000001052e+00,3.275999832000000112e+01
7.560000000000002274e+00,3.275999832000000112e+01
7.577000000000001734e+00,3.275999832000000112e+01
7.645000000000003126e+00,3.275999832000000112e+01
7.649000000000000909e+00,3.275999832000000112e+01
7.649000000000000909e+00,3.275999832000000112e+01
7.710000000000000853e+00,3.275999832000000112e+01
7.711000000000002075e+00,3.275999832000000112e+01
7.712000000000003297e+00,3.275999832000000112e+01
7.712000000000003297e+00,3.275999832000000112e+01
7.765000000000000568e+00,3.275999832000000112e+01
7.767000000000003013e+00,3.275999832000000112e+01
7.782000000000000028e+00,3.275999832000000112e+01
7.789000000000001478e+00,3.275999832000000112e+01
7.807000000000002160e+00,3.275999832000000112e+01
7.827000000000001734e+00,3.215999984999999839e+01
7.847000000000001307e+00,3.215999984999999839e+01
7.916000000000000369e+00,3.215999984999999839e+01
7.918000000000002814e+00,3.215999984999999839e+01
7.918000000000002814e+00,3.215999984999999839e+01
7.963000000000000966e+00,3.215999984999999839e+01
7.964999999999999858e+00,3.215999984999999839e+01
7.964999999999999858e+00,3.215999984999999839e+01
7.984000000000001762e+00,3.215999984999999839e+01
8.050000000000000711e+00,3.215999984999999839e+01
8.051000000000001933e+00,3.215999984999999839e+01
8.051000000000001933e+00,3.215999984999999839e+01
8.117000000000000881e+00,3.215999984999999839e+01
8.119000000000003325e+00,3.215999984999999839e+01
8.119000000000003325e+00,3.215999984999999839e+01
8.119000000000003325e+00,3.215999984999999839e+01
8.166000000000000369e+00,3.215999984999999839e+01
8.168000000000002814e+00,3.215999984999999839e+01
8.185999999999999943e+00,3.215999984999999839e+01
8.251000000000001222e+00,3.215999984999999839e+01
8.252000000000002444e+00,3.215999984999999839e+01
8.253000000000000114e+00,3.215999984999999839e+01
8.317000000000000171e+00,3.215999984999999839e+01
8.319000000000002615e+00,3.215999984999999839e+01
8.319000000000002615e+00,3.215999984999999839e+01
8.320000000000000284e+00,3.215999984999999839e+01
8.370000000000000995e+00,3.215999984999999839e+01
8.371999999999999886e+00,3.215999984999999839e+01
8.386000000000002785e+00,3.215999984999999839e+01
8.450000000000002842e+00,3.215999984999999839e+01
8.451000000000000512e+00,3.215999984999999839e+01
8.451000000000000512e+00,3.215999984999999839e+01
8.452000000000001734e+00,3.215999984999999839e+01
8.517000000000003013e+00,3.215999984999999839e+01
8.518000000000000682e+00,3.215999984999999839e+01
8.519000000000001904e+00,3.215999984999999839e+01
8.573000000000000398e+00,3.215999984999999839e+01
8.575000000000002842e+00,3.215999984999999839e+01
8.575000000000002842e+00,3.215999984999999839e+01
8.651000000000003354e+00,3.215999984999999839e+01
8.653000000000002245e+00,3.215999984999999839e+01
8.653000000000002245e+00,3.215999984999999839e+01
8.653000000000002245e+00,3.215999984999999839e+01
8.717999999999999972e+00,3.215999984999999839e+01
8.721000000000000085e+00,3.215999984999999839e+01
8.723000000000002530e+00,3.215999984999999839e+01
8.781000000000002359e+00,3.215999984999999839e+01
8.782000000000000028e+00,3.215999984999999839e+01
8.782000000000000028e+00,3.215999984999999839e+01
8.788000000000000256e+00,3.215999984999999839e+01
8.807000000000002160e+00,3.215999984999999839e+01
8.827000000000001734e+00,3.180999947000000105e+01
8.842000000000002302e+00,3.180999947000000105e+01
8.860000000000002984e+00,3.180999947000000105e+01
8.920000000000001705e+00,3.180999947000000105e+01
8.921000000000002927e+00,3.180999947000000105e+01
8.922000000000000597e+00,3.180999947000000105e+01
8.982000000000002871e+00,3.180999947000000105e+01
8.985000000000002984e+00,3.180999947000000105e+01
8.986000000000000654e+00,3.180999947000000105e+01
9.054000000000002046e+00,3.180999947000000105e+01
9.057000000000002160e+00,3.180999947000000105e+01
9.058000000000003382e+00,3.180999947000000105e+01
9.121000000000002217e+00,3.180999947000000105e+01
9.123000000000001108e+00,3.180999947000000105e+01
9.124000000000002331e+00,3.180999947000000105e+01
9.126000000000001222e+00,3.180999947000000105e+01
9.187000000000001165e+00,3.180999947000000105e+01
9.191000000000002501e+00,3.180999947000000105e+01
9.192000000000000171e+00,3.180999947000000105e+01
9.259000000000000341e+00,3.180999947000000105e+01
9.263000000000001677e+00,3.180999947000000105e+01
9.263000000000001677e+00,3.180999947000000105e+01
9.264000000000002899e+00,3.180999947000000105e+01
9.320000000000000284e+00,3.180999947000000105e+01
9.322000000000002728e+00,3.180999947000000105e+01
9.323000000000000398e+00,3.180999947000000105e+01
9.388000000000001677e+00,3.180999947000000105e+01
9.390000000000000568e+00,3.180999947000000105e+01
9.391000000000001791e+00,3.180999947000000105e+01
9.455000000000001847e+00,3.180999947000000105e+01
9.458000000000001961e+00,3.180999947000000105e+01
9.459000000000003183e+00,3.180999947000000105e+01
9.521000000000000796e+00,3.180999947000000105e+01
9.525000000000002132e+00,3.180999947000000105e+01
9.526000000000003354e+00,3.180999947000000105e+01
9.527000000000001023e+00,3.180999947000000105e+01
9.589000000000002188e+00,3.180999947000000105e+01
9.592999999999999972e+00,3.180999947000000105e+01
9.594000000000001194e+00,3.180999947000000105e+01
9.599000000000000199e+00,3.180999947000000105e+01
9.655000000000001137e+00,3.180999947000000105e+01
9.659000000000002473e+00,3.180999947000000105e+01
9.660000000000000142e+00,3.180999947000000105e+01
9.721000000000000085e+00,3.180999947000000105e+01
9.724000000000000199e+00,3.180999947000000105e+01
9.725000000000001421e+00,3.180999947000000105e+01
9.787000000000002586e+00,3.180999947000000105e+01
9.788000000000000256e+00,3.180999947000000105e+01
9.789000000000001478e+00,3.180999947000000105e+01
9.794000000000000483e+00,3.180999947000000105e+01
9.806000000000000938e+00,3.180999947000000105e+01
9.826000000000000512e+00,3.125000000000000000e+01
9.852000000000000313e+00,3.125000000000000000e+01
9.921000000000002927e+00,3.125000000000000000e+01
9.922000000000000597e+00,3.125000000000000000e+01
9.923000000000001819e+00,3.125000000000000000e+01
9.989000000000000767e+00,3.125000000000000000e+01
9.993000000000002103e+00,3.125000000000000000e+01
9.994000000000003325e+00,3.125000000000000000e+01
9.995000000000000995e+00,3.125000000000000000e+01
1.005600000000000094e+01,3.125000000000000000e+01
1.005900000000000105e+01,3.125000000000000000e+01
1.006099999999999994e+01,3.125000000000000000e+01
1.012300000000000111e+01,3.125000000000000000e+01
1.012600000000000122e+01,3.125000000000000000e+01
1.012700000000000244e+01,3.125000000000000000e+01
1.012800000000000011e+01,3.125000000000000000e+01
1.019000000000000128e+01,3.125000000000000000e+01
1.019300000000000139e+01,3.125000000000000000e+01
1.019400000000000261e+01,3.125000000000000000e+01
1.020500000000000185e+01,3.125000000000000000e+01
1.025800000000000267e+01,3.125000000000000000e+01
1.026100000000000279e+01,3.125000000000000000e+01
1.032200000000000273e+01,3.125000000000000000e+01
1.032500000000000284e+01,3.125000000000000000e+01
1.032600000000000051e+01,3.125000000000000000e+01
1.032700000000000173e+01,3.125000000000000000e+01
1.039000000000000057e+01,3.125000000000000000e+01
1.039400000000000190e+01,3.125000000000000000e+01
1.039500000000000313e+01,3.125000000000000000e+01
1.040500000000000114e+01,3.125000000000000000e+01
1.045600000000000307e+01,3.125000000000000000e+01
1.045900000000000318e+01,3.125000000000000000e+01
1.046100000000000207e+01,3.125000000000000000e+01
1.052300000000000324e+01,3.125000000000000000e+01
1.052600000000000335e+01,3.125000000000000000e+01
1.052800000000000225e+01,3.125000000000000000e+01
1.058900000000000219e+01,3.125000000000000000e+01
1.059200000000000230e+01,3.125000000000000000e+01
1.059400000000000119e+01,3.125000000000000000e+01
1.061000000000000298e+01,3.125000000000000000e+01
1.066000000000000014e+01,3.125000000000000000e+01
1.066300000000000026e+01,3.125000000000000000e+01
1.066400000000000148e+01,3.125000000000000000e+01
1.072300000000000253e+01,3.125000000000000000e+01
1.072600000000000264e+01,3.125000000000000000e+01
1.072700000000000031e+01,3.125000000000000000e+01
1.078600000000000136e+01,3.125000000000000000e+01
1.078700000000000259e+01,3.125000000000000000e+01
1.078800000000000026e+01,3.125000000000000000e+01
1.078900000000000148e+01,3.125000000000000000e+01
1.080900000000000105e+01,3.125000000000000000e+01
1.083000000000000185e+01,3.095000076000000178e+01
1.084400000000000119e+01,3.095000076000000178e+01
1.091900000000000048e+01,3.095000076000000178e+01
1.092000000000000171e+01,3.095000076000000178e+01
1.092100000000000293e+01,3.095000076000000178e+01
1.098700000000000188e+01,3.095000076000000178e+01
1.098900000000000077e+01,3.095000076000000178e+01
1.099000000000000199e+01,3.095000076000000178e+01
1.099100000000000321e+01,3.095000076000000178e+01
1.102100000000000080e+01,3.095000076000000178e+01
1.105400000000000205e+01,3.095000076000000178e+01
1.105500000000000327e+01,3.095000076000000178e+01
1.112000000000000099e+01,3.095000076000000178e+01
1.112300000000000111e+01,3.095000076000000178e+01
1.112300000000000111e+01,3.095000076000000178e+01
1.112400000000000233e+01,3.095000076000000178e+01
1.118900000000000006e+01,3.095000076000000178e+01
1.119200000000000017e+01,3.095000076000000178e+01
1.119300000000000139e+01,3.095000076000000178e+01
1.121900000000000119e+01,3.095000076000000178e+01
1.122000000000000242e+01,3.095000076000000178e+01
1.125800000000000267e+01,3.095000076000000178e+01
1.132100000000000151e+01,3.095000076000000178e+01
1.132400000000000162e+01,3.095000076000000178e+01
1.132800000000000296e+01,3.095000076000000178e+01
1.132900000000000063e+01,3.095000076000000178e+01
1.138700000000000045e+01,3.095000076000000178e+01
1.139000000000000057e+01,3.095000076000000178e+01
1.139100000000000179e+01,3.095000076000000178e+01
1.142500000000000071e+01,3.095000076000000178e+01
1.142700000000000315e+01,3.095000076000000178e+01
1.145500000000000185e+01,3.095000076000000178e+01
1.145900000000000318e+01,3.095000076000000178e+01
1.152000000000000313e+01,3.095000076000000178e+01
1.152300000000000324e+01,3.095000076000000178e+01
1.152500000000000213e+01,3.095000076000000178e+01
1.158800000000000097e+01,3.095000076000000178e+01
1.159100000000000108e+01,3.095000076000000178e+01
1.159299999999999997e+01,3.095000076000000178e+01
1.159400000000000119e+01,3.095000076000000178e+01
1.162700000000000244e+01,3.095000076000000178e+01
1.162900000000000134e+01,3.095000076000000178e+01
1.165500000000000114e+01,3.095000076000000178e+01
1.172100000000000009e+01,3.095000076000000178e+01
1.172400000000000020e+01,3.095000076000000178e+01
1.172500000000000142e+01,3.095000076000000178e+01
1.179400000000000048e+01,3.095000076000000178e+01
1.179500000000000171e+01,3.095000076000000178e+01
1.179600000000000293e+01,3.095000076000000178e+01
1.179700000000000060e+01,3.095000076000000178e+01
1.180900000000000105e+01,3.095000076000000178e+01
1.182100000000000151e+01,3.095000076000000178e+01
1.184200000000000230e+01,3.014999961999999911e+01
1.186300000000000310e+01,3.014999961999999911e+01
1.188000000000000256e+01,3.014999961999999911e+01
1.194000000000000128e+01,3.014999961999999911e+01
1.194200000000000017e+01,3.014999961999999911e+01
1.194300000000000139e+01,3.014999961999999911e+01
1.200799999999999912e+01,3.014999961999999911e+01
1.201200000000000401e+01,3.014999961999999911e+01
1.201300000000000168e+01,3.014999961999999911e+01
1.203400000000000247e+01,3.014999961999999911e+01
1.207600000000000406e+01,3.014999961999999911e+01
1.207900000000000418e+01,3.014999961999999911e+01
1.214600000000000435e+01,3.014999961999999911e+01
1.214799999999999969e+01,3.014999961999999911e+01
1.214900000000000446e+01,3.014999961999999911e+01
1.215000000000000213e+01,3.014999961999999911e+01
1.220800000000000196e+01,3.014999961999999911e+01
1.221000000000000441e+01,3.014999961999999911e+01
1.221100000000000207e+01,3.014999961999999911e+01
1.223900000000000077e+01,3.014999961999999911e+01
1.224100000000000321e+01,3.014999961999999911e+01
1.227599999999999980e+01,3.014999961999999911e+01
1.227800000000000225e+01,3.014999961999999911e+01
1.234100000000000463e+01,3.014999961999999911e+01
1.234299999999999997e+01,3.014999961999999911e+01
1.234400000000000475e+01,3.014999961999999911e+01
1.240900000000000247e+01,3.014999961999999911e+01
1.241200000000000259e+01,3.014999961999999911e+01
1.241300000000000026e+01,3.014999961999999911e+01
1.244099999999999895e+01,3.014999961999999911e+01
1.244399999999999906e+01,3.014999961999999911e+01
1.247700000000000031e+01,3.014999961999999911e+01
1.254200000000000514e+01,3.014999961999999911e+01
1.254400000000000048e+01,3.014999961999999911e+01
1.254400000000000048e+01,3.014999961999999911e+01
1.254499999999999815e+01,3.014999961999999911e+01
1.260899999999999821e+01,3.014999961999999911e+01
1.261100000000000065e+01,3.014999961999999911e+01
1.261100000000000065e+01,3.014999961999999911e+01
1.264499999999999957e+01,3.014999961999999911e+01
1.264700000000000202e+01,3.014999961999999911e+01
1.267500000000000071e+01,3.014999961999999911e+01
1.267700000000000315e+01,3.014999961999999911e+01
1.274100000000000321e+01,3.014999961999999911e+01
1.274500000000000099e+01,3.014999961999999911e+01
1.274700000000000344e+01,3.014999961999999911e+01
1.279000000000000270e+01,3.014999961999999911e+01
1.279200000000000514e+01,3.014999961999999911e+01
1.279200000000000514e+01,3.014999961999999911e+01
1.281100000000000350e+01,3.014999961999999911e+01
1.283099999999999952e+01,2.980999947000000105e+01
1.284600000000000009e+01,2.980999947000000105e+01
1.292500000000000071e+01,2.980999947000000105e+01
1.292800000000000082e+01,2.980999947000000105e+01
1.292899999999999849e+01,2.980999947000000105e+01
1.299100000000000321e+01,2.980999947000000105e+01
1.299400000000000333e+01,2.980999947000000105e+01
1.299500000000000099e+01,2.980999947000000105e+01
1.299599999999999866e+01,2.980999947000000105e+01
1.305200000000000315e+01,2.980999947000000105e+01
1.305500000000000327e+01,2.980999947000000105e+01
1.305600000000000094e+01,2.980999947000000105e+01
1.312500000000000355e+01,2.980999947000000105e+01
1.312900000000000134e+01,2.980999947000000105e+01
1.312999999999999901e+01,2.980999947000000105e+01
1.313100000000000378e+01,2.980999947000000105e+01
1.319399999999999906e+01,2.980999947000000105e+01
1.319800000000000395e+01,2.980999947000000105e+01
1.319900000000000162e+01,2.980999947000000105e+01
1.325600000000000378e+01,2.980999947000000105e+01
1.325900000000000389e+01,2.980999947000000105e+01
1.326000000000000156e+01,2.980999947000000105e+01
1.332400000000000162e+01,2.980999947000000105e+01
1.332799999999999940e+01,2.980999947000000105e+01
1.332900000000000418e+01,2.980999947000000105e+01
1.333000000000000185e+01,2.980999947000000105e+01
1.339000000000000412e+01,2.980999947000000105e+01
1.339400000000000190e+01,2.980999947000000105e+01
1.339499999999999957e+01,2.980999947000000105e+01
1.346000000000000441e+01,2.980999947000000105e+01
1.346199999999999974e+01,2.980999947000000105e+01
1.346400000000000219e+01,2.980999947000000105e+01
1.346499999999999986e+01,2.980999947000000105e+01
1.352599999999999980e+01,2.980999947000000105e+01
1.352899999999999991e+01,2.980999947000000105e+01
1.353000000000000469e+01,2.980999947000000105e+01
1.358999999999999986e+01,2.980999947000000105e+01
1.359299999999999997e+01,2.980999947000000105e+01
1.359500000000000242e+01,2.980999947000000105e+01
1.359600000000000009e+01,2.980999947000000105e+01
1.366300000000000026e+01,2.980999947000000105e+01
1.366500000000000270e+01,2.980999947000000105e+01
1.366600000000000037e+01,2.980999947000000105e+01
1.372500000000000497e+01,2.980999947000000105e+01
1.372700000000000031e+01,2.980999947000000105e+01
1.372800000000000509e+01,2.980999947000000105e+01
1.378500000000000014e+01,2.980999947000000105e+01
1.378600000000000492e+01,2.980999947000000105e+01
1.378600000000000492e+01,2.980999947000000105e+01
1.378700000000000259e+01,2.980999947000000105e+01
1.381800000000000139e+01,2.980999947000000105e+01
1.382600000000000406e+01,2.922999954000000145e+01
1.384900000000000020e+01,2.922999954000000145e+01
1.386400000000000077e+01,2.922999954000000145e+01
1.391600000000000037e+01,2.922999954000000145e+01
1.391900000000000048e+01,2.922999954000000145e+01
1.397800000000000509e+01,2.922999954000000145e+01
1.398099999999999810e+01,2.922999954000000145e+01
1.398200000000000287e+01,2.922999954000000145e+01
1.404300000000000281e+01,2.922999954000000145e+01
1.404499999999999815e+01,2.922999954000000145e+01
1.404600000000000293e+01,2.922999954000000145e+01
1.404700000000000060e+01,2.922999954000000145e+01
1.407000000000000384e+01,2.922999954000000145e+01
1.410899999999999821e+01,2.922999954000000145e+01
1.411100000000000065e+01,2.922999954000000145e+01
1.417800000000000082e+01,2.922999954000000145e+01
1.418000000000000327e+01,2.922999954000000145e+01
1.418100000000000094e+01,2.922999954000000145e+01
1.418100000000000094e+01,2.922999954000000145e+01
1.424500000000000099e+01,2.922999954000000145e+01
1.424700000000000344e+01,2.922999954000000145e+01
1.424800000000000111e+01,2.922999954000000145e+01
1.426999999999999957e+01,2.922999954000000145e+01
1.431100000000000350e+01,2.922999954000000145e+01
1.431200000000000117e+01,2.922999954000000145e+01
1.438200000000000145e+01,2.922999954000000145e+01
1.438400000000000389e+01,2.922999954000000145e+01
1.438599999999999923e+01,2.922999954000000145e+01
1.438800000000000168e+01,2.922999954000000145e+01
1.444399999999999906e+01,2.922999954000000145e+01
1.444600000000000151e+01,2.922999954000000145e+01
1.444699999999999918e+01,2.922999954000000145e+01
1.447600000000000264e+01,2.922999954000000145e+01
1.447800000000000509e+01,2.922999954000000145e+01
1.451099999999999923e+01,2.922999954000000145e+01
1.451399999999999935e+01,2.922999954000000145e+01
1.457900000000000418e+01,2.922999954000000145e+01
1.458099999999999952e+01,2.922999954000000145e+01
1.458099999999999952e+01,2.922999954000000145e+01
1.464300000000000423e+01,2.922999954000000145e+01
1.464499999999999957e+01,2.922999954000000145e+01
1.464499999999999957e+01,2.922999954000000145e+01
1.468000000000000327e+01,2.922999954000000145e+01
1.468300000000000338e+01,2.922999954000000145e+01
1.471499999999999986e+01,2.922999954000000145e+01
1.471700000000000230e+01,2.922999954000000145e+01
1.478100000000000236e+01,2.922999954000000145e+01
1.478200000000000003e+01,2.922999954000000145e+01
1.478300000000000480e+01,2.922999954000000145e+01
1.479200000000000514e+01,2.922999954000000145e+01
1.480200000000000315e+01,2.922999954000000145e+01
1.483500000000000441e+01,2.897999954000000145e+01
1.483999999999999986e+01,2.897999954000000145e+01
1.486100000000000065e+01,2.897999954000000145e+01
1.487999999999999901e+01,2.897999954000000145e+01
1.492400000000000304e+01,2.897999954000000145e+01
1.492700000000000315e+01,2.897999954000000145e+01
1.499100000000000321e+01,2.897999954000000145e+01
1.499299999999999855e+01,2.897999954000000145e+01
1.499400000000000333e+01,2.897999954000000145e+01
1.505900000000000105e+01,2.897999954000000145e+01
1.506200000000000117e+01,2.897999954000000145e+01
1.506299999999999883e+01,2.897999954000000145e+01
1.506500000000000128e+01,2.897999954000000145e+01
1.508600000000000207e+01,2.897999954000000145e+01
1.512500000000000355e+01,2.897999954000000145e+01
1.512900000000000134e+01,2.897999954000000145e+01
1.519800000000000395e+01,2.897999954000000145e+01
1.520100000000000406e+01,2.897999954000000145e+01
1.520299999999999940e+01,2.897999954000000145e+01
1.520400000000000418e+01,2.897999954000000145e+01
1.526099999999999923e+01,2.897999954000000145e+01
1.526399999999999935e+01,2.897999954000000145e+01
1.526500000000000412e+01,2.897999954000000145e+01
1.529000000000000270e+01,2.897999954000000145e+01
1.532600000000000406e+01,2.897999954000000145e+01
1.532900000000000418e+01,2.897999954000000145e+01
1.539300000000000423e+01,2.897999954000000145e+01
1.539499999999999957e+01,2.897999954000000145e+01
1.539600000000000435e+01,2.897999954000000145e+01
1.539600000000000435e+01,2.897999954000000145e+01
1.545899999999999963e+01,2.897999954000000145e+01
1.546100000000000207e+01,2.897999954000000145e+01
1.546300000000000452e+01,2.897999954000000145e+01
1.549400000000000333e+01,2.897999954000000145e+01
1.549700000000000344e+01,2.897999954000000145e+01
1.552800000000000225e+01,2.897999954000000145e+01
1.553100000000000236e+01,2.897999954000000145e+01
1.559500000000000242e+01,2.897999954000000145e+01
1.559800000000000253e+01,2.897999954000000145e+01
1.559900000000000020e+01,2.897999954000000145e+01
1.566200000000000259e+01,2.897999954000000145e+01
1.566500000000000270e+01,2.897999954000000145e+01
1.566600000000000037e+01,2.897999954000000145e+01
1.570100000000000406e+01,2.897999954000000145e+01
1.570299999999999940e+01,2.897999954000000145e+01
1.572400000000000020e+01,2.897999954000000145e+01
1.572500000000000497e+01,2.897999954000000145e+01
1.578400000000000247e+01,2.897999954000000145e+01
1.578500000000000014e+01,2.897999954000000145e+01
1.578500000000000014e+01,2.897999954000000145e+01
1.580200000000000315e+01,2.897999954000000145e+01
1.582600000000000406e+01,2.838999938999999983e+01
1.583900000000000219e+01,2.838999938999999983e+01
1.585599999999999810e+01,2.838999938999999983e+01
1.589799999999999969e+01,2.838999938999999983e+01
1.589900000000000446e+01,2.838999938999999983e+01
1.591700000000000514e+01,2.838999938999999983e+01
1.598399999999999821e+01,2.838999938999999983e+01
1.598600000000000065e+01,2.838999938999999983e+01
1.598699999999999832e+01,2.838999938999999983e+01
1.605200000000000315e+01,2.838999938999999983e+01
1.605500000000000327e+01,2.838999938999999983e+01
1.605600000000000094e+01,2.838999938999999983e+01
1.610300000000000509e+01,2.838999938999999983e+01
1.610500000000000043e+01,2.838999938999999983e+01
1.610599999999999810e+01,2.838999938999999983e+01
1.612000000000000099e+01,2.838999938999999983e+01
1.618900000000000361e+01,2.838999938999999983e+01
1.619399999999999906e+01,2.838999938999999983e+01
1.619500000000000384e+01,2.838999938999999983e+01
1.625400000000000134e+01,2.838999938999999983e+01
1.625700000000000145e+01,2.838999938999999983e+01
1.625799999999999912e+01,2.838999938999999983e+01
1.625900000000000389e+01,2.838999938999999983e+01
1.630900000000000105e+01,2.838999938999999983e+01
1.631100000000000350e+01,2.838999938999999983e+01
1.631599999999999895e+01,2.838999938999999983e+01
1.638599999999999923e+01,2.838999938999999983e+01
1.638800000000000168e+01,2.838999938999999983e+01
1.639000000000000412e+01,2.838999938999999983e+01
1.639100000000000179e+01,2.838999938999999983e+01
1.645299999999999940e+01,2.838999938999999983e+01
1.645500000000000185e+01,2.838999938999999983e+01
1.645599999999999952e+01,2.838999938999999983e+01
1.651300000000000168e+01,2.838999938999999983e+01
1.651500000000000412e+01,2.838999938999999983e+01
1.651500000000000412e+01,2.838999938999999983e+01
1.658699999999999974e+01,2.838999938999999983e+01
1.658999999999999986e+01,2.838999938999999983e+01
1.659100000000000463e+01,2.838999938999999983e+01
1.659200000000000230e+01,2.838999938999999983e+01
1.665399999999999991e+01,2.838999938999999983e+01
1.665600000000000236e+01,2.838999938999999983e+01
1.665700000000000003e+01,2.838999938999999983e+01
1.671600000000000463e+01,2.838999938999999983e+01
1.671900000000000475e+01,2.838999938999999983e+01
1.672000000000000242e+01,2.838999938999999983e+01
1.672100000000000009e+01,2.838999938999999983e+01
1.678500000000000014e+01,2.838999938999999983e+01
1.678600000000000492e+01,2.838999938999999983e+01
1.678700000000000259e+01,2.838999938999999983e+01
1.679400000000000048e+01,2.838999938999999983e+01
1.682499999999999929e+01,2.796999930999999862e+01
1.683600000000000207e+01,2.796999930999999862e+01
1.686300000000000310e+01,2.796999930999999862e+01
1.691700000000000514e+01,2.796999930999999862e+01
1.691900000000000048e+01,2.796999930999999862e+01
1.698699999999999832e+01,2.796999930999999862e+01
1.698900000000000077e+01,2.796999930999999862e+01
1.698999999999999844e+01,2.796999930999999862e+01
1.699100000000000321e+01,2.796999930999999862e+01
1.705300000000000082e+01,2.796999930999999862e+01
1.705600000000000094e+01,2.796999930999999862e+01
1.705699999999999861e+01,2.796999930999999862e+01
1.712099999999999866e+01,2.796999930999999862e+01
1.712300000000000111e+01,2.796999930999999862e+01
1.712500000000000355e+01,2.796999930999999862e+01
1.712600000000000122e+01,2.796999930999999862e+01
1.718700000000000117e+01,2.796999930999999862e+01
1.719000000000000128e+01,2.796999930999999862e+01
1.719399999999999906e+01,2.796999930999999862e+01
1.725799999999999912e+01,2.796999930999999862e+01
1.726200000000000401e+01,2.796999930999999862e+01
1.726300000000000168e+01,2.796999930999999862e+01
1.726500000000000412e+01,2.796999930999999862e+01
1.732400000000000162e+01,2.796999930999999862e+01
1.732600000000000406e+01,2.796999930999999862e+01
1.732700000000000173e+01,2.796999930999999862e+01
1.738700000000000401e+01,2.796999930999999862e+01
1.738899999999999935e+01,2.796999930999999862e+01
1.739000000000000412e+01,2.796999930999999862e+01
1.745400000000000418e+01,2.796999930999999862e+01
1.745599999999999952e+01,2.796999930999999862e+01
1.745700000000000429e+01,2.796999930999999862e+01
1.745800000000000196e+01,2.796999930999999862e+01
1.751999999999999957e+01,2.796999930999999862e+01
1.752299999999999969e+01,2.796999930999999862e+01
1.752400000000000446e+01,2.796999930999999862e+01
1.752800000000000225e+01,2.796999930999999862e+01
1.758699999999999974e+01,2.796999930999999862e+01
1.758999999999999986e+01,2.796999930999999862e+01
1.759200000000000230e+01,2.796999930999999862e+01
1.765800000000000480e+01,2.796999930999999862e+01
1.766000000000000014e+01,2.796999930999999862e+01
1.766100000000000492e+01,2.796999930999999862e+01
1.772100000000000009e+01,2.796999930999999862e+01
1.772300000000000253e+01,2.796999930999999862e+01
1.772400000000000020e+01,2.796999930999999862e+01
1.778800000000000026e+01,2.796999930999999862e+01
1.778900000000000503e+01,2.796999930999999862e+01
1.779000000000000270e+01,2.796999930999999862e+01
1.779000000000000270e+01,2.796999930999999862e+01
1.782600000000000406e+01,2.796999930999999862e+01
1.782900000000000418e+01,2.745000076000000178e+01
1.785100000000000264e+01,2.745000076000000178e+01
1.791700000000000514e+01,2.745000076000000178e+01
1.791999999999999815e+01,2.745000076000000178e+01
1.792100000000000293e+01,2.745000076000000178e+01
1.793799999999999883e+01,2.745000076000000178e+01
1.798200000000000287e+01,2.745000076000000178e+01
1.798399999999999821e+01,2.745000076000000178e+01
1.804600000000000293e+01,2.745000076000000178e+01
1.804700000000000060e+01,2.745000076000000178e+01
1.804799999999999827e+01,2.745000076000000178e+01
1.804799999999999827e+01,2.745000076000000178e+01
1.811600000000000321e+01,2.745000076000000178e+01
1.811900000000000333e+01,2.745000076000000178e+01
1.812000000000000099e+01,2.745000076000000178e+01
1.813800000000000168e+01,2.745000076000000178e+01
1.818300000000000338e+01,2.745000076000000178e+01
1.818700000000000117e+01,2.745000076000000178e+01
1.825199999999999889e+01,2.745000076000000178e+01
1.825400000000000134e+01,2.745000076000000178e+01
1.825600000000000378e+01,2.745000076000000178e+01
1.825700000000000145e+01,2.745000076000000178e+01
1.831700000000000372e+01,2.745000076000000178e+01
1.832000000000000384e+01,2.745000076000000178e+01
1.832100000000000151e+01,2.745000076000000178e+01
1.834100000000000463e+01,2.745000076000000178e+01
1.834299999999999997e+01,2.745000076000000178e+01
1.838299999999999912e+01,2.745000076000000178e+01
1.838500000000000156e+01,2.745000076000000178e+01
1.844800000000000395e+01,2.745000076000000178e+01
1.845100000000000406e+01,2.745000076000000178e+01
1.845299999999999940e+01,2.745000076000000178e+01
1.851600000000000179e+01,2.745000076000000178e+01
1.851900000000000190e+01,2.745000076000000178e+01
1.851999999999999957e+01,2.745000076000000178e+01
1.852100000000000435e+01,2.745000076000000178e+01
1.854499999999999815e+01,2.745000076000000178e+01
1.858500000000000441e+01,2.745000076000000178e+01
1.858699999999999974e+01,2.745000076000000178e+01
1.864799999999999969e+01,2.745000076000000178e+01
1.865099999999999980e+01,2.745000076000000178e+01
1.865200000000000458e+01,2.745000076000000178e+01
1.871600000000000463e+01,2.745000076000000178e+01
1.871799999999999997e+01,2.745000076000000178e+01
1.871900000000000475e+01,2.745000076000000178e+01
1.872000000000000242e+01,2.745000076000000178e+01
1.875100000000000122e+01,2.745000076000000178e+01
1.878700000000000259e+01,2.745000076000000178e+01
1.878800000000000026e+01,2.745000076000000178e+01
1.878800000000000026e+01,2.745000076000000178e+01
1.880800000000000338e+01,2.745000076000000178e+01
1.882900000000000418e+01,2.714999961999999911e+01
1.884600000000000009e+01,2.714999961999999911e+01
1.891999999999999815e+01,2.714999961999999911e+01
1.892299999999999827e+01,2.714999961999999911e+01
1.892299999999999827e+01,2.714999961999999911e+01
1.895200000000000173e+01,2.714999961999999911e+01
1.895500000000000185e+01,2.714999961999999911e+01
1.898800000000000310e+01,2.714999961999999911e+01
1.899100000000000321e+01,2.714999961999999911e+01
1.905399999999999849e+01,2.714999961999999911e+01
1.905699999999999861e+01,2.714999961999999911e+01
1.905800000000000338e+01,2.714999961999999911e+01
1.912000000000000099e+01,2.714999961999999911e+01
1.912200000000000344e+01,2.714999961999999911e+01
1.912300000000000111e+01,2.714999961999999911e+01
1.912399999999999878e+01,2.714999961999999911e+01
1.915500000000000469e+01,2.714999961999999911e+01
1.918900000000000361e+01,2.714999961999999911e+01
1.919099999999999895e+01,2.714999961999999911e+01
1.925499999999999901e+01,2.714999961999999911e+01
1.925700000000000145e+01,2.714999961999999911e+01
1.925900000000000389e+01,2.714999961999999911e+01
1.932100000000000151e+01,2.714999961999999911e+01
1.932400000000000162e+01,2.714999961999999911e+01
1.932499999999999929e+01,2.714999961999999911e+01
1.932600000000000406e+01,2.714999961999999911e+01
1.936000000000000298e+01,2.714999961999999911e+01
1.936199999999999832e+01,2.714999961999999911e+01
1.938700000000000401e+01,2.714999961999999911e+01
1.945299999999999940e+01,2.714999961999999911e+01
1.945500000000000185e+01,2.714999961999999911e+01
1.945599999999999952e+01,2.714999961999999911e+01
1.945599999999999952e+01,2.714999961999999911e+01
1.952100000000000435e+01,2.714999961999999911e+01
1.952299999999999969e+01,2.714999961999999911e+01
1.952400000000000446e+01,2.714999961999999911e+01
1.958699999999999974e+01,2.714999961999999911e+01
1.958999999999999986e+01,2.714999961999999911e+01
1.959200000000000230e+01,2.714999961999999911e+01
1.965800000000000480e+01,2.714999961999999911e+01
1.966100000000000492e+01,2.714999961999999911e+01
1.966400000000000503e+01,2.714999961999999911e+01
1.966400000000000503e+01,2.714999961999999911e+01
1.972100000000000009e+01,2.714999961999999911e+01
1.972400000000000020e+01,2.714999961999999911e+01
1.972500000000000497e+01,2.714999961999999911e+01
1.976800000000000423e+01,2.714999961999999911e+01
1.976900000000000190e+01,2.714999961999999911e+01
1.976999999999999957e+01,2.714999961999999911e+01
1.978800000000000026e+01,2.714999961999999911e+01
1.981200000000000117e+01,2.714999961999999911e+01
1.983300000000000196e+01,2.668000031000000050e+01
1.984500000000000242e+01,2.668000031000000050e+01
1.986300000000000310e+01,2.668000031000000050e+01
1.992400000000000304e+01,2.668000031000000050e+01
1.992599999999999838e+01,2.668000031000000050e+01
1.992800000000000082e+01,2.668000031000000050e+01
1.999299999999999855e+01,2.668000031000000050e+01
1.999599999999999866e+01,2.668000031000000050e+01
1.999599999999999866e+01,2.668000031000000050e+01
2.005699999999999861e+01,2.668000031000000050e+01
2.005999999999999872e+01,2.668000031000000050e+01
2.006100000000000350e+01,2.668000031000000050e+01
2.012600000000000122e+01,2.668000031000000050e+01
2.012800000000000367e+01,2.668000031000000050e+01
2.012900000000000134e+01,2.668000031000000050e+01
2.013200000000000145e+01,2.668000031000000050e+01
2.017899999999999849e+01,2.668000031000000050e+01
2.018199999999999861e+01,2.668000031000000050e+01
2.018400000000000105e+01,2.668000031000000050e+01
2.026099999999999923e+01,2.668000031000000050e+01
2.026500000000000412e+01,2.668000031000000050e+01
2.026500000000000412e+01,2.668000031000000050e+01
2.026699999999999946e+01,2.668000031000000050e+01
2.032499999999999929e+01,2.668000031000000050e+01
2.032799999999999940e+01,2.668000031000000050e+01
2.032900000000000418e+01,2.668000031000000050e+01
2.037699999999999889e+01,2.668000031000000050e+01
2.038100000000000378e+01,2.668000031000000050e+01
2.038100000000000378e+01,2.668000031000000050e+01
2.039199999999999946e+01,2.668000031000000050e+01
2.046000000000000441e+01,2.668000031000000050e+01
2.046400000000000219e+01,2.668000031000000050e+01
2.046499999999999986e+01,2.668000031000000050e+01
2.052400000000000446e+01,2.668000031000000050e+01
2.052599999999999980e+01,2.668000031000000050e+01
2.052700000000000458e+01,2.668000031000000050e+01
2.058300000000000196e+01,2.668000031000000050e+01
2.058500000000000441e+01,2.668000031000000050e+01
2.058600000000000207e+01,2.668000031000000050e+01
2.059200000000000230e+01,2.668000031000000050e+01
2.065800000000000480e+01,2.668000031000000050e+01
2.066100000000000492e+01,2.668000031000000050e+01
2.066200000000000259e+01,2.668000031000000050e+01
2.072700000000000031e+01,2.668000031000000050e+01
2.072900000000000276e+01,2.668000031000000050e+01
2.073000000000000043e+01,2.668000031000000050e+01
2.073099999999999810e+01,2.668000031000000050e+01
2.078200000000000003e+01,2.668000031000000050e+01
2.078300000000000480e+01,2.668000031000000050e+01
2.078300000000000480e+01,2.668000031000000050e+01
2.080099999999999838e+01,2.668000031000000050e+01
2.082400000000000162e+01,2.629000092000000066e+01
2.083800000000000452e+01,2.629000092000000066e+01
2.091600000000000037e+01,2.629000092000000066e+01
2.091900000000000048e+01,2.629000092000000066e+01
2.091999999999999815e+01,2.629000092000000066e+01
2.098200000000000287e+01,2.629000092000000066e+01
2.098500000000000298e+01,2.629000092000000066e+01
2.098500000000000298e+01,2.629000092000000066e+01
2.098600000000000065e+01,2.629000092000000066e+01
2.104799999999999827e+01,2.629000092000000066e+01
2.105099999999999838e+01,2.629000092000000066e+01
2.105099999999999838e+01,2.629000092000000066e+01
2.111600000000000321e+01,2.629000092000000066e+01
2.111799999999999855e+01,2.629000092000000066e+01
2.111900000000000333e+01,2.629000092000000066e+01
2.112000000000000099e+01,2.629000092000000066e+01
2.118400000000000105e+01,2.629000092000000066e+01
2.118700000000000117e+01,2.629000092000000066e+01
2.118799999999999883e+01,2.629000092000000066e+01
2.125400000000000134e+01,2.629000092000000066e+01
2.125600000000000378e+01,2.629000092000000066e+01
2.125700000000000145e+01,2.629000092000000066e+01
2.125799999999999912e+01,2.629000092000000066e+01
2.131899999999999906e+01,2.629000092000000066e+01
2.132100000000000151e+01,2.629000092000000066e+01
2.132300000000000395e+01,2.629000092000000066e+01
2.138500000000000156e+01,2.629000092000000066e+01
2.138800000000000168e+01,2.629000092000000066e+01
2.138899999999999935e+01,2.629000092000000066e+01
2.139600000000000435e+01,2.629000092000000066e+01
2.144999999999999929e+01,2.629000092000000066e+01
2.145200000000000173e+01,2.629000092000000066e+01
2.145400000000000418e+01,2.629000092000000066e+01
2.151699999999999946e+01,2.629000092000000066e+01
2.151900000000000190e+01,2.629000092000000066e+01
2.151999999999999957e+01,2.629000092000000066e+01
2.158500000000000441e+01,2.629000092000000066e+01
2.158600000000000207e+01,2.629000092000000066e+01
2.158600000000000207e+01,2.629000092000000066e+01
2.158699999999999974e+01,2.629000092000000066e+01
2.164900000000000446e+01,2.629000092000000066e+01
2.165099999999999980e+01,2.629000092000000066e+01
2.165099999999999980e+01,2.629000092000000066e+01
2.171799999999999997e+01,2.629000092000000066e+01
2.172000000000000242e+01,2.629000092000000066e+01
2.172100000000000009e+01,2.629000092000000066e+01
2.178900000000000503e+01,2.629000092000000066e+01
2.179100000000000037e+01,2.629000092000000066e+01
2.179100000000000037e+01,2.629000092000000066e+01
2.179100000000000037e+01,2.629000092000000066e+01
2.179900000000000304e+01,2.629000092000000066e+01
2.183099999999999952e+01,2.629000092000000066e+01
2.183699999999999974e+01,2.587000083999999944e+01
2.185700000000000287e+01,2.587000083999999944e+01
2.192200000000000060e+01,2.587000083999999944e+01
2.192500000000000071e+01,2.587000083999999944e+01
2.192599999999999838e+01,2.587000083999999944e+01
2.198800000000000310e+01,2.587000083999999944e+01
2.198999999999999844e+01,2.587000083999999944e+01
2.199200000000000088e+01,2.587000083999999944e+01
2.200300000000000367e+01,2.587000083999999944e+01
2.205399999999999849e+01,2.587000083999999944e+01
2.205600000000000094e+01,2.587000083999999944e+01
2.205699999999999861e+01,2.587000083999999944e+01
2.212200000000000344e+01,2.587000083999999944e+01
2.212399999999999878e+01,2.587000083999999944e+01
2.212500000000000355e+01,2.587000083999999944e+01
2.219300000000000139e+01,2.587000083999999944e+01
2.219500000000000384e+01,2.587000083999999944e+01
2.219699999999999918e+01,2.587000083999999944e+01
2.219800000000000395e+01,2.587000083999999944e+01
2.226099999999999923e+01,2.587000083999999944e+01
2.226300000000000168e+01,2.587000083999999944e+01
2.226399999999999935e+01,2.587000083999999944e+01
2.232199999999999918e+01,2.587000083999999944e+01
2.232400000000000162e+01,2.587000083999999944e+01
2.232600000000000406e+01,2.587000083999999944e+01
2.238800000000000168e+01,2.587000083999999944e+01
2.239100000000000179e+01,2.587000083999999944e+01
2.239300000000000423e+01,2.587000083999999944e+01
2.239400000000000190e+01,2.587000083999999944e+01
2.241000000000000014e+01,2.587000083999999944e+01
2.245500000000000185e+01,2.587000083999999944e+01
2.245800000000000196e+01,2.587000083999999944e+01
2.252400000000000446e+01,2.587000083999999944e+01
2.252700000000000458e+01,2.587000083999999944e+01
2.252800000000000225e+01,2.587000083999999944e+01
2.252899999999999991e+01,2.587000083999999944e+01
2.259600000000000009e+01,2.587000083999999944e+01
2.259900000000000020e+01,2.587000083999999944e+01
2.260000000000000497e+01,2.587000083999999944e+01
2.261300000000000310e+01,2.587000083999999944e+01
2.265700000000000003e+01,2.587000083999999944e+01
2.266000000000000014e+01,2.587000083999999944e+01
2.272200000000000486e+01,2.587000083999999944e+01
2.272500000000000497e+01,2.587000083999999944e+01
2.272600000000000264e+01,2.587000083999999944e+01
2.272700000000000031e+01,2.587000083999999944e+01
2.278300000000000480e+01,2.587000083999999944e+01
2.278400000000000247e+01,2.587000083999999944e+01
2.278500000000000014e+01,2.587000083999999944e+01
2.279200000000000514e+01,2.587000083999999944e+01
2.281599999999999895e+01,2.587000083999999944e+01
2.283500000000000441e+01,2.530999947000000105e+01
2.285300000000000509e+01,2.530999947000000105e+01
2.292400000000000304e+01,2.530999947000000105e+01
2.292700000000000315e+01,2.530999947000000105e+01
2.292899999999999849e+01,2.530999947000000105e+01
2.299299999999999855e+01,2.530999947000000105e+01
2.299700000000000344e+01,2.530999947000000105e+01
2.299700000000000344e+01,2.530999947000000105e+01
2.299800000000000111e+01,2.530999947000000105e+01
2.302100000000000435e+01,2.530999947000000105e+01
2.305800000000000338e+01,2.530999947000000105e+01
2.305999999999999872e+01,2.530999947000000105e+01
2.312300000000000111e+01,2.530999947000000105e+01
2.312500000000000355e+01,2.530999947000000105e+01
2.312699999999999889e+01,2.530999947000000105e+01
2.319399999999999906e+01,2.530999947000000105e+01
2.319600000000000151e+01,2.530999947000000105e+01
2.319800000000000395e+01,2.530999947000000105e+01
2.319900000000000162e+01,2.530999947000000105e+01
2.322400000000000020e+01,2.530999947000000105e+01
2.325799999999999912e+01,2.530999947000000105e+01
2.326099999999999923e+01,2.530999947000000105e+01
2.332499999999999929e+01,2.530999947000000105e+01
2.332799999999999940e+01,2.530999947000000105e+01
2.332900000000000418e+01,2.530999947000000105e+01
2.333000000000000185e+01,2.530999947000000105e+01
2.339100000000000179e+01,2.530999947000000105e+01
2.339400000000000190e+01,2.530999947000000105e+01
2.339499999999999957e+01,2.530999947000000105e+01
2.343000000000000327e+01,2.530999947000000105e+01
2.343199999999999861e+01,2.530999947000000105e+01
2.345800000000000196e+01,2.530999947000000105e+01
2.352299999999999969e+01,2.530999947000000105e+01
2.352500000000000213e+01,2.530999947000000105e+01
2.352599999999999980e+01,2.530999947000000105e+01
2.352700000000000458e+01,2.530999947000000105e+01
2.359299999999999997e+01,2.530999947000000105e+01
2.359500000000000242e+01,2.530999947000000105e+01
2.359600000000000009e+01,2.530999947000000105e+01
2.363500000000000156e+01,2.530999947000000105e+01
2.363800000000000168e+01,2.530999947000000105e+01
2.363899999999999935e+01,2.530999947000000105e+01
2.365500000000000469e+01,2.530999947000000105e+01
2.372500000000000497e+01,2.530999947000000105e+01
2.372700000000000031e+01,2.530999947000000105e+01
2.372800000000000509e+01,2.530999947000000105e+01
2.378300000000000480e+01,2.530999947000000105e+01
2.378400000000000247e+01,2.530999947000000105e+01
2.378400000000000247e+01,2.530999947000000105e+01
2.379400000000000048e+01,2.530999947000000105e+01
2.382400000000000162e+01,2.530999947000000105e+01
2.383699999999999974e+01,2.501000022999999928e+01
2.385100000000000264e+01,2.501000022999999928e+01
2.391999999999999815e+01,2.501000022999999928e+01
2.392200000000000060e+01,2.501000022999999928e+01
2.392299999999999827e+01,2.501000022999999928e+01
2.398699999999999832e+01,2.501000022999999928e+01
2.398900000000000077e+01,2.501000022999999928e+01
2.398999999999999844e+01,2.501000022999999928e+01
2.399100000000000321e+01,2.501000022999999928e+01
2.404400000000000048e+01,2.501000022999999928e+01
2.404700000000000060e+01,2.501000022999999928e+01
2.405500000000000327e+01,2.501000022999999928e+01
2.411900000000000333e+01,2.501000022999999928e+01
2.412099999999999866e+01,2.501000022999999928e+01
2.412200000000000344e+01,2.501000022999999928e+01
2.419200000000000372e+01,2.501000022999999928e+01
2.419399999999999906e+01,2.501000022999999928e+01
2.419600000000000151e+01,2.501000022999999928e+01
2.419699999999999918e+01,2.501000022999999928e+01
2.424100000000000321e+01,2.501000022999999928e+01
2.424200000000000088e+01,2.501000022999999928e+01
2.424299999999999855e+01,2.501000022999999928e+01
2.432100000000000151e+01,2.501000022999999928e+01
2.432400000000000162e+01,2.501000022999999928e+01
2.432499999999999929e+01,2.501000022999999928e+01
2.432600000000000406e+01,2.501000022999999928e+01
2.438700000000000401e+01,2.501000022999999928e+01
2.439000000000000412e+01,2.501000022999999928e+01
2.439300000000000423e+01,2.501000022999999928e+01
2.444699999999999918e+01,2.501000022999999928e+01
2.444900000000000162e+01,2.501000022999999928e+01
2.444900000000000162e+01,2.501000022999999928e+01
2.451999999999999957e+01,2.501000022999999928e+01
2.452299999999999969e+01,2.501000022999999928e+01
2.452400000000000446e+01,2.501000022999999928e+01
2.452500000000000213e+01,2.501000022999999928e+01
2.458900000000000219e+01,2.501000022999999928e+01
2.459100000000000463e+01,2.501000022999999928e+01
2.459200000000000230e+01,2.501000022999999928e+01
2.465000000000000213e+01,2.501000022999999928e+01
2.465300000000000225e+01,2.501000022999999928e+01
2.465399999999999991e+01,2.501000022999999928e+01
2.465500000000000469e+01,2.501000022999999928e+01
2.471799999999999997e+01,2.501000022999999928e+01
2.472000000000000242e+01,2.501000022999999928e+01
2.472000000000000242e+01,2.501000022999999928e+01
2.478700000000000259e+01,2.501000022999999928e+01
2.478800000000000026e+01,2.501000022999999928e+01
2.478800000000000026e+01,2.501000022999999928e+01
2.478800000000000026e+01,2.501000022999999928e+01
2.481500000000000128e+01,2.501000022999999928e+01
2.483500000000000441e+01,2.456999968999999950e+01
2.484400000000000475e+01,2.456999968999999950e+01
2.486400000000000077e+01,2.456999968999999950e+01
2.493100000000000094e+01,2.456999968999999950e+01
2.493499999999999872e+01,2.456999968999999950e+01
2.493600000000000350e+01,2.456999968999999950e+01
2.499700000000000344e+01,2.456999968999999950e+01
2.499899999999999878e+01,2.456999968999999950e+01
2.500100000000000122e+01,2.456999968999999950e+01
2.505900000000000105e+01,2.456999968999999950e+01
2.506200000000000117e+01,2.456999968999999950e+01
2.506400000000000361e+01,2.456999968999999950e+01
2.506500000000000128e+01,2.456999968999999950e+01
2.512999999999999901e+01,2.456999968999999950e+01
2.513400000000000389e+01,2.456999968999999950e+01
2.513500000000000156e+01,2.456999968999999950e+01
2.519500000000000384e+01,2.456999968999999950e+01
2.519699999999999918e+01,2.456999968999999950e+01
2.519699999999999918e+01,2.456999968999999950e+01
2.526099999999999923e+01,2.456999968999999950e+01
2.526399999999999935e+01,2.456999968999999950e+01
2.526500000000000412e+01,2.456999968999999950e+01
2.526600000000000179e+01,2.456999968999999950e+01
2.533000000000000185e+01,2.456999968999999950e+01
2.533300000000000196e+01,2.456999968999999950e+01
2.533399999999999963e+01,2.456999968999999950e+01
2.539700000000000202e+01,2.456999968999999950e+01
2.539900000000000446e+01,2.456999968999999950e+01
2.540000000000000213e+01,2.456999968999999950e+01
2.540099999999999980e+01,2.456999968999999950e+01
2.546499999999999986e+01,2.456999968999999950e+01
2.546700000000000230e+01,2.456999968999999950e+01
2.546900000000000475e+01,2.456999968999999950e+01
2.553300000000000480e+01,2.456999968999999950e+01
2.553600000000000492e+01,2.456999968999999950e+01
2.553700000000000259e+01,2.456999968999999950e+01
2.553900000000000503e+01,2.456999968999999950e+01
2.559900000000000020e+01,2.456999968999999950e+01
2.560200000000000031e+01,2.456999968999999950e+01
2.560300000000000509e+01,2.456999968999999950e+01
2.566400000000000503e+01,2.456999968999999950e+01
2.566700000000000514e+01,2.456999968999999950e+01
2.566900000000000048e+01,2.456999968999999950e+01
2.573000000000000043e+01,2.456999968999999950e+01
2.573399999999999821e+01,2.456999968999999950e+01
2.573500000000000298e+01,2.456999968999999950e+01
2.573600000000000065e+01,2.456999968999999950e+01
2.578600000000000492e+01,2.456999968999999950e+01
2.578700000000000259e+01,2.456999968999999950e+01
2.578700000000000259e+01,2.456999968999999950e+01
2.581100000000000350e+01,2.456999968999999950e+01
2.583200000000000429e+01,2.417000008000000122e+01
2.583999999999999986e+01,2.417000008000000122e+01
2.586100000000000065e+01,2.417000008000000122e+01
2.592299999999999827e+01,2.417000008000000122e+01
2.592500000000000071e+01,2.417000008000000122e+01
2.592700000000000315e+01,2.417000008000000122e+01
2.599100000000000321e+01,2.417000008000000122e+01
2.599500000000000099e+01,2.417000008000000122e+01
2.599599999999999866e+01,2.417000008000000122e+01
2.605800000000000338e+01,2.417000008000000122e+01
2.606200000000000117e+01,2.417000008000000122e+01
2.606299999999999883e+01,2.417000008000000122e+01
2.606400000000000361e+01,2.417000008000000122e+01
2.612600000000000122e+01,2.417000008000000122e+01
2.612900000000000134e+01,2.417000008000000122e+01
2.612999999999999901e+01,2.417000008000000122e+01
2.619099999999999895e+01,2.417000008000000122e+01
2.619300000000000139e+01,2.417000008000000122e+01
2.619500000000000384e+01,2.417000008000000122e+01
2.625700000000000145e+01,2.417000008000000122e+01
2.626099999999999923e+01,2.417000008000000122e+01
2.626300000000000168e+01,2.417000008000000122e+01
2.626399999999999935e+01,2.417000008000000122e+01
2.627599999999999980e+01,2.417000008000000122e+01
2.632600000000000406e+01,2.417000008000000122e+01
2.632900000000000418e+01,2.417000008000000122e+01
2.639199999999999946e+01,2.417000008000000122e+01
2.639499999999999957e+01,2.417000008000000122e+01
2.639600000000000435e+01,2.417000008000000122e+01
2.639700000000000202e+01,2.417000008000000122e+01
2.646100000000000207e+01,2.417000008000000122e+01
2.646300000000000452e+01,2.417000008000000122e+01
2.646400000000000219e+01,2.417000008000000122e+01
2.647900000000000276e+01,2.417000008000000122e+01
2.652400000000000446e+01,2.417000008000000122e+01
2.652700000000000458e+01,2.417000008000000122e+01
2.659500000000000242e+01,2.417000008000000122e+01
2.659800000000000253e+01,2.417000008000000122e+01
2.659900000000000020e+01,2.417000008000000122e+01
2.659900000000000020e+01,2.417000008000000122e+01
2.666100000000000492e+01,2.417000008000000122e+01
2.666300000000000026e+01,2.417000008000000122e+01
2.666400000000000503e+01,2.417000008000000122e+01
2.668400000000000105e+01,2.417000008000000122e+01
2.668600000000000350e+01,2.417000008000000122e+01
2.672500000000000497e+01,2.417000008000000122e+01
2.672600000000000264e+01,2.417000008000000122e+01
2.679100000000000037e+01,2.417000008000000122e+01
2.679200000000000514e+01,2.417000008000000122e+01
2.679300000000000281e+01,2.417000008000000122e+01
2.680000000000000071e+01,2.417000008000000122e+01
2.682900000000000418e+01,2.417000008000000122e+01
2.683699999999999974e+01,2.370000076000000178e+01
2.685899999999999821e+01,2.370000076000000178e+01
2.688599999999999923e+01,2.370000076000000178e+01
2.691999999999999815e+01,2.370000076000000178e+01
2.692200000000000060e+01,2.370000076000000178e+01
2.698999999999999844e+01,2.370000076000000178e+01
2.699599999999999866e+01,2.370000076000000178e+01
2.699700000000000344e+01,2.370000076000000178e+01
2.705399999999999849e+01,2.370000076000000178e+01
2.705600000000000094e+01,2.370000076000000178e+01
2.705699999999999861e+01,2.370000076000000178e+01
2.705800000000000338e+01,2.370000076000000178e+01
2.709500000000000242e+01,2.370000076000000178e+01
2.709700000000000486e+01,2.370000076000000178e+01
2.712000000000000099e+01,2.370000076000000178e+01
2.718900000000000361e+01,2.370000076000000178e+01
2.719200000000000372e+01,2.370000076000000178e+01
2.719399999999999906e+01,2.370000076000000178e+01
2.725499999999999901e+01,2.370000076000000178e+01
2.725799999999999912e+01,2.370000076000000178e+01
2.725900000000000389e+01,2.370000076000000178e+01
2.726000000000000156e+01,2.370000076000000178e+01
2.729499999999999815e+01,2.370000076000000178e+01
2.729799999999999827e+01,2.370000076000000178e+01
2.732000000000000384e+01,2.370000076000000178e+01
2.738899999999999935e+01,2.370000076000000178e+01
2.739100000000000179e+01,2.370000076000000178e+01
2.739300000000000423e+01,2.370000076000000178e+01
2.739499999999999957e+01,2.370000076000000178e+01
2.745500000000000185e+01,2.370000076000000178e+01
2.745700000000000429e+01,2.370000076000000178e+01
2.745899999999999963e+01,2.370000076000000178e+01
2.750000000000000355e+01,2.370000076000000178e+01
2.750300000000000367e+01,2.370000076000000178e+01
2.751900000000000190e+01,2.370000076000000178e+01
2.759200000000000230e+01,2.370000076000000178e+01
2.759600000000000009e+01,2.370000076000000178e+01
2.759600000000000009e+01,2.370000076000000178e+01
2.759800000000000253e+01,2.370000076000000178e+01
2.765500000000000469e+01,2.370000076000000178e+01
2.765800000000000480e+01,2.370000076000000178e+01
2.766000000000000014e+01,2.370000076000000178e+01
2.770100000000000406e+01,2.370000076000000178e+01
2.770299999999999940e+01,2.370000076000000178e+01
2.770400000000000418e+01,2.370000076000000178e+01
2.771900000000000475e+01,2.370000076000000178e+01
2.778300000000000480e+01,2.370000076000000178e+01
2.778400000000000247e+01,2.370000076000000178e+01
2.778400000000000247e+01,2.370000076000000178e+01
2.780000000000000071e+01,2.370000076000000178e+01
2.782400000000000162e+01,2.337999916000000056e+01
2.783399999999999963e+01,2.337999916000000056e+01
2.785400000000000276e+01,2.337999916000000056e+01
2.790200000000000458e+01,2.337999916000000056e+01
2.790399999999999991e+01,2.337999916000000056e+01
2.791800000000000281e+01,2.337999916000000056e+01
2.798699999999999832e+01,2.337999916000000056e+01
2.798900000000000077e+01,2.337999916000000056e+01
2.798999999999999844e+01,2.337999916000000056e+01
2.805500000000000327e+01,2.337999916000000056e+01
2.805699999999999861e+01,2.337999916000000056e+01
2.805800000000000338e+01,2.337999916000000056e+01
2.805999999999999872e+01,2.337999916000000056e+01
2.810899999999999821e+01,2.337999916000000056e+01
2.811100000000000065e+01,2.337999916000000056e+01
2.811799999999999855e+01,2.337999916000000056e+01
2.818700000000000117e+01,2.337999916000000056e+01
2.819000000000000128e+01,2.337999916000000056e+01
2.819099999999999895e+01,2.337999916000000056e+01
2.825100000000000122e+01,2.337999916000000056e+01
2.825400000000000134e+01,2.337999916000000056e+01
2.825499999999999901e+01,2.337999916000000056e+01
2.825600000000000378e+01,2.337999916000000056e+01
2.831299999999999883e+01,2.337999916000000056e+01
2.831500000000000128e+01,2.337999916000000056e+01
2.831700000000000372e+01,2.337999916000000056e+01
2.838700000000000401e+01,2.337999916000000056e+01
2.838899999999999935e+01,2.337999916000000056e+01
2.839000000000000412e+01,2.337999916000000056e+01
2.839100000000000179e+01,2.337999916000000056e+01
2.845299999999999940e+01,2.337999916000000056e+01
2.845500000000000185e+01,2.337999916000000056e+01
2.845599999999999952e+01,2.337999916000000056e+01
2.851500000000000412e+01,2.337999916000000056e+01
2.851800000000000423e+01,2.337999916000000056e+01
2.851900000000000190e+01,2.337999916000000056e+01
2.858999999999999986e+01,2.337999916000000056e+01
2.859299999999999997e+01,2.337999916000000056e+01
2.859400000000000475e+01,2.337999916000000056e+01
2.859500000000000242e+01,2.337999916000000056e+01
2.865200000000000458e+01,2.337999916000000056e+01
2.865399999999999991e+01,2.337999916000000056e+01
2.865500000000000469e+01,2.337999916000000056e+01
2.871799999999999997e+01,2.337999916000000056e+01
2.872100000000000009e+01,2.337999916000000056e+01
2.872200000000000486e+01,2.337999916000000056e+01
2.872300000000000253e+01,2.337999916000000056e+01
2.878400000000000247e+01,2.337999916000000056e+01
2.878500000000000014e+01,2.337999916000000056e+01
2.878500000000000014e+01,2.337999916000000056e+01
2.879400000000000048e+01,2.337999916000000056e+01
2.882499999999999929e+01,2.337999916000000056e+01
2.883200000000000429e+01,2.294000052999999895e+01
2.885400000000000276e+01,2.294000052999999895e+01
2.891800000000000281e+01,2.294000052999999895e+01
2.891999999999999815e+01,2.294000052999999895e+01
2.892100000000000293e+01,2.294000052999999895e+01
2.898600000000000065e+01,2.294000052999999895e+01
2.898900000000000077e+01,2.294000052999999895e+01
2.898999999999999844e+01,2.294000052999999895e+01
2.905099999999999838e+01,2.294000052999999895e+01
2.905300000000000082e+01,2.294000052999999895e+01
2.905399999999999849e+01,2.294000052999999895e+01
2.905500000000000327e+01,2.294000052999999895e+01
2.911799999999999855e+01,2.294000052999999895e+01
2.912099999999999866e+01,2.294000052999999895e+01
2.912300000000000111e+01,2.294000052999999895e+01
2.918600000000000350e+01,2.294000052999999895e+01
2.918799999999999883e+01,2.294000052999999895e+01
2.918900000000000361e+01,2.294000052999999895e+01
2.919000000000000128e+01,2.294000052999999895e+01
2.924899999999999878e+01,2.294000052999999895e+01
2.925100000000000122e+01,2.294000052999999895e+01
2.925300000000000367e+01,2.294000052999999895e+01
2.931700000000000372e+01,2.294000052999999895e+01
2.932100000000000151e+01,2.294000052999999895e+01
2.932300000000000395e+01,2.294000052999999895e+01
2.932799999999999940e+01,2.294000052999999895e+01
2.938599999999999923e+01,2.294000052999999895e+01
2.938800000000000168e+01,2.294000052999999895e+01
2.938899999999999935e+01,2.294000052999999895e+01
2.945100000000000406e+01,2.294000052999999895e+01
2.945400000000000418e+01,2.294000052999999895e+01
2.945500000000000185e+01,2.294000052999999895e+01
2.951800000000000423e+01,2.294000052999999895e+01
2.951999999999999957e+01,2.294000052999999895e+01
2.952200000000000202e+01,2.294000052999999895e+01
2.952299999999999969e+01,2.294000052999999895e+01
2.958399999999999963e+01,2.294000052999999895e+01
2.958600000000000207e+01,2.294000052999999895e+01
2.958800000000000452e+01,2.294000052999999895e+01
2.965099999999999980e+01,2.294000052999999895e+01
2.965500000000000469e+01,2.294000052999999895e+01
2.965600000000000236e+01,2.294000052999999895e+01
2.971600000000000463e+01,2.294000052999999895e+01
2.971900000000000475e+01,2.294000052999999895e+01
2.971900000000000475e+01,2.294000052999999895e+01
2.972000000000000242e+01,2.294000052999999895e+01
2.973500000000000298e+01,2.294000052999999895e+01
2.978500000000000014e+01,2.294000052999999895e+01
2.978600000000000492e+01,2.294000052999999895e+01
2.979700000000000060e+01,2.294000052999999895e+01
2.981200000000000117e+01,2.294000052999999895e+01
2.983300000000000196e+01,2.238999938999999983e+01
2.984900000000000020e+01,2.238999938999999983e+01
2.993300000000000338e+01,2.238999938999999983e+01
2.993600000000000350e+01,2.238999938999999983e+01
2.993700000000000117e+01,2.238999938999999983e+01
2.993799999999999883e+01,2.238999938999999983e+01
2.999500000000000099e+01,2.238999938999999983e+01
2.999700000000000344e+01,2.238999938999999983e+01
2.999800000000000111e+01,2.238999938999999983e+01
3.006200000000000117e+01,2.238999938999999983e+01
3.006500000000000128e+01,2.238999938999999983e+01
3.006599999999999895e+01,2.238999938999999983e+01
3.012800000000000367e+01,2.238999938999999983e+01
3.013100000000000378e+01,2.238999938999999983e+01
3.013100000000000378e+01,2.238999938999999983e+01
3.013299999999999912e+01,2.238999938999999983e+01
3.014199999999999946e+01,2.238999938999999983e+01
3.019399999999999906e+01,2.238999938999999983e+01
3.019600000000000151e+01,2.238999938999999983e+01
3.026300000000000168e+01,2.238999938999999983e+01
3.026600000000000179e+01,2.238999938999999983e+01
3.026600000000000179e+01,2.238999938999999983e+01
3.026699999999999946e+01,2.238999938999999983e+01
3.032799999999999940e+01,2.238999938999999983e+01
3.033000000000000185e+01,2.238999938999999983e+01
3.033200000000000429e+01,2.238999938999999983e+01
3.034600000000000009e+01,2.238999938999999983e+01
3.039700000000000202e+01,2.238999938999999983e+01
3.040000000000000213e+01,2.238999938999999983e+01
3.040099999999999980e+01,2.238999938999999983e+01
3.046499999999999986e+01,2.238999938999999983e+01
3.046799999999999997e+01,2.238999938999999983e+01
3.047000000000000242e+01,2.238999938999999983e+01
3.052899999999999991e+01,2.238999938999999983e+01
3.053100000000000236e+01,2.238999938999999983e+01
3.053200000000000003e+01,2.238999938999999983e+01
3.055099999999999838e+01,2.238999938999999983e+01
3.059400000000000475e+01,2.238999938999999983e+01
3.059600000000000009e+01,2.238999938999999983e+01
3.059700000000000486e+01,2.238999938999999983e+01
3.066100000000000492e+01,2.238999938999999983e+01
3.066400000000000503e+01,2.238999938999999983e+01
3.066500000000000270e+01,2.238999938999999983e+01
3.072800000000000509e+01,2.238999938999999983e+01
3.073099999999999810e+01,2.238999938999999983e+01
3.073300000000000054e+01,2.238999938999999983e+01
3.073399999999999821e+01,2.238999938999999983e+01
3.076300000000000168e+01,2.238999938999999983e+01
3.079499999999999815e+01,2.238999938999999983e+01
3.079600000000000293e+01,2.238999938999999983e+01
3.080800000000000338e+01,2.238999938999999983e+01
3.082600000000000406e+01,2.238999938999999983e+01
3.084600000000000009e+01,2.210000038000000089e+01
3.086199999999999832e+01,2.210000038000000089e+01
3.094000000000000128e+01,2.210000038000000089e+01
3.094399999999999906e+01,2.210000038000000089e+01
3.094500000000000384e+01,2.210000038000000089e+01
3.096199999999999974e+01,2.210000038000000089e+01
3.100600000000000378e+01,2.210000038000000089e+01
3.100799999999999912e+01,2.210000038000000089e+01
3.100900000000000389e+01,2.210000038000000089e+01
3.107300000000000395e+01,2.210000038000000089e+01
3.107600000000000406e+01,2.210000038000000089e+01
3.107700000000000173e+01,2.210000038000000089e+01
3.114000000000000412e+01,2.210000038000000089e+01
3.114300000000000423e+01,2.210000038000000089e+01
3.114400000000000190e+01,2.210000038000000089e+01
3.114600000000000435e+01,2.210000038000000089e+01
3.116000000000000014e+01,2.210000038000000089e+01
3.121100000000000207e+01,2.210000038000000089e+01
3.121499999999999986e+01,2.210000038000000089e+01
3.127700000000000458e+01,2.210000038000000089e+01
3.127899999999999991e+01,2.210000038000000089e+01
3.128000000000000469e+01,2.210000038000000089e+01
3.134100000000000463e+01,2.210000038000000089e+01
3.134400000000000475e+01,2.210000038000000089e+01
3.134400000000000475e+01,2.210000038000000089e+01
3.134500000000000242e+01,2.210000038000000089e+01
3.136900000000000333e+01,2.210000038000000089e+01
3.141000000000000014e+01,2.210000038000000089e+01
3.141300000000000026e+01,2.210000038000000089e+01
3.147200000000000486e+01,2.210000038000000089e+01
3.147500000000000497e+01,2.210000038000000089e+01
3.147600000000000264e+01,2.210000038000000089e+01
3.147700000000000031e+01,2.210000038000000089e+01
3.154100000000000037e+01,2.210000038000000089e+01
3.154400000000000048e+01,2.210000038000000089e+01
3.154499999999999815e+01,2.210000038000000089e+01
3.156700000000000372e+01,2.210000038000000089e+01
3.160599999999999810e+01,2.210000038000000089e+01
3.160800000000000054e+01,2.210000038000000089e+01
3.167700000000000315e+01,2.210000038000000089e+01
3.168100000000000094e+01,2.210000038000000089e+01
3.168300000000000338e+01,2.210000038000000089e+01
3.168400000000000105e+01,2.210000038000000089e+01
3.174200000000000088e+01,2.210000038000000089e+01
3.174400000000000333e+01,2.210000038000000089e+01
3.174500000000000099e+01,2.210000038000000089e+01
3.176900000000000190e+01,2.210000038000000089e+01
3.176999999999999957e+01,2.210000038000000089e+01
3.178600000000000492e+01,2.210000038000000089e+01
3.180600000000000094e+01,2.210000038000000089e+01
3.182700000000000173e+01,2.164999961999999911e+01
3.184100000000000463e+01,2.164999961999999911e+01
3.191700000000000514e+01,2.164999961999999911e+01
3.191900000000000048e+01,2.164999961999999911e+01
3.191999999999999815e+01,2.164999961999999911e+01
3.197900000000000276e+01,2.164999961999999911e+01
3.198099999999999810e+01,2.164999961999999911e+01
3.198200000000000287e+01,2.164999961999999911e+01
3.198500000000000298e+01,2.164999961999999911e+01
3.205299999999999727e+01,2.164999961999999911e+01
3.205599999999999739e+01,2.164999961999999911e+01
3.205700000000000216e+01,2.164999961999999911e+01
3.212000000000000455e+01,2.164999961999999911e+01
3.212399999999999523e+01,2.164999961999999911e+01
3.212500000000000000e+01,2.164999961999999911e+01
3.212600000000000477e+01,2.164999961999999911e+01
3.217799999999999727e+01,2.164999961999999911e+01
3.218000000000000682e+01,2.164999961999999911e+01
3.218099999999999739e+01,2.164999961999999911e+01
3.225400000000000489e+01,2.164999961999999911e+01
3.225600000000000023e+01,2.164999961999999911e+01
3.225700000000000500e+01,2.164999961999999911e+01
3.225799999999999557e+01,2.164999961999999911e+01
3.231700000000000728e+01,2.164999961999999911e+01
3.231900000000000261e+01,2.164999961999999911e+01
3.231900000000000261e+01,2.164999961999999911e+01
3.238400000000000034e+01,2.164999961999999911e+01
3.238700000000000045e+01,2.164999961999999911e+01
3.238700000000000045e+01,2.164999961999999911e+01
3.245499999999999829e+01,2.164999961999999911e+01
3.245799999999999841e+01,2.164999961999999911e+01
3.245900000000000318e+01,2.164999961999999911e+01
3.246000000000000796e+01,2.164999961999999911e+01
3.251900000000000546e+01,2.164999961999999911e+01
3.252299999999999613e+01,2.164999961999999911e+01
3.252400000000000091e+01,2.164999961999999911e+01
3.258599999999999852e+01,2.164999961999999911e+01
3.258899999999999864e+01,2.164999961999999911e+01
3.258899999999999864e+01,2.164999961999999911e+01
3.259100000000000819e+01,2.164999961999999911e+01
3.265300000000000580e+01,2.164999961999999911e+01
3.265600000000000591e+01,2.164999961999999911e+01
3.265699999999999648e+01,2.164999961999999911e+01
3.271900000000000830e+01,2.164999961999999911e+01
3.272100000000000364e+01,2.164999961999999911e+01
3.272200000000000841e+01,2.164999961999999911e+01
3.278300000000000125e+01,2.164999961999999911e+01
3.278400000000000603e+01,2.164999961999999911e+01
3.278499999999999659e+01,2.164999961999999911e+01
3.278499999999999659e+01,2.164999961999999911e+01
3.280800000000000693e+01,2.164999961999999911e+01
3.282800000000000296e+01,2.122999954000000145e+01
3.283599999999999852e+01,2.122999954000000145e+01
3.285699999999999932e+01,2.122999954000000145e+01
3.291800000000000637e+01,2.122999954000000145e+01
3.291899999999999693e+01,2.122999954000000145e+01
3.291899999999999693e+01,2.122999954000000145e+01
3.298699999999999477e+01,2.122999954000000145e+01
3.298900000000000432e+01,2.122999954000000145e+01
3.298999999999999488e+01,2.122999954000000145e+01
3.300199999999999534e+01,2.122999954000000145e+01
3.305500000000000682e+01,2.122999954000000145e+01
3.305899999999999750e+01,2.122999954000000145e+01
3.305899999999999750e+01,2.122999954000000145e+01
3.312099999999999511e+01,2.122999954000000145e+01
3.312399999999999523e+01,2.122999954000000145e+01
3.312500000000000000e+01,2.122999954000000145e+01
3.318699999999999761e+01,2.122999954000000145e+01
3.318900000000000716e+01,2.122999954000000145e+01
3.318999999999999773e+01,2.122999954000000145e+01
3.319899999999999807e+01,2.122999954000000145e+01
3.325799999999999557e+01,2.122999954000000145e+01
3.326000000000000512e+01,2.122999954000000145e+01
3.326099999999999568e+01,2.122999954000000145e+01
3.332099999999999795e+01,2.122999954000000145e+01
3.332300000000000750e+01,2.122999954000000145e+01
3.332399999999999807e+01,2.122999954000000145e+01
3.338899999999999579e+01,2.122999954000000145e+01
3.339100000000000534e+01,2.122999954000000145e+01
3.339300000000000068e+01,2.122999954000000145e+01
3.339400000000000546e+01,2.122999954000000145e+01
3.345799999999999841e+01,2.122999954000000145e+01
3.346000000000000796e+01,2.122999954000000145e+01
3.346099999999999852e+01,2.122999954000000145e+01
3.352200000000000557e+01,2.122999954000000145e+01
3.352400000000000091e+01,2.122999954000000145e+01
3.352500000000000568e+01,2.122999954000000145e+01
3.358800000000000807e+01,2.122999954000000145e+01
3.359000000000000341e+01,2.122999954000000145e+01
3.359100000000000819e+01,2.122999954000000145e+01
3.359199999999999875e+01,2.122999954000000145e+01
3.360099999999999909e+01,2.122999954000000145e+01
3.365399999999999636e+01,2.122999954000000145e+01
3.365699999999999648e+01,2.122999954000000145e+01
3.372100000000000364e+01,2.122999954000000145e+01
3.372400000000000375e+01,2.122999954000000145e+01
3.372500000000000853e+01,2.122999954000000145e+01
3.372599999999999909e+01,2.122999954000000145e+01
3.378499999999999659e+01,2.122999954000000145e+01
3.378600000000000136e+01,2.122999954000000145e+01
3.378700000000000614e+01,2.122999954000000145e+01
3.380500000000000682e+01,2.122999954000000145e+01
3.383700000000000330e+01,2.102000045999999855e+01
3.383800000000000807e+01,2.102000045999999855e+01
3.385399999999999920e+01,2.102000045999999855e+01
3.392199999999999704e+01,2.102000045999999855e+01
3.392300000000000182e+01,2.102000045999999855e+01
3.392400000000000659e+01,2.102000045999999855e+01
3.398999999999999488e+01,2.102000045999999855e+01
3.399200000000000443e+01,2.102000045999999855e+01
3.399299999999999500e+01,2.102000045999999855e+01
3.399399999999999977e+01,2.102000045999999855e+01
3.406100000000000705e+01,2.102000045999999855e+01
3.406400000000000716e+01,2.102000045999999855e+01
3.406499999999999773e+01,2.102000045999999855e+01
3.412600000000000477e+01,2.102000045999999855e+01
3.412900000000000489e+01,2.102000045999999855e+01
3.412999999999999545e+01,2.102000045999999855e+01
3.419400000000000261e+01,2.102000045999999855e+01
3.419700000000000273e+01,2.102000045999999855e+01
3.419700000000000273e+01,2.102000045999999855e+01
3.419800000000000750e+01,2.102000045999999855e+01
3.421099999999999852e+01,2.102000045999999855e+01
3.426099999999999568e+01,2.102000045999999855e+01
3.426300000000000523e+01,2.102000045999999855e+01
3.432800000000000296e+01,2.102000045999999855e+01
3.432999999999999829e+01,2.102000045999999855e+01
3.433100000000000307e+01,2.102000045999999855e+01
3.433299999999999841e+01,2.102000045999999855e+01
3.439400000000000546e+01,2.102000045999999855e+01
3.439600000000000080e+01,2.102000045999999855e+01
3.439700000000000557e+01,2.102000045999999855e+01
3.441700000000000159e+01,2.102000045999999855e+01
3.446200000000000330e+01,2.102000045999999855e+01
3.446399999999999864e+01,2.102000045999999855e+01
3.452599999999999625e+01,2.102000045999999855e+01
3.452800000000000580e+01,2.102000045999999855e+01
3.453000000000000114e+01,2.102000045999999855e+01
3.453100000000000591e+01,2.102000045999999855e+01
3.459300000000000352e+01,2.102000045999999855e+01
3.459499999999999886e+01,2.102000045999999855e+01
3.459600000000000364e+01,2.102000045999999855e+01
3.461899999999999977e+01,2.102000045999999855e+01
3.462099999999999511e+01,2.102000045999999855e+01
3.466100000000000136e+01,2.102000045999999855e+01
3.466400000000000148e+01,2.102000045999999855e+01
3.472700000000000387e+01,2.102000045999999855e+01
3.472899999999999920e+01,2.102000045999999855e+01
3.473000000000000398e+01,2.102000045999999855e+01
3.479000000000000625e+01,2.102000045999999855e+01
3.479099999999999682e+01,2.102000045999999855e+01
3.479200000000000159e+01,2.102000045999999855e+01
3.479200000000000159e+01,2.102000045999999855e+01
3.481300000000000239e+01,2.102000045999999855e+01
3.483899999999999864e+01,2.042000008000000122e+01
3.485000000000000853e+01,2.042000008000000122e+01
3.492600000000000193e+01,2.042000008000000122e+01
3.492799999999999727e+01,2.042000008000000122e+01
3.492900000000000205e+01,2.042000008000000122e+01
3.499200000000000443e+01,2.042000008000000122e+01
3.499399999999999977e+01,2.042000008000000122e+01
3.499599999999999511e+01,2.042000008000000122e+01
3.499599999999999511e+01,2.042000008000000122e+01
3.502700000000000102e+01,2.042000008000000122e+01
3.506199999999999761e+01,2.042000008000000122e+01
3.506400000000000716e+01,2.042000008000000122e+01
3.512699999999999534e+01,2.042000008000000122e+01
3.512900000000000489e+01,2.042000008000000122e+01
3.512999999999999545e+01,2.042000008000000122e+01
3.513200000000000500e+01,2.042000008000000122e+01
3.519500000000000739e+01,2.042000008000000122e+01
3.519800000000000750e+01,2.042000008000000122e+01
3.519899999999999807e+01,2.042000008000000122e+01
3.522899999999999920e+01,2.042000008000000122e+01
3.523099999999999454e+01,2.042000008000000122e+01
3.526399999999999579e+01,2.042000008000000122e+01
3.526699999999999591e+01,2.042000008000000122e+01
3.533299999999999841e+01,2.042000008000000122e+01
3.533599999999999852e+01,2.042000008000000122e+01
3.533800000000000807e+01,2.042000008000000122e+01
3.539199999999999591e+01,2.042000008000000122e+01
3.539400000000000546e+01,2.042000008000000122e+01
3.539400000000000546e+01,2.042000008000000122e+01
3.543300000000000693e+01,2.042000008000000122e+01
3.543500000000000227e+01,2.042000008000000122e+01
3.546200000000000330e+01,2.042000008000000122e+01
3.546399999999999864e+01,2.042000008000000122e+01
3.552700000000000102e+01,2.042000008000000122e+01
3.552800000000000580e+01,2.042000008000000122e+01
3.553000000000000114e+01,2.042000008000000122e+01
3.559900000000000375e+01,2.042000008000000122e+01
3.560200000000000387e+01,2.042000008000000122e+01
3.560300000000000864e+01,2.042000008000000122e+01
3.560399999999999920e+01,2.042000008000000122e+01
3.563800000000000523e+01,2.042000008000000122e+01
3.564100000000000534e+01,2.042000008000000122e+01
3.566100000000000136e+01,2.042000008000000122e+01
3.573099999999999454e+01,2.042000008000000122e+01
3.573399999999999466e+01,2.042000008000000122e+01
3.573600000000000421e+01,2.042000008000000122e+01
3.578900000000000148e+01,2.042000008000000122e+01
3.579000000000000625e+01,2.042000008000000122e+01
3.579000000000000625e+01,2.042000008000000122e+01
3.579099999999999682e+01,2.042000008000000122e+01
3.581000000000000227e+01,2.042000008000000122e+01
3.583100000000000307e+01,2.012000083999999944e+01
3.585500000000000398e+01,2.012000083999999944e+01
3.586799999999999500e+01,2.012000083999999944e+01
3.593200000000000216e+01,2.012000083999999944e+01
3.593500000000000227e+01,2.012000083999999944e+01
3.593600000000000705e+01,2.012000083999999944e+01
3.599800000000000466e+01,2.012000083999999944e+01
3.600000000000000000e+01,2.012000083999999944e+01
3.600100000000000477e+01,2.012000083999999944e+01
3.606900000000000261e+01,2.012000083999999944e+01
3.607099999999999795e+01,2.012000083999999944e+01
3.607300000000000750e+01,2.012000083999999944e+01
3.607399999999999807e+01,2.012000083999999944e+01
3.613299999999999557e+01,2.012000083999999944e+01
3.613500000000000512e+01,2.012000083999999944e+01
3.613599999999999568e+01,2.012000083999999944e+01
3.620400000000000773e+01,2.012000083999999944e+01
3.620700000000000784e+01,2.012000083999999944e+01
3.620799999999999841e+01,2.012000083999999944e+01
3.620900000000000318e+01,2.012000083999999944e+01
3.624899999999999523e+01,2.012000083999999944e+01
3.625100000000000477e+01,2.012000083999999944e+01
3.626600000000000534e+01,2.012000083999999944e+01
3.633299999999999841e+01,2.012000083999999944e+01
3.633599999999999852e+01,2.012000083999999944e+01
3.633700000000000330e+01,2.012000083999999944e+01
3.639900000000000091e+01,2.012000083999999944e+01
3.640000000000000568e+01,2.012000083999999944e+01
3.640099999999999625e+01,2.012000083999999944e+01
3.640200000000000102e+01,2.012000083999999944e+01
3.645100000000000762e+01,2.012000083999999944e+01
3.645400000000000773e+01,2.012000083999999944e+01
3.646600000000000819e+01,2.012000083999999944e+01
3.653600000000000136e+01,2.012000083999999944e+01
3.654000000000000625e+01,2.012000083999999944e+01
3.654000000000000625e+01,2.012000083999999944e+01
3.654099999999999682e+01,2.012000083999999944e+01
3.660500000000000398e+01,2.012000083999999944e+01
3.660800000000000409e+01,2.012000083999999944e+01
3.660899999999999466e+01,2.012000083999999944e+01
3.666100000000000136e+01,2.012000083999999944e+01
3.666400000000000148e+01,2.012000083999999944e+01
3.666500000000000625e+01,2.012000083999999944e+01
3.673300000000000409e+01,2.012000083999999944e+01
3.673499999999999943e+01,2.012000083999999944e+01
3.673600000000000421e+01,2.012000083999999944e+01
3.673900000000000432e+01,2.012000083999999944e+01
3.678499999999999659e+01,2.012000083999999944e+01
3.678700000000000614e+01,2.012000083999999944e+01
3.679500000000000171e+01,2.012000083999999944e+01
3.680700000000000216e+01,2.012000083999999944e+01
3.682999999999999829e+01,1.977000045999999855e+01
3.684300000000000352e+01,1.977000045999999855e+01
3.692300000000000182e+01,1.977000045999999855e+01
3.692600000000000193e+01,1.977000045999999855e+01
3.692700000000000671e+01,1.977000045999999855e+01
3.698699999999999477e+01,1.977000045999999855e+01
3.698900000000000432e+01,1.977000045999999855e+01
3.698999999999999488e+01,1.977000045999999855e+01
3.699099999999999966e+01,1.977000045999999855e+01
3.705400000000000205e+01,1.977000045999999855e+01
3.705599999999999739e+01,1.977000045999999855e+01
3.705700000000000216e+01,1.977000045999999855e+01
3.706499999999999773e+01,1.977000045999999855e+01
3.712000000000000455e+01,1.977000045999999855e+01
3.712199999999999989e+01,1.977000045999999855e+01
3.712300000000000466e+01,1.977000045999999855e+01
3.718699999999999761e+01,1.977000045999999855e+01
3.718800000000000239e+01,1.977000045999999855e+01
3.718800000000000239e+01,1.977000045999999855e+01
3.725499999999999545e+01,1.977000045999999855e+01
3.725700000000000500e+01,1.977000045999999855e+01
3.725700000000000500e+01,1.977000045999999855e+01
3.725799999999999557e+01,1.977000045999999855e+01
3.732000000000000739e+01,1.977000045999999855e+01
3.732200000000000273e+01,1.977000045999999855e+01
3.732200000000000273e+01,1.977000045999999855e+01
3.738800000000000523e+01,1.977000045999999855e+01
3.739000000000000057e+01,1.977000045999999855e+01
3.739100000000000534e+01,1.977000045999999855e+01
3.745499999999999829e+01,1.977000045999999855e+01
3.745799999999999841e+01,1.977000045999999855e+01
3.745900000000000318e+01,1.977000045999999855e+01
3.746000000000000796e+01,1.977000045999999855e+01
3.752200000000000557e+01,1.977000045999999855e+01
3.752500000000000568e+01,1.977000045999999855e+01
3.752599999999999625e+01,1.977000045999999855e+01
3.758899999999999864e+01,1.977000045999999855e+01
3.759100000000000819e+01,1.977000045999999855e+01
3.759300000000000352e+01,1.977000045999999855e+01
3.759499999999999886e+01,1.977000045999999855e+01
3.765900000000000603e+01,1.977000045999999855e+01
3.766100000000000136e+01,1.977000045999999855e+01
3.766200000000000614e+01,1.977000045999999855e+01
3.767000000000000171e+01,1.977000045999999855e+01
3.772100000000000364e+01,1.977000045999999855e+01
3.772400000000000375e+01,1.977000045999999855e+01
3.778600000000000136e+01,1.977000045999999855e+01
3.778700000000000614e+01,1.977000045999999855e+01
3.778700000000000614e+01,1.977000045999999855e+01
3.778799999999999670e+01,1.977000045999999855e+01
3.780500000000000682e+01,1.977000045999999855e+01
3.782500000000000284e+01,1.957999991999999878e+01
3.783899999999999864e+01,1.957999991999999878e+01
3.787699999999999534e+01,1.957999991999999878e+01
3.791500000000000625e+01,1.957999991999999878e+01
3.791800000000000637e+01,1.957999991999999878e+01
3.798300000000000409e+01,1.957999991999999878e+01
3.798600000000000421e+01,1.957999991999999878e+01
3.798600000000000421e+01,1.957999991999999878e+01
3.798699999999999477e+01,1.957999991999999878e+01
3.804900000000000659e+01,1.957999991999999878e+01
3.805299999999999727e+01,1.957999991999999878e+01
3.805400000000000205e+01,1.957999991999999878e+01
3.807800000000000296e+01,1.957999991999999878e+01
3.807999999999999829e+01,1.957999991999999878e+01
3.811799999999999500e+01,1.957999991999999878e+01
3.812099999999999511e+01,1.957999991999999878e+01
3.818699999999999761e+01,1.957999991999999878e+01
3.818900000000000716e+01,1.957999991999999878e+01
3.818999999999999773e+01,1.957999991999999878e+01
3.825300000000000011e+01,1.957999991999999878e+01
3.825499999999999545e+01,1.957999991999999878e+01
3.825600000000000023e+01,1.957999991999999878e+01
3.828100000000000591e+01,1.957999991999999878e+01
3.828300000000000125e+01,1.957999991999999878e+01
3.831700000000000728e+01,1.957999991999999878e+01
3.831900000000000261e+01,1.957999991999999878e+01
3.838500000000000512e+01,1.957999991999999878e+01
3.838700000000000045e+01,1.957999991999999878e+01
3.838800000000000523e+01,1.957999991999999878e+01
3.844800000000000750e+01,1.957999991999999878e+01
3.844899999999999807e+01,1.957999991999999878e+01
3.844899999999999807e+01,1.957999991999999878e+01
3.845000000000000284e+01,1.957999991999999878e+01
3.848399999999999466e+01,1.957999991999999878e+01
3.851600000000000534e+01,1.957999991999999878e+01
3.851800000000000068e+01,1.957999991999999878e+01
3.858200000000000784e+01,1.957999991999999878e+01
3.858599999999999852e+01,1.957999991999999878e+01
3.858700000000000330e+01,1.957999991999999878e+01
3.865099999999999625e+01,1.957999991999999878e+01
3.865500000000000114e+01,1.957999991999999878e+01
3.865600000000000591e+01,1.957999991999999878e+01
3.865600000000000591e+01,1.957999991999999878e+01
3.868800000000000239e+01,1.957999991999999878e+01
3.869100000000000250e+01,1.957999991999999878e+01
3.871800000000000352e+01,1.957999991999999878e+01
3.878300000000000125e+01,1.957999991999999878e+01
3.878400000000000603e+01,1.957999991999999878e+01
3.878499999999999659e+01,1.957999991999999878e+01
3.878499999999999659e+01,1.957999991999999878e+01
3.879900000000000659e+01,1.957999991999999878e+01
3.881900000000000261e+01,1.957999991999999878e+01
3.883899999999999864e+01,1.907999991999999878e+01
3.890999999999999659e+01,1.907999991999999878e+01
3.891299999999999670e+01,1.907999991999999878e+01
3.891400000000000148e+01,1.907999991999999878e+01
3.897599999999999909e+01,1.907999991999999878e+01
3.897800000000000864e+01,1.907999991999999878e+01
3.897899999999999920e+01,1.907999991999999878e+01
3.898000000000000398e+01,1.907999991999999878e+01
3.904500000000000171e+01,1.907999991999999878e+01
3.904699999999999704e+01,1.907999991999999878e+01
3.904900000000000659e+01,1.907999991999999878e+01
3.909499999999999886e+01,1.907999991999999878e+01
3.909700000000000841e+01,1.907999991999999878e+01
3.909799999999999898e+01,1.907999991999999878e+01
3.918000000000000682e+01,1.907999991999999878e+01
3.918200000000000216e+01,1.907999991999999878e+01
3.918300000000000693e+01,1.907999991999999878e+01
3.918399999999999750e+01,1.907999991999999878e+01
3.924200000000000443e+01,1.907999991999999878e+01
3.924299999999999500e+01,1.907999991999999878e+01
3.924399999999999977e+01,1.907999991999999878e+01
3.930500000000000682e+01,1.907999991999999878e+01
3.930700000000000216e+01,1.907999991999999878e+01
3.930800000000000693e+01,1.907999991999999878e+01
3.931000000000000227e+01,1.907999991999999878e+01
3.937699999999999534e+01,1.907999991999999878e+01
3.938100000000000023e+01,1.907999991999999878e+01
3.938200000000000500e+01,1.907999991999999878e+01
3.944299999999999784e+01,1.907999991999999878e+01
3.944500000000000739e+01,1.907999991999999878e+01
3.944599999999999795e+01,1.907999991999999878e+01
3.944700000000000273e+01,1.907999991999999878e+01
3.950400000000000489e+01,1.907999991999999878e+01
3.950600000000000023e+01,1.907999991999999878e+01
3.950700000000000500e+01,1.907999991999999878e+01
3.957699999999999818e+01,1.907999991999999878e+01
3.957999999999999829e+01,1.907999991999999878e+01
3.958100000000000307e+01,1.907999991999999878e+01
3.964499999999999602e+01,1.907999991999999878e+01
3.964700000000000557e+01,1.907999991999999878e+01
3.964799999999999613e+01,1.907999991999999878e+01
3.964900000000000091e+01,1.907999991999999878e+01
3.970900000000000318e+01,1.907999991999999878e+01
3.971099999999999852e+01,1.907999991999999878e+01
3.971300000000000807e+01,1.907999991999999878e+01
3.978199999999999648e+01,1.907999991999999878e+01
3.978300000000000125e+01,1.907999991999999878e+01
3.978400000000000603e+01,1.907999991999999878e+01
3.978400000000000603e+01,1.907999991999999878e+01
3.980400000000000205e+01,1.907999991999999878e+01
3.982300000000000750e+01,1.875000000000000000e+01
3.983500000000000796e+01,1.875000000000000000e+01
3.985599999999999454e+01,1.875000000000000000e+01
3.990900000000000603e+01,1.875000000000000000e+01
3.991100000000000136e+01,1.875000000000000000e+01
3.991100000000000136e+01,1.875000000000000000e+01
3.998099999999999454e+01,1.875000000000000000e+01
3.998399999999999466e+01,1.875000000000000000e+01
3.998600000000000421e+01,1.875000000000000000e+01
4.004600000000000648e+01,1.875000000000000000e+01
4.004900000000000659e+01,1.875000000000000000e+01
4.004999999999999716e+01,1.875000000000000000e+01
4.011199999999999477e+01,1.875000000000000000e+01
4.011400000000000432e+01,1.875000000000000000e+01
4.011400000000000432e+01,1.875000000000000000e+01
4.011499999999999488e+01,1.875000000000000000e+01
4.018300000000000693e+01,1.875000000000000000e+01
4.018500000000000227e+01,1.875000000000000000e+01
4.018600000000000705e+01,1.875000000000000000e+01
4.024599999999999511e+01,1.875000000000000000e+01
4.024800000000000466e+01,1.875000000000000000e+01
4.024899999999999523e+01,1.875000000000000000e+01
4.025100000000000477e+01,1.875000000000000000e+01
4.031400000000000716e+01,1.875000000000000000e+01
4.031600000000000250e+01,1.875000000000000000e+01
4.031700000000000728e+01,1.875000000000000000e+01
4.037999999999999545e+01,1.875000000000000000e+01
4.038400000000000034e+01,1.875000000000000000e+01
4.038500000000000512e+01,1.875000000000000000e+01
4.044700000000000273e+01,1.875000000000000000e+01
4.044899999999999807e+01,1.875000000000000000e+01
4.045000000000000284e+01,1.875000000000000000e+01
4.045100000000000762e+01,1.875000000000000000e+01
4.051300000000000523e+01,1.875000000000000000e+01
4.051500000000000057e+01,1.875000000000000000e+01
4.051600000000000534e+01,1.875000000000000000e+01
4.051999999999999602e+01,1.875000000000000000e+01
4.058200000000000784e+01,1.875000000000000000e+01
4.058400000000000318e+01,1.875000000000000000e+01
4.058500000000000796e+01,1.875000000000000000e+01
4.064600000000000080e+01,1.875000000000000000e+01
4.064799999999999613e+01,1.875000000000000000e+01
4.065000000000000568e+01,1.875000000000000000e+01
4.071399999999999864e+01,1.875000000000000000e+01
4.071500000000000341e+01,1.875000000000000000e+01
4.071500000000000341e+01,1.875000000000000000e+01
4.071600000000000819e+01,1.875000000000000000e+01
4.078400000000000603e+01,1.875000000000000000e+01
4.078499999999999659e+01,1.875000000000000000e+01
4.078499999999999659e+01,1.875000000000000000e+01
4.079300000000000637e+01,1.875000000000000000e+01
4.082300000000000750e+01,1.875000000000000000e+01
4.082800000000000296e+01,1.840999984999999839e+01
4.091500000000000625e+01,1.840999984999999839e+01
4.091800000000000637e+01,1.840999984999999839e+01
4.091899999999999693e+01,1.840999984999999839e+01
4.093000000000000682e+01,1.840999984999999839e+01
4.098099999999999454e+01,1.840999984999999839e+01
4.098300000000000409e+01,1.840999984999999839e+01
4.098399999999999466e+01,1.840999984999999839e+01
4.104800000000000182e+01,1.840999984999999839e+01
4.104999999999999716e+01,1.840999984999999839e+01
4.105100000000000193e+01,1.840999984999999839e+01
4.111899999999999977e+01,1.840999984999999839e+01
4.112099999999999511e+01,1.840999984999999839e+01
4.112199999999999989e+01,1.840999984999999839e+01
4.112300000000000466e+01,1.840999984999999839e+01
4.118099999999999739e+01,1.840999984999999839e+01
4.118399999999999750e+01,1.840999984999999839e+01
4.118500000000000227e+01,1.840999984999999839e+01
4.124899999999999523e+01,1.840999984999999839e+01
4.125199999999999534e+01,1.840999984999999839e+01
4.125300000000000011e+01,1.840999984999999839e+01
4.131600000000000250e+01,1.840999984999999839e+01
4.132099999999999795e+01,1.840999984999999839e+01
4.132200000000000273e+01,1.840999984999999839e+01
4.132300000000000750e+01,1.840999984999999839e+01
4.133299999999999841e+01,1.840999984999999839e+01
4.137999999999999545e+01,1.840999984999999839e+01
4.138299999999999557e+01,1.840999984999999839e+01
4.144700000000000273e+01,1.840999984999999839e+01
4.144899999999999807e+01,1.840999984999999839e+01
4.145000000000000284e+01,1.840999984999999839e+01
4.145100000000000762e+01,1.840999984999999839e+01
4.151399999999999579e+01,1.840999984999999839e+01
4.151600000000000534e+01,1.840999984999999839e+01
4.151699999999999591e+01,1.840999984999999839e+01
4.153600000000000136e+01,1.840999984999999839e+01
4.157999999999999829e+01,1.840999984999999839e+01
4.158200000000000784e+01,1.840999984999999839e+01
4.165300000000000580e+01,1.840999984999999839e+01
4.165600000000000591e+01,1.840999984999999839e+01
4.165900000000000603e+01,1.840999984999999839e+01
4.165900000000000603e+01,1.840999984999999839e+01
4.171800000000000352e+01,1.840999984999999839e+01
4.172100000000000364e+01,1.840999984999999839e+01
4.172200000000000841e+01,1.840999984999999839e+01
4.178100000000000591e+01,1.840999984999999839e+01
4.178199999999999648e+01,1.840999984999999839e+01
4.178199999999999648e+01,1.840999984999999839e+01
4.178300000000000125e+01,1.840999984999999839e+01
4.179500000000000171e+01,1.840999984999999839e+01
4.181700000000000728e+01,1.840999984999999839e+01
4.183500000000000796e+01,1.798999977000000072e+01
4.185699999999999932e+01,1.798999977000000072e+01
4.192799999999999727e+01,1.798999977000000072e+01
4.193000000000000682e+01,1.798999977000000072e+01
4.193099999999999739e+01,1.798999977000000072e+01
4.194299999999999784e+01,1.798999977000000072e+01
4.199500000000000455e+01,1.798999977000000072e+01
4.199800000000000466e+01,1.798999977000000072e+01
4.200000000000000000e+01,1.798999977000000072e+01
4.206199999999999761e+01,1.798999977000000072e+01
4.206499999999999773e+01,1.798999977000000072e+01
4.206600000000000250e+01,1.798999977000000072e+01
4.213299999999999557e+01,1.798999977000000072e+01
4.213500000000000512e+01,1.798999977000000072e+01
4.213599999999999568e+01,1.798999977000000072e+01
4.214799999999999613e+01,1.798999977000000072e+01
4.219899999999999807e+01,1.798999977000000072e+01
4.220100000000000762e+01,1.798999977000000072e+01
4.220300000000000296e+01,1.798999977000000072e+01
4.226200000000000045e+01,1.798999977000000072e+01
4.226399999999999579e+01,1.798999977000000072e+01
4.226500000000000057e+01,1.798999977000000072e+01
4.232800000000000296e+01,1.798999977000000072e+01
4.233100000000000307e+01,1.798999977000000072e+01
4.233200000000000784e+01,1.798999977000000072e+01
4.233299999999999841e+01,1.798999977000000072e+01
4.235099999999999909e+01,1.798999977000000072e+01
4.239499999999999602e+01,1.798999977000000072e+01
4.239799999999999613e+01,1.798999977000000072e+01
4.246600000000000819e+01,1.798999977000000072e+01
4.246800000000000352e+01,1.798999977000000072e+01
4.246900000000000830e+01,1.798999977000000072e+01
4.246999999999999886e+01,1.798999977000000072e+01
4.253400000000000603e+01,1.798999977000000072e+01
4.253600000000000136e+01,1.798999977000000072e+01
4.253700000000000614e+01,1.798999977000000072e+01
4.255299999999999727e+01,1.798999977000000072e+01
4.259799999999999898e+01,1.798999977000000072e+01
4.260099999999999909e+01,1.798999977000000072e+01
4.266400000000000148e+01,1.798999977000000072e+01
4.266599999999999682e+01,1.798999977000000072e+01
4.266599999999999682e+01,1.798999977000000072e+01
4.266700000000000159e+01,1.798999977000000072e+01
4.272899999999999920e+01,1.798999977000000072e+01
4.273199999999999932e+01,1.798999977000000072e+01
4.273300000000000409e+01,1.798999977000000072e+01
4.275600000000000023e+01,1.798999977000000072e+01
4.275700000000000500e+01,1.798999977000000072e+01
4.277700000000000102e+01,1.798999977000000072e+01
4.279999999999999716e+01,1.798999977000000072e+01
4.282399999999999807e+01,1.769000052999999895e+01
4.283100000000000307e+01,1.769000052999999895e+01
4.285200000000000387e+01,1.769000052999999895e+01
4.291599999999999682e+01,1.769000052999999895e+01
4.291800000000000637e+01,1.769000052999999895e+01
4.291899999999999693e+01,1.769000052999999895e+01
4.296200000000000330e+01,1.769000052999999895e+01
4.296500000000000341e+01,1.769000052999999895e+01
4.298099999999999454e+01,1.769000052999999895e+01
4.304999999999999716e+01,1.769000052999999895e+01
4.305400000000000205e+01,1.769000052999999895e+01
4.305500000000000682e+01,1.769000052999999895e+01
4.305599999999999739e+01,1.769000052999999895e+01
4.311899999999999977e+01,1.769000052999999895e+01
4.312099999999999511e+01,1.769000052999999895e+01
4.312300000000000466e+01,1.769000052999999895e+01
4.316899999999999693e+01,1.769000052999999895e+01
4.317300000000000182e+01,1.769000052999999895e+01
4.317400000000000659e+01,1.769000052999999895e+01
4.325400000000000489e+01,1.769000052999999895e+01
4.325600000000000023e+01,1.769000052999999895e+01
4.325700000000000500e+01,1.769000052999999895e+01
4.325799999999999557e+01,1.769000052999999895e+01
4.331799999999999784e+01,1.769000052999999895e+01
4.332000000000000739e+01,1.769000052999999895e+01
4.332099999999999795e+01,1.769000052999999895e+01
4.337000000000000455e+01,1.769000052999999895e+01
4.337300000000000466e+01,1.769000052999999895e+01
4.337399999999999523e+01,1.769000052999999895e+01
4.338100000000000023e+01,1.769000052999999895e+01
4.344899999999999807e+01,1.769000052999999895e+01
4.345100000000000762e+01,1.769000052999999895e+01
4.345199999999999818e+01,1.769000052999999895e+01
4.351500000000000057e+01,1.769000052999999895e+01
4.351800000000000068e+01,1.769000052999999895e+01
4.351900000000000546e+01,1.769000052999999895e+01
4.357600000000000762e+01,1.769000052999999895e+01
4.357800000000000296e+01,1.769000052999999895e+01
4.357900000000000773e+01,1.769000052999999895e+01
4.358100000000000307e+01,1.769000052999999895e+01
4.365000000000000568e+01,1.769000052999999895e+01
4.365300000000000580e+01,1.769000052999999895e+01
4.365399999999999636e+01,1.769000052999999895e+01
4.371600000000000819e+01,1.769000052999999895e+01
4.371699999999999875e+01,1.769000052999999895e+01
4.371800000000000352e+01,1.769000052999999895e+01
4.371800000000000352e+01,1.769000052999999895e+01
4.377800000000000580e+01,1.769000052999999895e+01
4.377899999999999636e+01,1.769000052999999895e+01
4.377899999999999636e+01,1.769000052999999895e+01
4.379900000000000659e+01,1.769000052999999895e+01
4.381900000000000261e+01,1.737000083999999944e+01
4.382800000000000296e+01,1.737000083999999944e+01
4.384799999999999898e+01,1.737000083999999944e+01
4.390999999999999659e+01,1.737000083999999944e+01
4.391299999999999670e+01,1.737000083999999944e+01
4.391400000000000148e+01,1.737000083999999944e+01
4.398000000000000398e+01,1.737000083999999944e+01
4.398300000000000409e+01,1.737000083999999944e+01
4.398399999999999466e+01,1.737000083999999944e+01
4.404500000000000171e+01,1.737000083999999944e+01
4.404800000000000182e+01,1.737000083999999944e+01
4.404800000000000182e+01,1.737000083999999944e+01
4.404999999999999716e+01,1.737000083999999944e+01
4.411499999999999488e+01,1.737000083999999944e+01
4.411799999999999500e+01,1.737000083999999944e+01
4.411899999999999977e+01,1.737000083999999944e+01
4.418399999999999750e+01,1.737000083999999944e+01
4.418699999999999761e+01,1.737000083999999944e+01
4.418800000000000239e+01,1.737000083999999944e+01
4.418800000000000239e+01,1.737000083999999944e+01
4.424699999999999989e+01,1.737000083999999944e+01
4.425100000000000477e+01,1.737000083999999944e+01
4.425199999999999534e+01,1.737000083999999944e+01
4.431199999999999761e+01,1.737000083999999944e+01
4.431399999999999295e+01,1.737000083999999944e+01
4.431499999999999773e+01,1.737000083999999944e+01
4.437800000000000011e+01,1.737000083999999944e+01
4.437999999999999545e+01,1.737000083999999944e+01
4.438100000000000023e+01,1.737000083999999944e+01
4.438200000000000500e+01,1.737000083999999944e+01
4.444499999999999318e+01,1.737000083999999944e+01
4.444799999999999329e+01,1.737000083999999944e+01
4.445000000000000284e+01,1.737000083999999944e+01
4.451099999999999568e+01,1.737000083999999944e+01
4.451500000000000057e+01,1.737000083999999944e+01
4.451599999999999113e+01,1.737000083999999944e+01
4.457800000000000296e+01,1.737000083999999944e+01
4.457999999999999829e+01,1.737000083999999944e+01
4.458100000000000307e+01,1.737000083999999944e+01
4.458299999999999841e+01,1.737000083999999944e+01
4.464900000000000091e+01,1.737000083999999944e+01
4.465299999999999159e+01,1.737000083999999944e+01
4.465399999999999636e+01,1.737000083999999944e+01
4.471200000000000330e+01,1.737000083999999944e+01
4.471500000000000341e+01,1.737000083999999944e+01
4.471599999999999397e+01,1.737000083999999944e+01
4.471699999999999875e+01,1.737000083999999944e+01
4.478099999999999170e+01,1.737000083999999944e+01
4.478099999999999170e+01,1.737000083999999944e+01
4.478199999999999648e+01,1.737000083999999944e+01
4.478999999999999204e+01,1.737000083999999944e+01
4.480799999999999272e+01,1.737000083999999944e+01
4.482999999999999829e+01,1.695999907999999934e+01
4.484799999999999898e+01,1.695999907999999934e+01
4.486499999999999488e+01,1.695999907999999934e+01
4.492799999999999727e+01,1.695999907999999934e+01
4.492999999999999261e+01,1.695999907999999934e+01
4.493099999999999739e+01,1.695999907999999934e+01
4.499500000000000455e+01,1.695999907999999934e+01
4.499800000000000466e+01,1.695999907999999934e+01
4.499899999999999523e+01,1.695999907999999934e+01
4.506199999999999761e+01,1.695999907999999934e+01
4.506499999999999773e+01,1.695999907999999934e+01
4.506600000000000250e+01,1.695999907999999934e+01
4.512900000000000489e+01,1.695999907999999934e+01
4.513100000000000023e+01,1.695999907999999934e+01
4.513100000000000023e+01,1.695999907999999934e+01
4.513100000000000023e+01,1.695999907999999934e+01
4.519299999999999784e+01,1.695999907999999934e+01
4.519700000000000273e+01,1.695999907999999934e+01
4.519700000000000273e+01,1.695999907999999934e+01
4.520399999999999352e+01,1.695999907999999934e+01
4.526000000000000512e+01,1.695999907999999934e+01
4.526200000000000045e+01,1.695999907999999934e+01
4.526299999999999102e+01,1.695999907999999934e+01
4.532699999999999818e+01,1.695999907999999934e+01
4.532899999999999352e+01,1.695999907999999934e+01
4.533100000000000307e+01,1.695999907999999934e+01
4.539499999999999602e+01,1.695999907999999934e+01
4.539799999999999613e+01,1.695999907999999934e+01
4.539799999999999613e+01,1.695999907999999934e+01
4.539900000000000091e+01,1.695999907999999934e+01
4.546299999999999386e+01,1.695999907999999934e+01
4.546500000000000341e+01,1.695999907999999934e+01
4.546599999999999397e+01,1.695999907999999934e+01
4.552899999999999636e+01,1.695999907999999934e+01
4.553099999999999170e+01,1.695999907999999934e+01
4.553300000000000125e+01,1.695999907999999934e+01
4.559499999999999886e+01,1.695999907999999934e+01
4.559799999999999898e+01,1.695999907999999934e+01
4.559799999999999898e+01,1.695999907999999934e+01
4.559999999999999432e+01,1.695999907999999934e+01
4.560899999999999466e+01,1.695999907999999934e+01
4.565999999999999659e+01,1.695999907999999934e+01
4.566299999999999670e+01,1.695999907999999934e+01
4.572700000000000387e+01,1.695999907999999934e+01
4.573000000000000398e+01,1.695999907999999934e+01
4.573199999999999932e+01,1.695999907999999934e+01
4.573300000000000409e+01,1.695999907999999934e+01
4.579299999999999216e+01,1.695999907999999934e+01
4.579399999999999693e+01,1.695999907999999934e+01
4.579399999999999693e+01,1.695999907999999934e+01
4.580299999999999727e+01,1.695999907999999934e+01
4.583400000000000318e+01,1.695999907999999934e+01
4.584199999999999875e+01,1.669000052999999895e+01
4.586499999999999488e+01,1.669000052999999895e+01
4.593699999999999761e+01,1.669000052999999895e+01
4.593800000000000239e+01,1.669000052999999895e+01
4.593899999999999295e+01,1.669000052999999895e+01
4.600600000000000023e+01,1.669000052999999895e+01
4.600799999999999557e+01,1.669000052999999895e+01
4.600799999999999557e+01,1.669000052999999895e+01
4.600900000000000034e+01,1.669000052999999895e+01
4.606999999999999318e+01,1.669000052999999895e+01
4.607299999999999329e+01,1.669000052999999895e+01
4.607399999999999807e+01,1.669000052999999895e+01
4.613700000000000045e+01,1.669000052999999895e+01
4.614000000000000057e+01,1.669000052999999895e+01
4.614099999999999113e+01,1.669000052999999895e+01
4.614199999999999591e+01,1.669000052999999895e+01
4.620399999999999352e+01,1.669000052999999895e+01
4.620600000000000307e+01,1.669000052999999895e+01
4.620699999999999363e+01,1.669000052999999895e+01
4.621599999999999397e+01,1.669000052999999895e+01
4.626899999999999125e+01,1.669000052999999895e+01
4.627100000000000080e+01,1.669000052999999895e+01
4.633799999999999386e+01,1.669000052999999895e+01
4.634000000000000341e+01,1.669000052999999895e+01
4.634000000000000341e+01,1.669000052999999895e+01
4.634099999999999397e+01,1.669000052999999895e+01
4.640399999999999636e+01,1.669000052999999895e+01
4.640599999999999170e+01,1.669000052999999895e+01
4.640699999999999648e+01,1.669000052999999895e+01
4.642000000000000171e+01,1.669000052999999895e+01
4.646899999999999409e+01,1.669000052999999895e+01
4.647100000000000364e+01,1.669000052999999895e+01
4.647100000000000364e+01,1.669000052999999895e+01
4.653799999999999670e+01,1.669000052999999895e+01
4.654200000000000159e+01,1.669000052999999895e+01
4.654399999999999693e+01,1.669000052999999895e+01
4.660500000000000398e+01,1.669000052999999895e+01
4.660699999999999932e+01,1.669000052999999895e+01
4.660699999999999932e+01,1.669000052999999895e+01
4.662399999999999523e+01,1.669000052999999895e+01
4.666799999999999216e+01,1.669000052999999895e+01
4.667000000000000171e+01,1.669000052999999895e+01
4.667000000000000171e+01,1.669000052999999895e+01
4.673499999999999943e+01,1.669000052999999895e+01
4.673600000000000421e+01,1.669000052999999895e+01
4.673699999999999477e+01,1.669000052999999895e+01
4.678099999999999170e+01,1.669000052999999895e+01
4.678199999999999648e+01,1.669000052999999895e+01
4.678199999999999648e+01,1.669000052999999895e+01
4.679999999999999716e+01,1.669000052999999895e+01
4.682099999999999795e+01,1.637999916000000056e+01
4.683899999999999864e+01,1.637999916000000056e+01
4.691799999999999216e+01,1.637999916000000056e+01
4.692099999999999227e+01,1.637999916000000056e+01
4.692099999999999227e+01,1.637999916000000056e+01
4.698199999999999932e+01,1.637999916000000056e+01
4.698499999999999943e+01,1.637999916000000056e+01
4.698600000000000421e+01,1.637999916000000056e+01
4.703099999999999170e+01,1.637999916000000056e+01
4.703399999999999181e+01,1.637999916000000056e+01
4.703499999999999659e+01,1.637999916000000056e+01
4.705199999999999250e+01,1.637999916000000056e+01
4.711799999999999500e+01,1.637999916000000056e+01
4.712000000000000455e+01,1.637999916000000056e+01
4.712099999999999511e+01,1.637999916000000056e+01
4.718500000000000227e+01,1.637999916000000056e+01
4.718699999999999761e+01,1.637999916000000056e+01
4.718800000000000239e+01,1.637999916000000056e+01
4.718899999999999295e+01,1.637999916000000056e+01
4.723600000000000421e+01,1.637999916000000056e+01
4.723900000000000432e+01,1.637999916000000056e+01
4.725199999999999534e+01,1.637999916000000056e+01
4.731799999999999784e+01,1.637999916000000056e+01
4.731999999999999318e+01,1.637999916000000056e+01
4.732099999999999795e+01,1.637999916000000056e+01
4.738299999999999557e+01,1.637999916000000056e+01
4.738400000000000034e+01,1.637999916000000056e+01
4.738500000000000512e+01,1.637999916000000056e+01
4.738500000000000512e+01,1.637999916000000056e+01
4.743699999999999761e+01,1.637999916000000056e+01
4.743800000000000239e+01,1.637999916000000056e+01
4.743899999999999295e+01,1.637999916000000056e+01
4.751699999999999591e+01,1.637999916000000056e+01
4.751999999999999602e+01,1.637999916000000056e+01
4.752299999999999613e+01,1.637999916000000056e+01
4.752400000000000091e+01,1.637999916000000056e+01
4.758400000000000318e+01,1.637999916000000056e+01
4.758700000000000330e+01,1.637999916000000056e+01
4.758799999999999386e+01,1.637999916000000056e+01
4.764300000000000068e+01,1.637999916000000056e+01
4.764399999999999125e+01,1.637999916000000056e+01
4.764399999999999125e+01,1.637999916000000056e+01
4.765200000000000102e+01,1.637999916000000056e+01
4.771699999999999875e+01,1.637999916000000056e+01
4.771899999999999409e+01,1.637999916000000056e+01
4.771999999999999886e+01,1.637999916000000056e+01
4.778699999999999193e+01,1.637999916000000056e+01
4.778799999999999670e+01,1.637999916000000056e+01
4.778900000000000148e+01,1.637999916000000056e+01
4.778900000000000148e+01,1.637999916000000056e+01
4.781000000000000227e+01,1.637999916000000056e+01
4.782999999999999829e+01,1.601000022999999928e+01
4.784799999999999898e+01,1.601000022999999928e+01
4.786299999999999955e+01,1.601000022999999928e+01
4.792499999999999716e+01,1.601000022999999928e+01
4.792699999999999250e+01,1.601000022999999928e+01
4.792799999999999727e+01,1.601000022999999928e+01
4.799399999999999977e+01,1.601000022999999928e+01
4.799500000000000455e+01,1.601000022999999928e+01
4.799599999999999511e+01,1.601000022999999928e+01
4.805499999999999261e+01,1.601000022999999928e+01
4.805700000000000216e+01,1.601000022999999928e+01
4.805799999999999272e+01,1.601000022999999928e+01
4.812900000000000489e+01,1.601000022999999928e+01
4.813100000000000023e+01,1.601000022999999928e+01
4.813299999999999557e+01,1.601000022999999928e+01
4.813299999999999557e+01,1.601000022999999928e+01
4.819100000000000250e+01,1.601000022999999928e+01
4.819299999999999784e+01,1.601000022999999928e+01
4.819299999999999784e+01,1.601000022999999928e+01
4.825199999999999534e+01,1.601000022999999928e+01
4.825400000000000489e+01,1.601000022999999928e+01
4.825600000000000023e+01,1.601000022999999928e+01
4.825700000000000500e+01,1.601000022999999928e+01
4.832599999999999341e+01,1.601000022999999928e+01
4.832999999999999829e+01,1.601000022999999928e+01
4.832999999999999829e+01,1.601000022999999928e+01
4.839300000000000068e+01,1.601000022999999928e+01
4.839499999999999602e+01,1.601000022999999928e+01
4.839600000000000080e+01,1.601000022999999928e+01
4.839699999999999136e+01,1.601000022999999928e+01
4.845699999999999363e+01,1.601000022999999928e+01
4.845900000000000318e+01,1.601000022999999928e+01
4.845999999999999375e+01,1.601000022999999928e+01
4.852899999999999636e+01,1.601000022999999928e+01
4.853099999999999170e+01,1.601000022999999928e+01
4.853199999999999648e+01,1.601000022999999928e+01
4.859399999999999409e+01,1.601000022999999928e+01
4.859699999999999420e+01,1.601000022999999928e+01
4.859799999999999898e+01,1.601000022999999928e+01
4.859900000000000375e+01,1.601000022999999928e+01
4.865999999999999659e+01,1.601000022999999928e+01
4.866299999999999670e+01,1.601000022999999928e+01
4.866400000000000148e+01,1.601000022999999928e+01
4.872599999999999909e+01,1.601000022999999928e+01
4.872799999999999443e+01,1.601000022999999928e+01
4.872899999999999920e+01,1.601000022999999928e+01
4.873000000000000398e+01,1.601000022999999928e+01
4.879299999999999216e+01,1.601000022999999928e+01
4.879500000000000171e+01,1.601000022999999928e+01
4.879500000000000171e+01,1.601000022999999928e+01
4.880199999999999250e+01,1.601000022999999928e+01
4.883400000000000318e+01,1.601000022999999928e+01
4.884000000000000341e+01,1.568999958000000028e+01
4.886299999999999955e+01,1.568999958000000028e+01
4.892199999999999704e+01,1.568999958000000028e+01
4.892399999999999238e+01,1.568999958000000028e+01
4.892499999999999716e+01,1.568999958000000028e+01
4.899099999999999966e+01,1.568999958000000028e+01
4.899500000000000455e+01,1.568999958000000028e+01
4.899599999999999511e+01,1.568999958000000028e+01
4.906000000000000227e+01,1.568999958000000028e+01
4.906199999999999761e+01,1.568999958000000028e+01
4.906300000000000239e+01,1.568999958000000028e+01
4.906399999999999295e+01,1.568999958000000028e+01
4.912600000000000477e+01,1.568999958000000028e+01
4.912900000000000489e+01,1.568999958000000028e+01
4.912999999999999545e+01,1.568999958000000028e+01
4.919100000000000250e+01,1.568999958000000028e+01
4.919400000000000261e+01,1.568999958000000028e+01
4.919499999999999318e+01,1.568999958000000028e+01
4.925600000000000023e+01,1.568999958000000028e+01
4.925799999999999557e+01,1.568999958000000028e+01
4.925799999999999557e+01,1.568999958000000028e+01
4.925799999999999557e+01,1.568999958000000028e+01
4.932500000000000284e+01,1.568999958000000028e+01
4.932699999999999818e+01,1.568999958000000028e+01
4.932800000000000296e+01,1.568999958000000028e+01
4.939099999999999113e+01,1.568999958000000028e+01
4.939399999999999125e+01,1.568999958000000028e+01
4.939499999999999602e+01,1.568999958000000028e+01
4.939600000000000080e+01,1.568999958000000028e+01
4.946099999999999852e+01,1.568999958000000028e+01
4.946500000000000341e+01,1.568999958000000028e+01
4.946599999999999397e+01,1.568999958000000028e+01
4.947299999999999898e+01,1.568999958000000028e+01
4.952499999999999147e+01,1.568999958000000028e+01
4.952700000000000102e+01,1.568999958000000028e+01
4.959499999999999886e+01,1.568999958000000028e+01
4.959699999999999420e+01,1.568999958000000028e+01
4.959799999999999898e+01,1.568999958000000028e+01
4.959900000000000375e+01,1.568999958000000028e+01
4.965899999999999181e+01,1.568999958000000028e+01
4.966100000000000136e+01,1.568999958000000028e+01
4.966299999999999670e+01,1.568999958000000028e+01
4.968399999999999750e+01,1.568999958000000028e+01
4.972400000000000375e+01,1.568999958000000028e+01
4.972599999999999909e+01,1.568999958000000028e+01
4.972599999999999909e+01,1.568999958000000028e+01
4.977899999999999636e+01,1.568999958000000028e+01
4.978000000000000114e+01,1.568999958000000028e+01
4.978000000000000114e+01,1.568999958000000028e+01
4.979800000000000182e+01,1.568999958000000028e+01
4.981699999999999307e+01,1.540999985000000017e+01
4.984000000000000341e+01,1.540999985000000017e+01
4.987800000000000011e+01,1.540999985000000017e+01
4.987900000000000489e+01,1.540999985000000017e+01
4.991100000000000136e+01,1.540999985000000017e+01
4.997899999999999920e+01,1.540999985000000017e+01
4.998099999999999454e+01,1.540999985000000017e+01
4.998199999999999932e+01,1.540999985000000017e+01
4.998300000000000409e+01,1.540999985000000017e+01
5.004800000000000182e+01,1.540999985000000017e+01
5.005100000000000193e+01,1.540999985000000017e+01
5.005199999999999250e+01,1.540999985000000017e+01
5.008400000000000318e+01,1.540999985000000017e+01
5.008599999999999852e+01,1.540999985000000017e+01
5.011400000000000432e+01,1.540999985000000017e+01
5.018099999999999739e+01,1.540999985000000017e+01
5.018399999999999750e+01,1.540999985000000017e+01
5.018599999999999284e+01,1.540999985000000017e+01
5.018699999999999761e+01,1.540999985000000017e+01
5.024399999999999977e+01,1.540999985000000017e+01
5.024800000000000466e+01,1.540999985000000017e+01
5.024899999999999523e+01,1.540999985000000017e+01
5.028699999999999193e+01,1.540999985000000017e+01
5.028900000000000148e+01,1.540999985000000017e+01
5.031300000000000239e+01,1.540999985000000017e+01
5.031499999999999773e+01,1.540999985000000017e+01
5.037800000000000011e+01,1.540999985000000017e+01
5.038100000000000023e+01,1.540999985000000017e+01
5.038200000000000500e+01,1.540999985000000017e+01
5.044499999999999318e+01,1.540999985000000017e+01
5.044799999999999329e+01,1.540999985000000017e+01
5.045099999999999341e+01,1.540999985000000017e+01
5.045199999999999818e+01,1.540999985000000017e+01
5.048999999999999488e+01,1.540999985000000017e+01
5.049200000000000443e+01,1.540999985000000017e+01
5.051299999999999102e+01,1.540999985000000017e+01
5.058199999999999363e+01,1.540999985000000017e+01
5.058499999999999375e+01,1.540999985000000017e+01
5.058499999999999375e+01,1.540999985000000017e+01
5.064799999999999613e+01,1.540999985000000017e+01
5.065099999999999625e+01,1.540999985000000017e+01
5.065200000000000102e+01,1.540999985000000017e+01
5.065299999999999159e+01,1.540999985000000017e+01
5.069400000000000261e+01,1.540999985000000017e+01
5.069700000000000273e+01,1.540999985000000017e+01
5.071200000000000330e+01,1.540999985000000017e+01
5.078099999999999170e+01,1.540999985000000017e+01
5.078199999999999648e+01,1.540999985000000017e+01
5.078300000000000125e+01,1.540999985000000017e+01
5.078300000000000125e+01,1.540999985000000017e+01
5.080499999999999261e+01,1.540999985000000017e+01
5.082599999999999341e+01,1.497999953999999967e+01
5.083799999999999386e+01,1.497999953999999967e+01
5.085399999999999920e+01,1.497999953999999967e+01
5.089499999999999602e+01,1.497999953999999967e+01
5.089600000000000080e+01,1.497999953999999967e+01
5.091700000000000159e+01,1.497999953999999967e+01
5.098600000000000421e+01,1.497999953999999967e+01
5.098799999999999955e+01,1.497999953999999967e+01
5.098900000000000432e+01,1.497999953999999967e+01
5.105100000000000193e+01,1.497999953999999967e+01
5.105400000000000205e+01,1.497999953999999967e+01
5.105499999999999261e+01,1.497999953999999967e+01
5.105599999999999739e+01,1.497999953999999967e+01
5.111700000000000443e+01,1.497999953999999967e+01
5.111899999999999977e+01,1.497999953999999967e+01
5.112000000000000455e+01,1.497999953999999967e+01
5.118500000000000227e+01,1.497999953999999967e+01
5.118800000000000239e+01,1.497999953999999967e+01
5.118899999999999295e+01,1.497999953999999967e+01
5.125300000000000011e+01,1.497999953999999967e+01
5.125499999999999545e+01,1.497999953999999967e+01
5.125600000000000023e+01,1.497999953999999967e+01
5.125700000000000500e+01,1.497999953999999967e+01
5.130499999999999261e+01,1.497999953999999967e+01
5.130799999999999272e+01,1.497999953999999967e+01
5.131699999999999307e+01,1.497999953999999967e+01
5.138500000000000512e+01,1.497999953999999967e+01
5.138799999999999102e+01,1.497999953999999967e+01
5.138899999999999579e+01,1.497999953999999967e+01
5.139000000000000057e+01,1.497999953999999967e+01
5.145199999999999818e+01,1.497999953999999967e+01
5.145399999999999352e+01,1.497999953999999967e+01
5.145499999999999829e+01,1.497999953999999967e+01
5.151099999999999568e+01,1.497999953999999967e+01
5.151299999999999102e+01,1.497999953999999967e+01
5.151399999999999579e+01,1.497999953999999967e+01
5.158499999999999375e+01,1.497999953999999967e+01
5.158700000000000330e+01,1.497999953999999967e+01
5.158799999999999386e+01,1.497999953999999967e+01
5.158899999999999864e+01,1.497999953999999967e+01
5.165200000000000102e+01,1.497999953999999967e+01
5.165399999999999636e+01,1.497999953999999967e+01
5.165500000000000114e+01,1.497999953999999967e+01
5.171299999999999386e+01,1.497999953999999967e+01
5.171599999999999397e+01,1.497999953999999967e+01
5.171699999999999875e+01,1.497999953999999967e+01
5.171800000000000352e+01,1.497999953999999967e+01
5.177799999999999159e+01,1.497999953999999967e+01
5.177899999999999636e+01,1.497999953999999967e+01
5.177899999999999636e+01,1.497999953999999967e+01
5.179800000000000182e+01,1.497999953999999967e+01
5.181999999999999318e+01,1.472000026999999989e+01
5.183199999999999363e+01,1.472000026999999989e+01
5.190899999999999181e+01,1.472000026999999989e+01
5.191199999999999193e+01,1.472000026999999989e+01
5.191400000000000148e+01,1.472000026999999989e+01
5.191599999999999682e+01,1.472000026999999989e+01
5.197799999999999443e+01,1.472000026999999989e+01
5.198099999999999454e+01,1.472000026999999989e+01
5.198199999999999932e+01,1.472000026999999989e+01
5.204500000000000171e+01,1.472000026999999989e+01
5.204699999999999704e+01,1.472000026999999989e+01
5.204800000000000182e+01,1.472000026999999989e+01
5.211100000000000421e+01,1.472000026999999989e+01
5.211400000000000432e+01,1.472000026999999989e+01
5.211599999999999966e+01,1.472000026999999989e+01
5.211700000000000443e+01,1.472000026999999989e+01
5.217600000000000193e+01,1.472000026999999989e+01
5.217799999999999727e+01,1.472000026999999989e+01
5.217900000000000205e+01,1.472000026999999989e+01
5.224200000000000443e+01,1.472000026999999989e+01
5.224399999999999977e+01,1.472000026999999989e+01
5.224500000000000455e+01,1.472000026999999989e+01
5.224599999999999511e+01,1.472000026999999989e+01
5.231000000000000227e+01,1.472000026999999989e+01
5.231199999999999761e+01,1.472000026999999989e+01
5.231300000000000239e+01,1.472000026999999989e+01
5.232200000000000273e+01,1.472000026999999989e+01
5.237500000000000000e+01,1.472000026999999989e+01
5.237699999999999534e+01,1.472000026999999989e+01
5.244400000000000261e+01,1.472000026999999989e+01
5.244599999999999795e+01,1.472000026999999989e+01
5.244700000000000273e+01,1.472000026999999989e+01
5.244799999999999329e+01,1.472000026999999989e+01
5.251000000000000512e+01,1.472000026999999989e+01
5.251200000000000045e+01,1.472000026999999989e+01
5.251299999999999102e+01,1.472000026999999989e+01
5.257699999999999818e+01,1.472000026999999989e+01
5.257899999999999352e+01,1.472000026999999989e+01
5.257999999999999829e+01,1.472000026999999989e+01
5.258100000000000307e+01,1.472000026999999989e+01
5.264399999999999125e+01,1.472000026999999989e+01
5.264699999999999136e+01,1.472000026999999989e+01
5.264799999999999613e+01,1.472000026999999989e+01
5.270999999999999375e+01,1.472000026999999989e+01
5.271399999999999864e+01,1.472000026999999989e+01
5.271500000000000341e+01,1.472000026999999989e+01
5.272700000000000387e+01,1.472000026999999989e+01
5.277700000000000102e+01,1.472000026999999989e+01
5.277799999999999159e+01,1.472000026999999989e+01
5.277799999999999159e+01,1.472000026999999989e+01
5.278799999999999670e+01,1.472000026999999989e+01
5.282099999999999795e+01,1.472000026999999989e+01
5.283799999999999386e+01,1.443999958000000028e+01
5.284900000000000375e+01,1.443999958000000028e+01
5.292499999999999716e+01,1.443999958000000028e+01
5.292600000000000193e+01,1.443999958000000028e+01
5.292699999999999250e+01,1.443999958000000028e+01
5.293099999999999739e+01,1.443999958000000028e+01
5.299200000000000443e+01,1.443999958000000028e+01
5.299500000000000455e+01,1.443999958000000028e+01
5.299599999999999511e+01,1.443999958000000028e+01
5.306000000000000227e+01,1.443999958000000028e+01
5.306199999999999761e+01,1.443999958000000028e+01
5.306300000000000239e+01,1.443999958000000028e+01
5.312500000000000000e+01,1.443999958000000028e+01
5.312800000000000011e+01,1.443999958000000028e+01
5.312900000000000489e+01,1.443999958000000028e+01
5.312900000000000489e+01,1.443999958000000028e+01
5.319100000000000250e+01,1.443999958000000028e+01
5.319400000000000261e+01,1.443999958000000028e+01
5.319499999999999318e+01,1.443999958000000028e+01
5.325900000000000034e+01,1.443999958000000028e+01
5.326099999999999568e+01,1.443999958000000028e+01
5.326200000000000045e+01,1.443999958000000028e+01
5.326299999999999102e+01,1.443999958000000028e+01
5.332899999999999352e+01,1.443999958000000028e+01
5.333100000000000307e+01,1.443999958000000028e+01
5.333299999999999841e+01,1.443999958000000028e+01
5.334600000000000364e+01,1.443999958000000028e+01
5.339399999999999125e+01,1.443999958000000028e+01
5.339600000000000080e+01,1.443999958000000028e+01
5.345799999999999841e+01,1.443999958000000028e+01
5.346099999999999852e+01,1.443999958000000028e+01
5.346099999999999852e+01,1.443999958000000028e+01
5.346299999999999386e+01,1.443999958000000028e+01
5.352499999999999147e+01,1.443999958000000028e+01
5.352700000000000102e+01,1.443999958000000028e+01
5.352899999999999636e+01,1.443999958000000028e+01
5.354500000000000171e+01,1.443999958000000028e+01
5.359300000000000352e+01,1.443999958000000028e+01
5.359499999999999886e+01,1.443999958000000028e+01
5.359600000000000364e+01,1.443999958000000028e+01
5.365899999999999181e+01,1.443999958000000028e+01
5.366199999999999193e+01,1.443999958000000028e+01
5.366299999999999670e+01,1.443999958000000028e+01
5.372499999999999432e+01,1.443999958000000028e+01
5.372799999999999443e+01,1.443999958000000028e+01
5.372899999999999920e+01,1.443999958000000028e+01
5.374500000000000455e+01,1.443999958000000028e+01
5.378600000000000136e+01,1.443999958000000028e+01
5.378699999999999193e+01,1.443999958000000028e+01
5.379299999999999216e+01,1.443999958000000028e+01
5.381099999999999284e+01,1.443999958000000028e+01
5.383100000000000307e+01,1.413000010999999922e+01
5.386700000000000443e+01,1.413000010999999922e+01
5.386799999999999500e+01,1.413000010999999922e+01
5.388700000000000045e+01,1.413000010999999922e+01
5.394700000000000273e+01,1.413000010999999922e+01
5.394799999999999329e+01,1.413000010999999922e+01
5.394799999999999329e+01,1.413000010999999922e+01
5.401599999999999113e+01,1.413000010999999922e+01
5.401800000000000068e+01,1.413000010999999922e+01
5.401899999999999125e+01,1.413000010999999922e+01
5.408599999999999852e+01,1.413000010999999922e+01
5.408899999999999864e+01,1.413000010999999922e+01
5.409000000000000341e+01,1.413000010999999922e+01
5.409099999999999397e+01,1.413000010999999922e+01
5.415299999999999159e+01,1.413000010999999922e+01
5.415500000000000114e+01,1.413000010999999922e+01
5.415599999999999170e+01,1.413000010999999922e+01
5.421699999999999875e+01,1.413000010999999922e+01
5.421899999999999409e+01,1.413000010999999922e+01
5.421999999999999886e+01,1.413000010999999922e+01
5.422100000000000364e+01,1.413000010999999922e+01
5.428499999999999659e+01,1.413000010999999922e+01
5.428799999999999670e+01,1.413000010999999922e+01
5.428900000000000148e+01,1.413000010999999922e+01
5.435099999999999909e+01,1.413000010999999922e+01
5.435399999999999920e+01,1.413000010999999922e+01
5.435500000000000398e+01,1.413000010999999922e+01
5.436100000000000421e+01,1.413000010999999922e+01
5.441700000000000159e+01,1.413000010999999922e+01
5.441899999999999693e+01,1.413000010999999922e+01
5.442000000000000171e+01,1.413000010999999922e+01
5.448399999999999466e+01,1.413000010999999922e+01
5.448699999999999477e+01,1.413000010999999922e+01
5.448699999999999477e+01,1.413000010999999922e+01
5.455199999999999250e+01,1.413000010999999922e+01
5.455400000000000205e+01,1.413000010999999922e+01
5.455499999999999261e+01,1.413000010999999922e+01
5.455599999999999739e+01,1.413000010999999922e+01
5.461799999999999500e+01,1.413000010999999922e+01
5.462000000000000455e+01,1.413000010999999922e+01
5.462099999999999511e+01,1.413000010999999922e+01
5.468599999999999284e+01,1.413000010999999922e+01
5.468800000000000239e+01,1.413000010999999922e+01
5.468899999999999295e+01,1.413000010999999922e+01
5.475700000000000500e+01,1.413000010999999922e+01
5.475900000000000034e+01,1.413000010999999922e+01
5.476000000000000512e+01,1.413000010999999922e+01
5.476000000000000512e+01,1.413000010999999922e+01
5.476399999999999579e+01,1.413000010999999922e+01
5.479500000000000171e+01,1.413000010999999922e+01
5.480400000000000205e+01,1.413000010999999922e+01
5.483499999999999375e+01,1.413000010999999922e+01
5.484300000000000352e+01,1.372999953999999967e+01
5.486400000000000432e+01,1.372999953999999967e+01
5.492600000000000193e+01,1.372999953999999967e+01
5.492799999999999727e+01,1.372999953999999967e+01
5.492900000000000205e+01,1.372999953999999967e+01
5.496500000000000341e+01,1.372999953999999967e+01
5.496699999999999875e+01,1.372999953999999967e+01
5.499399999999999977e+01,1.372999953999999967e+01
5.505899999999999750e+01,1.372999953999999967e+01
5.506099999999999284e+01,1.372999953999999967e+01
5.506199999999999761e+01,1.372999953999999967e+01
5.506199999999999761e+01,1.372999953999999967e+01
5.512699999999999534e+01,1.372999953999999967e+01
5.512900000000000489e+01,1.372999953999999967e+01
5.512999999999999545e+01,1.372999953999999967e+01
5.516899999999999693e+01,1.372999953999999967e+01
5.517000000000000171e+01,1.372999953999999967e+01
5.519499999999999318e+01,1.372999953999999967e+01
5.519700000000000273e+01,1.372999953999999967e+01
5.526000000000000512e+01,1.372999953999999967e+01
5.526099999999999568e+01,1.372999953999999967e+01
5.526099999999999568e+01,1.372999953999999967e+01
5.532699999999999818e+01,1.372999953999999967e+01
5.532899999999999352e+01,1.372999953999999967e+01
5.532999999999999829e+01,1.372999953999999967e+01
5.537800000000000011e+01,1.372999953999999967e+01
5.537999999999999545e+01,1.372999953999999967e+01
5.537999999999999545e+01,1.372999953999999967e+01
5.539099999999999113e+01,1.372999953999999967e+01
5.546099999999999852e+01,1.372999953999999967e+01
5.546299999999999386e+01,1.372999953999999967e+01
5.546299999999999386e+01,1.372999953999999967e+01
5.552700000000000102e+01,1.372999953999999967e+01
5.552799999999999159e+01,1.372999953999999967e+01
5.552899999999999636e+01,1.372999953999999967e+01
5.552899999999999636e+01,1.372999953999999967e+01
5.557699999999999818e+01,1.372999953999999967e+01
5.557899999999999352e+01,1.372999953999999967e+01
5.559399999999999409e+01,1.372999953999999967e+01
5.565899999999999181e+01,1.372999953999999967e+01
5.566100000000000136e+01,1.372999953999999967e+01
5.566199999999999193e+01,1.372999953999999967e+01
5.572599999999999909e+01,1.372999953999999967e+01
5.572799999999999443e+01,1.372999953999999967e+01
5.572899999999999920e+01,1.372999953999999967e+01
5.578000000000000114e+01,1.372999953999999967e+01
5.578099999999999170e+01,1.372999953999999967e+01
5.578099999999999170e+01,1.372999953999999967e+01
5.578900000000000148e+01,1.372999953999999967e+01
5.581999999999999318e+01,1.372999953999999967e+01
5.582899999999999352e+01,1.350000000000000000e+01
5.585099999999999909e+01,1.350000000000000000e+01
5.591700000000000159e+01,1.350000000000000000e+01
5.591899999999999693e+01,1.350000000000000000e+01
5.592000000000000171e+01,1.350000000000000000e+01
5.598699999999999477e+01,1.350000000000000000e+01
5.598900000000000432e+01,1.350000000000000000e+01
5.598999999999999488e+01,1.350000000000000000e+01
5.599099999999999966e+01,1.350000000000000000e+01
5.604999999999999716e+01,1.350000000000000000e+01
5.605299999999999727e+01,1.350000000000000000e+01
5.605400000000000205e+01,1.350000000000000000e+01
5.611299999999999955e+01,1.350000000000000000e+01
5.611499999999999488e+01,1.350000000000000000e+01
5.611599999999999966e+01,1.350000000000000000e+01
5.618200000000000216e+01,1.350000000000000000e+01
5.618500000000000227e+01,1.350000000000000000e+01
5.618599999999999284e+01,1.350000000000000000e+01
5.618800000000000239e+01,1.350000000000000000e+01
5.624699999999999989e+01,1.350000000000000000e+01
5.624899999999999523e+01,1.350000000000000000e+01
5.625000000000000000e+01,1.350000000000000000e+01
5.631399999999999295e+01,1.350000000000000000e+01
5.631699999999999307e+01,1.350000000000000000e+01
5.631900000000000261e+01,1.350000000000000000e+01
5.638500000000000512e+01,1.350000000000000000e+01
5.638799999999999102e+01,1.350000000000000000e+01
5.638899999999999579e+01,1.350000000000000000e+01
5.639000000000000057e+01,1.350000000000000000e+01
5.645099999999999341e+01,1.350000000000000000e+01
5.645399999999999352e+01,1.350000000000000000e+01
5.645600000000000307e+01,1.350000000000000000e+01
5.651699999999999591e+01,1.350000000000000000e+01
5.651899999999999125e+01,1.350000000000000000e+01
5.651899999999999125e+01,1.350000000000000000e+01
5.651999999999999602e+01,1.350000000000000000e+01
5.658100000000000307e+01,1.350000000000000000e+01
5.658400000000000318e+01,1.350000000000000000e+01
5.658499999999999375e+01,1.350000000000000000e+01
5.659499999999999886e+01,1.350000000000000000e+01
5.664600000000000080e+01,1.350000000000000000e+01
5.664900000000000091e+01,1.350000000000000000e+01
5.671399999999999864e+01,1.350000000000000000e+01
5.671699999999999875e+01,1.350000000000000000e+01
5.671800000000000352e+01,1.350000000000000000e+01
5.671999999999999886e+01,1.350000000000000000e+01
5.677599999999999625e+01,1.350000000000000000e+01
5.677700000000000102e+01,1.350000000000000000e+01
5.677700000000000102e+01,1.350000000000000000e+01
5.678399999999999181e+01,1.350000000000000000e+01
5.681499999999999773e+01,1.350000000000000000e+01
5.682599999999999341e+01,1.314000034000000028e+01
5.690399999999999636e+01,1.314000034000000028e+01
5.690599999999999170e+01,1.314000034000000028e+01
5.690699999999999648e+01,1.314000034000000028e+01
5.690800000000000125e+01,1.314000034000000028e+01
5.697100000000000364e+01,1.314000034000000028e+01
5.697400000000000375e+01,1.314000034000000028e+01
5.697499999999999432e+01,1.314000034000000028e+01
5.700300000000000011e+01,1.314000034000000028e+01
5.703999999999999204e+01,1.314000034000000028e+01
5.704299999999999216e+01,1.314000034000000028e+01
5.710399999999999920e+01,1.314000034000000028e+01
5.710599999999999454e+01,1.314000034000000028e+01
5.710699999999999932e+01,1.314000034000000028e+01
5.710800000000000409e+01,1.314000034000000028e+01
5.716799999999999216e+01,1.314000034000000028e+01
5.716899999999999693e+01,1.314000034000000028e+01
5.716899999999999693e+01,1.314000034000000028e+01
5.720499999999999829e+01,1.314000034000000028e+01
5.720699999999999363e+01,1.314000034000000028e+01
5.723799999999999955e+01,1.314000034000000028e+01
5.723999999999999488e+01,1.314000034000000028e+01
5.730599999999999739e+01,1.314000034000000028e+01
5.731000000000000227e+01,1.314000034000000028e+01
5.731099999999999284e+01,1.314000034000000028e+01
5.737000000000000455e+01,1.314000034000000028e+01
5.737199999999999989e+01,1.314000034000000028e+01
5.737300000000000466e+01,1.314000034000000028e+01
5.740800000000000125e+01,1.314000034000000028e+01
5.740999999999999659e+01,1.314000034000000028e+01
5.743899999999999295e+01,1.314000034000000028e+01
5.743999999999999773e+01,1.314000034000000028e+01
5.750600000000000023e+01,1.314000034000000028e+01
5.750799999999999557e+01,1.314000034000000028e+01
5.751000000000000512e+01,1.314000034000000028e+01
5.757299999999999329e+01,1.314000034000000028e+01
5.757599999999999341e+01,1.314000034000000028e+01
5.757800000000000296e+01,1.314000034000000028e+01
5.757899999999999352e+01,1.314000034000000028e+01
5.761199999999999477e+01,1.314000034000000028e+01
5.761400000000000432e+01,1.314000034000000028e+01
5.763700000000000045e+01,1.314000034000000028e+01
5.770499999999999829e+01,1.314000034000000028e+01
5.770799999999999841e+01,1.314000034000000028e+01
5.770900000000000318e+01,1.314000034000000028e+01
5.770999999999999375e+01,1.314000034000000028e+01
5.776899999999999125e+01,1.314000034000000028e+01
5.777100000000000080e+01,1.314000034000000028e+01
5.777100000000000080e+01,1.314000034000000028e+01
5.779699999999999704e+01,1.314000034000000028e+01
5.780499999999999261e+01,1.314000034000000028e+01
5.781799999999999784e+01,1.314000034000000028e+01
5.783899999999999864e+01,1.290999985000000017e+01
5.786299999999999955e+01,1.290999985000000017e+01
5.792699999999999250e+01,1.290999985000000017e+01
5.792799999999999727e+01,1.290999985000000017e+01
5.792900000000000205e+01,1.290999985000000017e+01
5.799099999999999966e+01,1.290999985000000017e+01
5.799200000000000443e+01,1.290999985000000017e+01
5.799299999999999500e+01,1.290999985000000017e+01
5.801599999999999113e+01,1.290999985000000017e+01
5.801699999999999591e+01,1.290999985000000017e+01
5.805799999999999272e+01,1.290999985000000017e+01
5.805899999999999750e+01,1.290999985000000017e+01
5.812399999999999523e+01,1.290999985000000017e+01
5.812500000000000000e+01,1.290999985000000017e+01
5.812600000000000477e+01,1.290999985000000017e+01
5.819299999999999784e+01,1.290999985000000017e+01
5.819400000000000261e+01,1.290999985000000017e+01
5.819499999999999318e+01,1.290999985000000017e+01
5.819499999999999318e+01,1.290999985000000017e+01
5.821999999999999886e+01,1.290999985000000017e+01
5.826000000000000512e+01,1.290999985000000017e+01
5.826200000000000045e+01,1.290999985000000017e+01
5.832699999999999818e+01,1.290999985000000017e+01
5.832800000000000296e+01,1.290999985000000017e+01
5.832899999999999352e+01,1.290999985000000017e+01
5.839300000000000068e+01,1.290999985000000017e+01
5.839399999999999125e+01,1.290999985000000017e+01
5.839499999999999602e+01,1.290999985000000017e+01
5.839499999999999602e+01,1.290999985000000017e+01
5.842600000000000193e+01,1.290999985000000017e+01
5.845999999999999375e+01,1.290999985000000017e+01
5.846200000000000330e+01,1.290999985000000017e+01
5.852700000000000102e+01,1.290999985000000017e+01
5.852799999999999159e+01,1.290999985000000017e+01
5.852799999999999159e+01,1.290999985000000017e+01
5.852799999999999159e+01,1.290999985000000017e+01
5.859199999999999875e+01,1.290999985000000017e+01
5.859300000000000352e+01,1.290999985000000017e+01
5.859399999999999409e+01,1.290999985000000017e+01
5.865800000000000125e+01,1.290999985000000017e+01
5.865899999999999181e+01,1.290999985000000017e+01
5.865899999999999181e+01,1.290999985000000017e+01
5.873199999999999932e+01,1.290999985000000017e+01
5.873399999999999466e+01,1.290999985000000017e+01
5.873499999999999943e+01,1.290999985000000017e+01
5.873600000000000421e+01,1.290999985000000017e+01
5.879099999999999682e+01,1.290999985000000017e+01
5.879200000000000159e+01,1.290999985000000017e+01
5.879299999999999216e+01,1.290999985000000017e+01
5.879800000000000182e+01,1.290999985000000017e+01
5.883499999999999375e+01,1.290999985000000017e+01
5.884099999999999397e+01,1.261999989000000078e+01
5.885599999999999454e+01,1.261999989000000078e+01
5.892600000000000193e+01,1.261999989000000078e+01
5.892999999999999261e+01,1.261999989000000078e+01
5.893099999999999739e+01,1.261999989000000078e+01
5.899299999999999500e+01,1.261999989000000078e+01
5.899500000000000455e+01,1.261999989000000078e+01
5.899599999999999511e+01,1.261999989000000078e+01
5.903600000000000136e+01,1.261999989000000078e+01
5.903799999999999670e+01,1.261999989000000078e+01
5.903900000000000148e+01,1.261999989000000078e+01
5.906099999999999284e+01,1.261999989000000078e+01
5.912600000000000477e+01,1.261999989000000078e+01
5.912800000000000011e+01,1.261999989000000078e+01
5.912900000000000489e+01,1.261999989000000078e+01
5.919599999999999795e+01,1.261999989000000078e+01
5.919899999999999807e+01,1.261999989000000078e+01
5.920000000000000284e+01,1.261999989000000078e+01
5.920099999999999341e+01,1.261999989000000078e+01
5.923900000000000432e+01,1.261999989000000078e+01
5.924299999999999500e+01,1.261999989000000078e+01
5.925900000000000034e+01,1.261999989000000078e+01
5.932699999999999818e+01,1.261999989000000078e+01
5.932800000000000296e+01,1.261999989000000078e+01
5.932800000000000296e+01,1.261999989000000078e+01
5.932800000000000296e+01,1.261999989000000078e+01
5.939799999999999613e+01,1.261999989000000078e+01
5.939999999999999147e+01,1.261999989000000078e+01
5.940099999999999625e+01,1.261999989000000078e+01
5.944299999999999784e+01,1.261999989000000078e+01
5.944499999999999318e+01,1.261999989000000078e+01
5.946099999999999852e+01,1.261999989000000078e+01
5.952700000000000102e+01,1.261999989000000078e+01
5.952899999999999636e+01,1.261999989000000078e+01
5.953000000000000114e+01,1.261999989000000078e+01
5.953099999999999170e+01,1.261999989000000078e+01
5.959399999999999409e+01,1.261999989000000078e+01
5.959600000000000364e+01,1.261999989000000078e+01
5.959699999999999420e+01,1.261999989000000078e+01
5.964699999999999136e+01,1.261999989000000078e+01
5.964999999999999147e+01,1.261999989000000078e+01
5.964999999999999147e+01,1.261999989000000078e+01
5.965800000000000125e+01,1.261999989000000078e+01
5.973099999999999454e+01,1.261999989000000078e+01
5.973399999999999466e+01,1.261999989000000078e+01
5.973499999999999943e+01,1.261999989000000078e+01
5.978600000000000136e+01,1.261999989000000078e+01
5.978699999999999193e+01,1.261999989000000078e+01
5.978699999999999193e+01,1.261999989000000078e+01
5.979699999999999704e+01,1.261999989000000078e+01
5.982999999999999829e+01,1.261999989000000078e+01
5.983799999999999386e+01,1.222999953999999967e+01
5.985500000000000398e+01,1.222999953999999967e+01
5.987699999999999534e+01,1.222999953999999967e+01
5.993299999999999272e+01,1.222999953999999967e+01
5.993500000000000227e+01,1.222999953999999967e+01
5.993599999999999284e+01,1.222999953999999967e+01
6.000499999999999545e+01,1.222999953999999967e+01
6.000700000000000500e+01,1.222999953999999967e+01
6.000799999999999557e+01,1.222999953999999967e+01
6.005299999999999727e+01,1.222999953999999967e+01
6.005599999999999739e+01,1.222999953999999967e+01
6.005700000000000216e+01,1.222999953999999967e+01
6.006699999999999307e+01,1.222999953999999967e+01
6.013899999999999579e+01,1.222999953999999967e+01
6.014099999999999113e+01,1.222999953999999967e+01
6.014300000000000068e+01,1.222999953999999967e+01
6.020499999999999829e+01,1.222999953999999967e+01
6.020699999999999363e+01,1.222999953999999967e+01
6.020799999999999841e+01,1.222999953999999967e+01
6.025799999999999557e+01,1.222999953999999967e+01
6.026000000000000512e+01,1.222999953999999967e+01
6.026099999999999568e+01,1.222999953999999967e+01
6.026899999999999125e+01,1.222999953999999967e+01
6.033599999999999852e+01,1.222999953999999967e+01
6.033799999999999386e+01,1.222999953999999967e+01
6.033799999999999386e+01,1.222999953999999967e+01
6.040200000000000102e+01,1.222999953999999967e+01
6.040399999999999636e+01,1.222999953999999967e+01
6.040399999999999636e+01,1.222999953999999967e+01
6.040500000000000114e+01,1.222999953999999967e+01
6.045900000000000318e+01,1.222999953999999967e+01
6.045900000000000318e+01,1.222999953999999967e+01
6.046699999999999875e+01,1.222999953999999967e+01
6.053600000000000136e+01,1.222999953999999967e+01
6.053900000000000148e+01,1.222999953999999967e+01
6.053900000000000148e+01,1.222999953999999967e+01
6.060500000000000398e+01,1.222999953999999967e+01
6.060699999999999932e+01,1.222999953999999967e+01
6.060800000000000409e+01,1.222999953999999967e+01
6.060899999999999466e+01,1.222999953999999967e+01
6.066700000000000159e+01,1.222999953999999967e+01
6.067099999999999227e+01,1.222999953999999967e+01
6.067199999999999704e+01,1.222999953999999967e+01
6.073699999999999477e+01,1.222999953999999967e+01
6.073900000000000432e+01,1.222999953999999967e+01
6.073999999999999488e+01,1.222999953999999967e+01
6.074099999999999966e+01,1.222999953999999967e+01
6.079699999999999704e+01,1.222999953999999967e+01
6.079800000000000182e+01,1.222999953999999967e+01
6.079800000000000182e+01,1.222999953999999967e+01
6.081799999999999784e+01,1.222999953999999967e+01
6.084000000000000341e+01,1.202999973000000011e+01
6.085200000000000387e+01,1.202999973000000011e+01
6.086899999999999977e+01,1.202999973000000011e+01
6.093299999999999272e+01,1.202999973000000011e+01
6.093500000000000227e+01,1.202999973000000011e+01
6.093599999999999284e+01,1.202999973000000011e+01
6.099899999999999523e+01,1.202999973000000011e+01
6.100199999999999534e+01,1.202999973000000011e+01
6.100300000000000011e+01,1.202999973000000011e+01
6.106499999999999773e+01,1.202999973000000011e+01
6.106799999999999784e+01,1.202999973000000011e+01
6.106900000000000261e+01,1.202999973000000011e+01
6.107599999999999341e+01,1.202999973000000011e+01
6.113100000000000023e+01,1.202999973000000011e+01
6.113400000000000034e+01,1.202999973000000011e+01
6.113500000000000512e+01,1.202999973000000011e+01
6.120199999999999818e+01,1.202999973000000011e+01
6.120399999999999352e+01,1.202999973000000011e+01
6.120600000000000307e+01,1.202999973000000011e+01
6.126999999999999602e+01,1.202999973000000011e+01
6.127299999999999613e+01,1.202999973000000011e+01
6.127400000000000091e+01,1.202999973000000011e+01
6.127499999999999147e+01,1.202999973000000011e+01
6.133100000000000307e+01,1.202999973000000011e+01
6.133299999999999841e+01,1.202999973000000011e+01
6.133400000000000318e+01,1.202999973000000011e+01
6.139799999999999613e+01,1.202999973000000011e+01
6.140099999999999625e+01,1.202999973000000011e+01
6.140200000000000102e+01,1.202999973000000011e+01
6.140299999999999159e+01,1.202999973000000011e+01
6.146699999999999875e+01,1.202999973000000011e+01
6.146899999999999409e+01,1.202999973000000011e+01
6.146999999999999886e+01,1.202999973000000011e+01
6.147700000000000387e+01,1.202999973000000011e+01
6.153099999999999170e+01,1.202999973000000011e+01
6.153399999999999181e+01,1.202999973000000011e+01
6.160099999999999909e+01,1.202999973000000011e+01
6.160399999999999920e+01,1.202999973000000011e+01
6.160500000000000398e+01,1.202999973000000011e+01
6.160599999999999454e+01,1.202999973000000011e+01
6.166700000000000159e+01,1.202999973000000011e+01
6.167000000000000171e+01,1.202999973000000011e+01
6.167099999999999227e+01,1.202999973000000011e+01
6.167999999999999261e+01,1.202999973000000011e+01
6.173300000000000409e+01,1.202999973000000011e+01
6.173600000000000421e+01,1.202999973000000011e+01
6.173699999999999477e+01,1.202999973000000011e+01
6.178000000000000114e+01,1.202999973000000011e+01
6.178099999999999170e+01,1.202999973000000011e+01
6.178999999999999204e+01,1.202999973000000011e+01
6.182099999999999795e+01,1.202999973000000011e+01
6.182699999999999818e+01,1.160000038000000089e+01
6.188799999999999102e+01,1.160000038000000089e+01
6.189000000000000057e+01,1.160000038000000089e+01
6.189000000000000057e+01,1.160000038000000089e+01
6.191299999999999670e+01,1.160000038000000089e+01
6.198300000000000409e+01,1.160000038000000089e+01
6.198499999999999943e+01,1.160000038000000089e+01
6.198600000000000421e+01,1.160000038000000089e+01
6.204899999999999238e+01,1.160000038000000089e+01
6.205100000000000193e+01,1.160000038000000089e+01
6.205299999999999727e+01,1.160000038000000089e+01
6.205499999999999261e+01,1.160000038000000089e+01
6.208799999999999386e+01,1.160000038000000089e+01
6.209000000000000341e+01,1.160000038000000089e+01
6.211599999999999966e+01,1.160000038000000089e+01
6.218099999999999739e+01,1.160000038000000089e+01
6.218299999999999272e+01,1.160000038000000089e+01
6.218500000000000227e+01,1.160000038000000089e+01
6.218599999999999284e+01,1.160000038000000089e+01
6.224899999999999523e+01,1.160000038000000089e+01
6.225199999999999534e+01,1.160000038000000089e+01
6.225300000000000011e+01,1.160000038000000089e+01
6.229800000000000182e+01,1.160000038000000089e+01
6.229999999999999716e+01,1.160000038000000089e+01
6.231900000000000261e+01,1.160000038000000089e+01
6.238500000000000512e+01,1.160000038000000089e+01
6.238700000000000045e+01,1.160000038000000089e+01
6.238799999999999102e+01,1.160000038000000089e+01
6.238799999999999102e+01,1.160000038000000089e+01
6.245000000000000284e+01,1.160000038000000089e+01
6.245300000000000296e+01,1.160000038000000089e+01
6.245399999999999352e+01,1.160000038000000089e+01
6.249500000000000455e+01,1.160000038000000089e+01
6.249599999999999511e+01,1.160000038000000089e+01
6.249699999999999989e+01,1.160000038000000089e+01
6.251500000000000057e+01,1.160000038000000089e+01
6.258299999999999841e+01,1.160000038000000089e+01
6.258499999999999375e+01,1.160000038000000089e+01
6.258599999999999852e+01,1.160000038000000089e+01
6.264999999999999147e+01,1.160000038000000089e+01
6.265399999999999636e+01,1.160000038000000089e+01
6.265500000000000114e+01,1.160000038000000089e+01
6.265599999999999170e+01,1.160000038000000089e+01
6.269899999999999807e+01,1.160000038000000089e+01
6.270300000000000296e+01,1.160000038000000089e+01
6.271599999999999397e+01,1.160000038000000089e+01
6.278199999999999648e+01,1.160000038000000089e+01
6.278399999999999181e+01,1.160000038000000089e+01
6.278399999999999181e+01,1.160000038000000089e+01
6.278799999999999670e+01,1.160000038000000089e+01
6.280599999999999739e+01,1.160000038000000089e+01
6.282500000000000284e+01,1.140999985000000017e+01
6.284399999999999409e+01,1.140999985000000017e+01
6.291400000000000148e+01,1.140999985000000017e+01
6.291599999999999682e+01,1.140999985000000017e+01
6.291700000000000159e+01,1.140999985000000017e+01
6.298300000000000409e+01,1.140999985000000017e+01
6.298499999999999943e+01,1.140999985000000017e+01
6.298600000000000421e+01,1.140999985000000017e+01
6.298699999999999477e+01,1.140999985000000017e+01
6.305100000000000193e+01,1.140999985000000017e+01
6.305299999999999727e+01,1.140999985000000017e+01
6.305400000000000205e+01,1.140999985000000017e+01
6.310599999999999454e+01,1.140999985000000017e+01
6.310800000000000409e+01,1.140999985000000017e+01
6.310899999999999466e+01,1.140999985000000017e+01
6.318599999999999284e+01,1.140999985000000017e+01
6.318899999999999295e+01,1.140999985000000017e+01
6.318999999999999773e+01,1.140999985000000017e+01
6.319100000000000250e+01,1.140999985000000017e+01
6.325100000000000477e+01,1.140999985000000017e+01
6.325300000000000011e+01,1.140999985000000017e+01
6.325400000000000489e+01,1.140999985000000017e+01
6.331099999999999284e+01,1.140999985000000017e+01
6.331399999999999295e+01,1.140999985000000017e+01
6.331499999999999773e+01,1.140999985000000017e+01
6.331600000000000250e+01,1.140999985000000017e+01
6.338299999999999557e+01,1.140999985000000017e+01
6.338599999999999568e+01,1.140999985000000017e+01
6.338700000000000045e+01,1.140999985000000017e+01
6.345000000000000284e+01,1.140999985000000017e+01
6.345300000000000296e+01,1.140999985000000017e+01
6.345399999999999352e+01,1.140999985000000017e+01
6.345499999999999829e+01,1.140999985000000017e+01
6.351299999999999102e+01,1.140999985000000017e+01
6.351599999999999113e+01,1.140999985000000017e+01
6.351699999999999591e+01,1.140999985000000017e+01
6.358299999999999841e+01,1.140999985000000017e+01
6.358499999999999375e+01,1.140999985000000017e+01
6.358599999999999852e+01,1.140999985000000017e+01
6.365200000000000102e+01,1.140999985000000017e+01
6.365399999999999636e+01,1.140999985000000017e+01
6.365500000000000114e+01,1.140999985000000017e+01
6.365599999999999170e+01,1.140999985000000017e+01
6.371599999999999397e+01,1.140999985000000017e+01
6.371800000000000352e+01,1.140999985000000017e+01
6.371899999999999409e+01,1.140999985000000017e+01
6.378300000000000125e+01,1.140999985000000017e+01
6.378399999999999181e+01,1.140999985000000017e+01
6.378399999999999181e+01,1.140999985000000017e+01
6.378399999999999181e+01,1.140999985000000017e+01
6.380100000000000193e+01,1.140999985000000017e+01
6.382099999999999795e+01,1.102000046000000033e+01
6.384099999999999397e+01,1.102000046000000033e+01
6.391199999999999193e+01,1.102000046000000033e+01
6.391400000000000148e+01,1.102000046000000033e+01
6.391400000000000148e+01,1.102000046000000033e+01
6.391899999999999693e+01,1.102000046000000033e+01
6.398099999999999454e+01,1.102000046000000033e+01
6.398399999999999466e+01,1.102000046000000033e+01
6.398499999999999943e+01,1.102000046000000033e+01
6.404899999999999238e+01,1.102000046000000033e+01
6.405100000000000193e+01,1.102000046000000033e+01
6.405299999999999727e+01,1.102000046000000033e+01
6.411599999999999966e+01,1.102000046000000033e+01
6.411799999999999500e+01,1.102000046000000033e+01
6.411899999999999977e+01,1.102000046000000033e+01
6.417900000000000205e+01,1.102000046000000033e+01
6.418200000000000216e+01,1.102000046000000033e+01
6.418299999999999272e+01,1.102000046000000033e+01
6.424599999999999511e+01,1.102000046000000033e+01
6.424800000000000466e+01,1.102000046000000033e+01
6.425000000000000000e+01,1.102000046000000033e+01
6.425100000000000477e+01,1.102000046000000033e+01
6.431699999999999307e+01,1.102000046000000033e+01
6.431900000000000261e+01,1.102000046000000033e+01
6.431999999999999318e+01,1.102000046000000033e+01
6.432899999999999352e+01,1.102000046000000033e+01
6.438299999999999557e+01,1.102000046000000033e+01
6.438599999999999568e+01,1.102000046000000033e+01
6.438599999999999568e+01,1.102000046000000033e+01
6.444799999999999329e+01,1.102000046000000033e+01
6.445000000000000284e+01,1.102000046000000033e+01
6.445099999999999341e+01,1.102000046000000033e+01
6.451500000000000057e+01,1.102000046000000033e+01
6.451800000000000068e+01,1.102000046000000033e+01
6.451899999999999125e+01,1.102000046000000033e+01
6.453099999999999170e+01,1.102000046000000033e+01
6.457999999999999829e+01,1.102000046000000033e+01
6.458199999999999363e+01,1.102000046000000033e+01
6.458299999999999841e+01,1.102000046000000033e+01
6.464799999999999613e+01,1.102000046000000033e+01
6.464999999999999147e+01,1.102000046000000033e+01
6.465099999999999625e+01,1.102000046000000033e+01
6.471699999999999875e+01,1.102000046000000033e+01
6.471999999999999886e+01,1.102000046000000033e+01
6.472100000000000364e+01,1.102000046000000033e+01
6.472100000000000364e+01,1.102000046000000033e+01
6.473199999999999932e+01,1.102000046000000033e+01
6.478399999999999181e+01,1.102000046000000033e+01
6.478499999999999659e+01,1.102000046000000033e+01
6.478799999999999670e+01,1.102000046000000033e+01
6.480799999999999272e+01,1.102000046000000033e+01
6.482699999999999818e+01,1.072999953999999967e+01
6.484900000000000375e+01,1.072999953999999967e+01
6.492099999999999227e+01,1.072999953999999967e+01
6.492399999999999238e+01,1.072999953999999967e+01
6.492399999999999238e+01,1.072999953999999967e+01
6.493599999999999284e+01,1.072999953999999967e+01
6.498799999999999955e+01,1.072999953999999967e+01
6.498900000000000432e+01,1.072999953999999967e+01
6.498999999999999488e+01,1.072999953999999967e+01
6.505400000000000205e+01,1.072999953999999967e+01
6.505700000000000216e+01,1.072999953999999967e+01
6.505700000000000216e+01,1.072999953999999967e+01
6.512199999999999989e+01,1.072999953999999967e+01
6.512399999999999523e+01,1.072999953999999967e+01
6.512600000000000477e+01,1.072999953999999967e+01
6.512699999999999534e+01,1.072999953999999967e+01
6.519299999999999784e+01,1.072999953999999967e+01
6.519499999999999318e+01,1.072999953999999967e+01
6.519599999999999795e+01,1.072999953999999967e+01
6.525700000000000500e+01,1.072999953999999967e+01
6.526000000000000512e+01,1.072999953999999967e+01
6.526099999999999568e+01,1.072999953999999967e+01
6.532099999999999795e+01,1.072999953999999967e+01
6.532399999999999807e+01,1.072999953999999967e+01
6.532500000000000284e+01,1.072999953999999967e+01
6.532599999999999341e+01,1.072999953999999967e+01
6.534399999999999409e+01,1.072999953999999967e+01
6.538899999999999579e+01,1.072999953999999967e+01
6.539199999999999591e+01,1.072999953999999967e+01
6.545499999999999829e+01,1.072999953999999967e+01
6.545699999999999363e+01,1.072999953999999967e+01
6.545799999999999841e+01,1.072999953999999967e+01
6.545900000000000318e+01,1.072999953999999967e+01
6.552100000000000080e+01,1.072999953999999967e+01
6.552299999999999613e+01,1.072999953999999967e+01
6.552400000000000091e+01,1.072999953999999967e+01
6.558599999999999852e+01,1.072999953999999967e+01
6.558700000000000330e+01,1.072999953999999967e+01
6.558700000000000330e+01,1.072999953999999967e+01
6.565800000000000125e+01,1.072999953999999967e+01
6.566100000000000136e+01,1.072999953999999967e+01
6.566100000000000136e+01,1.072999953999999967e+01
6.566299999999999670e+01,1.072999953999999967e+01
6.571999999999999886e+01,1.072999953999999967e+01
6.572199999999999420e+01,1.072999953999999967e+01
6.572299999999999898e+01,1.072999953999999967e+01
6.575100000000000477e+01,1.072999953999999967e+01
6.575300000000000011e+01,1.072999953999999967e+01
6.579299999999999216e+01,1.072999953999999967e+01
6.579399999999999693e+01,1.072999953999999967e+01
6.580400000000000205e+01,1.072999953999999967e+01
6.583700000000000330e+01,1.055000019000000044e+01
6.584300000000000352e+01,1.055000019000000044e+01
6.586599999999999966e+01,1.055000019000000044e+01
6.592799999999999727e+01,1.055000019000000044e+01
6.592999999999999261e+01,1.055000019000000044e+01
6.593099999999999739e+01,1.055000019000000044e+01
6.599599999999999511e+01,1.055000019000000044e+01
6.599899999999999523e+01,1.055000019000000044e+01
6.600000000000000000e+01,1.055000019000000044e+01
6.606499999999999773e+01,1.055000019000000044e+01
6.606799999999999784e+01,1.055000019000000044e+01
6.606900000000000261e+01,1.055000019000000044e+01
6.606900000000000261e+01,1.055000019000000044e+01
6.613200000000000500e+01,1.055000019000000044e+01
6.613400000000000034e+01,1.055000019000000044e+01
6.613500000000000512e+01,1.055000019000000044e+01
6.615599999999999170e+01,1.055000019000000044e+01
6.615800000000000125e+01,1.055000019000000044e+01
6.619700000000000273e+01,1.055000019000000044e+01
6.620000000000000284e+01,1.055000019000000044e+01
6.626500000000000057e+01,1.055000019000000044e+01
6.626699999999999591e+01,1.055000019000000044e+01
6.626800000000000068e+01,1.055000019000000044e+01
6.632800000000000296e+01,1.055000019000000044e+01
6.633100000000000307e+01,1.055000019000000044e+01
6.633199999999999363e+01,1.055000019000000044e+01
6.636299999999999955e+01,1.055000019000000044e+01
6.636599999999999966e+01,1.055000019000000044e+01
6.639799999999999613e+01,1.055000019000000044e+01
6.639999999999999147e+01,1.055000019000000044e+01
6.646299999999999386e+01,1.055000019000000044e+01
6.646599999999999397e+01,1.055000019000000044e+01
6.646699999999999875e+01,1.055000019000000044e+01
6.652799999999999159e+01,1.055000019000000044e+01
6.653099999999999170e+01,1.055000019000000044e+01
6.653300000000000125e+01,1.055000019000000044e+01
6.653399999999999181e+01,1.055000019000000044e+01
6.656399999999999295e+01,1.055000019000000044e+01
6.659900000000000375e+01,1.055000019000000044e+01
6.660099999999999909e+01,1.055000019000000044e+01
6.666700000000000159e+01,1.055000019000000044e+01
6.666899999999999693e+01,1.055000019000000044e+01
6.667000000000000171e+01,1.055000019000000044e+01
6.673300000000000409e+01,1.055000019000000044e+01
6.673499999999999943e+01,1.055000019000000044e+01
6.673600000000000421e+01,1.055000019000000044e+01
6.673799999999999955e+01,1.055000019000000044e+01
6.677199999999999136e+01,1.055000019000000044e+01
6.677299999999999613e+01,1.055000019000000044e+01
6.678499999999999659e+01,1.055000019000000044e+01
6.679899999999999238e+01,1.055000019000000044e+01
6.681900000000000261e+01,1.021000004000000061e+01
6.684000000000000341e+01,1.021000004000000061e+01
6.691100000000000136e+01,1.021000004000000061e+01
6.691400000000000148e+01,1.021000004000000061e+01
6.691499999999999204e+01,1.021000004000000061e+01
6.696999999999999886e+01,1.021000004000000061e+01
6.697199999999999420e+01,1.021000004000000061e+01
6.697299999999999898e+01,1.021000004000000061e+01
6.697499999999999432e+01,1.021000004000000061e+01
6.704599999999999227e+01,1.021000004000000061e+01
6.704899999999999238e+01,1.021000004000000061e+01
6.704999999999999716e+01,1.021000004000000061e+01
6.710999999999999943e+01,1.021000004000000061e+01
6.711299999999999955e+01,1.021000004000000061e+01
6.711400000000000432e+01,1.021000004000000061e+01
6.717699999999999250e+01,1.021000004000000061e+01
6.717999999999999261e+01,1.021000004000000061e+01
6.718200000000000216e+01,1.021000004000000061e+01
6.718299999999999272e+01,1.021000004000000061e+01
6.724500000000000455e+01,1.021000004000000061e+01
6.724800000000000466e+01,1.021000004000000061e+01
6.724800000000000466e+01,1.021000004000000061e+01
6.731499999999999773e+01,1.021000004000000061e+01
6.731699999999999307e+01,1.021000004000000061e+01
6.731799999999999784e+01,1.021000004000000061e+01
6.731900000000000261e+01,1.021000004000000061e+01
6.737999999999999545e+01,1.021000004000000061e+01
6.738200000000000500e+01,1.021000004000000061e+01
6.738299999999999557e+01,1.021000004000000061e+01
6.744499999999999318e+01,1.021000004000000061e+01
6.744700000000000273e+01,1.021000004000000061e+01
6.744799999999999329e+01,1.021000004000000061e+01
6.751299999999999102e+01,1.021000004000000061e+01
6.751500000000000057e+01,1.021000004000000061e+01
6.751599999999999113e+01,1.021000004000000061e+01
6.751699999999999591e+01,1.021000004000000061e+01
6.757599999999999341e+01,1.021000004000000061e+01
6.757800000000000296e+01,1.021000004000000061e+01
6.757999999999999829e+01,1.021000004000000061e+01
6.758400000000000318e+01,1.021000004000000061e+01
6.764499999999999602e+01,1.021000004000000061e+01
6.764799999999999613e+01,1.021000004000000061e+01
6.764900000000000091e+01,1.021000004000000061e+01
6.771099999999999852e+01,1.021000004000000061e+01
6.771299999999999386e+01,1.021000004000000061e+01
6.771399999999999864e+01,1.021000004000000061e+01
6.778499999999999659e+01,1.021000004000000061e+01
6.778699999999999193e+01,1.021000004000000061e+01
6.778699999999999193e+01,1.021000004000000061e+01
6.778699999999999193e+01,1.021000004000000061e+01
6.780599999999999739e+01,1.021000004000000061e+01
6.782699999999999818e+01,1.002000046000000033e+01
6.783499999999999375e+01,1.002000046000000033e+01
6.785899999999999466e+01,1.002000046000000033e+01
6.792199999999999704e+01,1.002000046000000033e+01
6.792499999999999716e+01,1.002000046000000033e+01
6.792600000000000193e+01,1.002000046000000033e+01
6.798799999999999955e+01,1.002000046000000033e+01
6.799099999999999966e+01,1.002000046000000033e+01
6.799200000000000443e+01,1.002000046000000033e+01
6.805899999999999750e+01,1.002000046000000033e+01
6.806199999999999761e+01,1.002000046000000033e+01
6.806399999999999295e+01,1.002000046000000033e+01
6.806499999999999773e+01,1.002000046000000033e+01
6.812300000000000466e+01,1.002000046000000033e+01
6.812500000000000000e+01,1.002000046000000033e+01
6.812699999999999534e+01,1.002000046000000033e+01
6.819299999999999784e+01,1.002000046000000033e+01
6.819499999999999318e+01,1.002000046000000033e+01
6.819599999999999795e+01,1.002000046000000033e+01
6.819799999999999329e+01,1.002000046000000033e+01
6.826000000000000512e+01,1.002000046000000033e+01
6.826299999999999102e+01,1.002000046000000033e+01
6.826299999999999102e+01,1.002000046000000033e+01
6.832299999999999329e+01,1.002000046000000033e+01
6.832500000000000284e+01,1.002000046000000033e+01
6.832599999999999341e+01,1.002000046000000033e+01
6.838899999999999579e+01,1.002000046000000033e+01
6.839099999999999113e+01,1.002000046000000033e+01
6.839199999999999591e+01,1.002000046000000033e+01
6.839300000000000068e+01,1.002000046000000033e+01
6.845499999999999829e+01,1.002000046000000033e+01
6.845699999999999363e+01,1.002000046000000033e+01
6.845799999999999841e+01,1.002000046000000033e+01
6.852199999999999136e+01,1.002000046000000033e+01
6.852400000000000091e+01,1.002000046000000033e+01
6.852499999999999147e+01,1.002000046000000033e+01
6.852599999999999625e+01,1.002000046000000033e+01
6.859000000000000341e+01,1.002000046000000033e+01
6.859300000000000352e+01,1.002000046000000033e+01
6.859399999999999409e+01,1.002000046000000033e+01
6.860099999999999909e+01,1.002000046000000033e+01
6.865699999999999648e+01,1.002000046000000033e+01
6.865899999999999181e+01,1.002000046000000033e+01
6.872199999999999420e+01,1.002000046000000033e+01
6.872499999999999432e+01,1.002000046000000033e+01
6.872499999999999432e+01,1.002000046000000033e+01
6.872599999999999909e+01,1.002000046000000033e+01
6.878399999999999181e+01,1.002000046000000033e+01
6.878499999999999659e+01,1.002000046000000033e+01
6.878499999999999659e+01,1.002000046000000033e+01
6.879500000000000171e+01,1.002000046000000033e+01
6.885599999999999454e+01,1.002000046000000033e+01
6.885899999999999466e+01,9.590000149999999834e+00
6.885999999999999943e+01,9.590000149999999834e+00
6.892399999999999238e+01,9.590000149999999834e+00
6.892699999999999250e+01,9.590000149999999834e+00
6.892799999999999727e+01,9.590000149999999834e+00
6.899099999999999966e+01,9.590000149999999834e+00
6.899299999999999500e+01,9.590000149999999834e+00
6.899399999999999977e+01,9.590000149999999834e+00
6.899500000000000455e+01,9.590000149999999834e+00
6.905899999999999750e+01,9.590000149999999834e+00
6.906099999999999284e+01,9.590000149999999834e+00
6.906199999999999761e+01,9.590000149999999834e+00
6.912399999999999523e+01,9.590000149999999834e+00
6.912699999999999534e+01,9.590000149999999834e+00
6.912800000000000011e+01,9.590000149999999834e+00
6.919299999999999784e+01,9.590000149999999834e+00
6.919599999999999795e+01,9.590000149999999834e+00
6.919700000000000273e+01,9.590000149999999834e+00
6.919799999999999329e+01,9.590000149999999834e+00
6.920799999999999841e+01,9.590000149999999834e+00
6.925700000000000500e+01,9.590000149999999834e+00
6.925900000000000034e+01,9.590000149999999834e+00
6.932399999999999807e+01,9.590000149999999834e+00
6.932599999999999341e+01,9.590000149999999834e+00
6.932699999999999818e+01,9.590000149999999834e+00
6.932800000000000296e+01,9.590000149999999834e+00
6.939000000000000057e+01,9.590000149999999834e+00
6.939300000000000068e+01,9.590000149999999834e+00
6.939300000000000068e+01,9.590000149999999834e+00
6.940999999999999659e+01,9.590000149999999834e+00
6.945699999999999363e+01,9.590000149999999834e+00
6.945999999999999375e+01,9.590000149999999834e+00
6.952400000000000091e+01,9.590000149999999834e+00
6.952700000000000102e+01,9.590000149999999834e+00
6.952799999999999159e+01,9.590000149999999834e+00
6.952899999999999636e+01,9.590000149999999834e+00
6.959399999999999409e+01,9.590000149999999834e+00
6.959600000000000364e+01,9.590000149999999834e+00
6.959699999999999420e+01,9.590000149999999834e+00
6.961499999999999488e+01,9.590000149999999834e+00
6.961599999999999966e+01,9.590000149999999834e+00
6.965699999999999648e+01,9.590000149999999834e+00
6.965899999999999181e+01,9.590000149999999834e+00
6.972499999999999432e+01,9.590000149999999834e+00
6.972700000000000387e+01,9.590000149999999834e+00
6.972799999999999443e+01,9.590000149999999834e+00
6.978499999999999659e+01,9.590000149999999834e+00
6.978600000000000136e+01,9.590000149999999834e+00
6.978600000000000136e+01,9.590000149999999834e+00
6.978900000000000148e+01,9.590000149999999834e+00
6.981799999999999784e+01,9.590000149999999834e+00
6.985699999999999932e+01,9.460000040000000610e+00
6.985800000000000409e+01,9.460000040000000610e+00
