time_s,speed_mps
0.000000000000000000e+00,4.127999877999999967e+01
1.999999999998891553e-03,4.127999877999999967e+01
4.999999999999005240e-03,4.127999877999999967e+01
6.999999999999673150e-03,4.127999877999999967e+01
6.700000000000017053e-02,4.127999877999999967e+01
6.899999999999906208e-02,4.127999877999999967e+01
7.000000000000028422e-02,4.127999877999999967e+01
1.319999999999996732e-01,4.127999877999999967e+01
1.349999999999997868e-01,4.127999877999999967e+01
1.369999999999986784e-01,4.127999877999999967e+01
1.379999999999999005e-01,4.127999877999999967e+01
1.999999999999992895e-01,4.127999877999999967e+01
2.029999999999994031e-01,4.127999877999999967e+01
2.039999999999988489e-01,4.127999877999999967e+01
2.669999999999994600e-01,4.127999877999999967e+01
2.690000000000001279e-01,4.127999877999999967e+01
2.699999999999995737e-01,4.127999877999999967e+01
2.720000000000002416e-01,4.127999877999999967e+01
3.349999999999990763e-01,4.127999877999999967e+01
3.379999999999991900e-01,4.127999877999999967e+01
3.390000000000004121e-01,4.127999877999999967e+01
3.989999999999991331e-01,4.127999877999999967e+01
4.019999999999992468e-01,4.127999877999999967e+01
4.039999999999999147e-01,4.127999877999999967e+01
4.669999999999987494e-01,4.127999877999999967e+01
4.689999999999994174e-01,4.127999877999999967e+01
4.699999999999988631e-01,4.127999877999999967e+01
4.710000000000000853e-01,4.127999877999999967e+01
5.339999999999989200e-01,4.127999877999999967e+01
5.369999999999990337e-01,4.127999877999999967e+01
5.380000000000002558e-01,4.127999877999999967e+01
5.410000000000003695e-01,4.127999877999999967e+01
5.979999999999989768e-01,4.127999877999999967e+01
5.999999999999996447e-01,4.127999877999999967e+01
5.999999999999996447e-01,4.127999877999999967e+01
6.209999999999986642e-01,4.127999877999999967e+01
6.429999999999989058e-01,4.040999984999999839e+01
6.559999999999988063e-01,4.040999984999999839e+01
7.339999999999999858e-01,4.040999984999999839e+01
7.379999999999995453e-01,4.040999984999999839e+01
7.389999999999989910e-01,4.040999984999999839e+01
7.409999999999996589e-01,4.040999984999999839e+01
8.010000000000001563e-01,4.040999984999999839e+01
8.029999999999990479e-01,4.040999984999999839e+01
8.049999999999997158e-01,4.040999984999999839e+01
8.669999999999991047e-01,4.040999984999999839e+01
8.699999999999992184e-01,4.040999984999999839e+01
8.709999999999986642e-01,4.040999984999999839e+01
9.339999999999992752e-01,4.040999984999999839e+01
9.369999999999993889e-01,4.040999984999999839e+01
9.390000000000000568e-01,4.040999984999999839e+01
9.399999999999995026e-01,4.040999984999999839e+01
1.000999999999999446e+00,4.040999984999999839e+01
1.003999999999999559e+00,4.040999984999999839e+01
1.006000000000000227e+00,4.040999984999999839e+01
1.067999999999999616e+00,4.040999984999999839e+01
1.070999999999999730e+00,4.040999984999999839e+01
1.071999999999999176e+00,4.040999984999999839e+01
1.073999999999999844e+00,4.040999984999999839e+01
1.134999999999999787e+00,4.040999984999999839e+01
1.137999999999999901e+00,4.040999984999999839e+01
1.138999999999999346e+00,4.040999984999999839e+01
1.148999999999999133e+00,4.040999984999999839e+01
1.200999999999998735e+00,4.040999984999999839e+01
1.205000000000000071e+00,4.040999984999999839e+01
1.267999999999998906e+00,4.040999984999999839e+01
1.270999999999999019e+00,4.040999984999999839e+01
1.272000000000000242e+00,4.040999984999999839e+01
1.272999999999999687e+00,4.040999984999999839e+01
1.333999999999999631e+00,4.040999984999999839e+01
1.336999999999999744e+00,4.040999984999999839e+01
1.337999999999999190e+00,4.040999984999999839e+01
1.355000000000000426e+00,4.040999984999999839e+01
1.401999999999999247e+00,4.040999984999999839e+01
1.404999999999999361e+00,4.040999984999999839e+01
1.405999999999998806e+00,4.040999984999999839e+01
1.469999999999998863e+00,4.040999984999999839e+01
1.472999999999998977e+00,4.040999984999999839e+01
1.474999999999999645e+00,4.040999984999999839e+01
1.538000000000000256e+00,4.040999984999999839e+01
1.541999999999999815e+00,4.040999984999999839e+01
1.543999999999998707e+00,4.040999984999999839e+01
1.555999999999999162e+00,4.040999984999999839e+01
1.600999999999999091e+00,4.040999984999999839e+01
1.602000000000000313e+00,4.040999984999999839e+01
1.602999999999999758e+00,4.040999984999999839e+01
1.615000000000000213e+00,4.040999984999999839e+01
1.647999999999999687e+00,4.040999984999999839e+01
1.654999999999999361e+00,4.002999877999999967e+01
1.674999999999998934e+00,4.002999877999999967e+01
1.740000000000000213e+00,4.002999877999999967e+01
1.741999999999999105e+00,4.002999877999999967e+01
1.744999999999999218e+00,4.002999877999999967e+01
1.759999999999999787e+00,4.002999877999999967e+01
1.805999999999999162e+00,4.002999877999999967e+01
1.808999999999999275e+00,4.002999877999999967e+01
1.871999999999999886e+00,4.002999877999999967e+01
1.875000000000000000e+00,4.002999877999999967e+01
1.875999999999999446e+00,4.002999877999999967e+01
1.878000000000000114e+00,4.002999877999999967e+01
1.939999999999999503e+00,4.002999877999999967e+01
1.942000000000000171e+00,4.002999877999999967e+01
1.943999999999999062e+00,4.002999877999999967e+01
1.962999999999999190e+00,4.002999877999999967e+01
2.007999999999999119e+00,4.002999877999999967e+01
2.010999999999999233e+00,4.002999877999999967e+01
2.012999999999999901e+00,4.002999877999999967e+01
2.075999999999998735e+00,4.002999877999999967e+01
2.078999999999998849e+00,4.002999877999999967e+01
2.080000000000000071e+00,4.002999877999999967e+01
2.139999999999998792e+00,4.002999877999999967e+01
2.142999999999998906e+00,4.002999877999999967e+01
2.144999999999999574e+00,4.002999877999999967e+01
2.166999999999999815e+00,4.002999877999999967e+01
2.168999999999998707e+00,4.002999877999999967e+01
2.209999999999999076e+00,4.002999877999999967e+01
2.212999999999999190e+00,4.002999877999999967e+01
2.272000000000000242e+00,4.002999877999999967e+01
2.275999999999999801e+00,4.002999877999999967e+01
2.275999999999999801e+00,4.002999877999999967e+01
2.339999999999999858e+00,4.002999877999999967e+01
2.343999999999999417e+00,4.002999877999999967e+01
2.347999999999998977e+00,4.002999877999999967e+01
2.349999999999999645e+00,4.002999877999999967e+01
2.370999999999998664e+00,4.002999877999999967e+01
2.405999999999998806e+00,4.002999877999999967e+01
2.408999999999998920e+00,4.002999877999999967e+01
2.475999999999999091e+00,4.002999877999999967e+01
2.477999999999999758e+00,4.002999877999999967e+01
2.478999999999999204e+00,4.002999877999999967e+01
2.543999999999998707e+00,4.002999877999999967e+01
2.546999999999998820e+00,4.002999877999999967e+01
2.548999999999999488e+00,4.002999877999999967e+01
2.548999999999999488e+00,4.002999877999999967e+01
2.574999999999999289e+00,4.002999877999999967e+01
2.575999999999998735e+00,4.002999877999999967e+01
2.607999999999998764e+00,4.002999877999999967e+01
2.615999999999999659e+00,4.002999877999999967e+01
2.644999999999999574e+00,4.002999877999999967e+01
2.651999999999999247e+00,3.975000000000000000e+01
2.673000000000000043e+00,3.975000000000000000e+01
2.735999999999998877e+00,3.975000000000000000e+01
2.740999999999999659e+00,3.975000000000000000e+01
2.741999999999999105e+00,3.975000000000000000e+01
2.776999999999999247e+00,3.975000000000000000e+01
2.778999999999999915e+00,3.975000000000000000e+01
2.804000000000000270e+00,3.975000000000000000e+01
2.870999999999998664e+00,3.975000000000000000e+01
2.875000000000000000e+00,3.975000000000000000e+01
2.875999999999999446e+00,3.975000000000000000e+01
2.876999999999998892e+00,3.975000000000000000e+01
2.939999999999999503e+00,3.975000000000000000e+01
2.942999999999999616e+00,3.975000000000000000e+01
2.943999999999999062e+00,3.975000000000000000e+01
2.988999999999998991e+00,3.975000000000000000e+01
2.990999999999999659e+00,3.975000000000000000e+01
2.993000000000000327e+00,3.975000000000000000e+01
3.003999999999999559e+00,3.975000000000000000e+01
3.070999999999999730e+00,3.975000000000000000e+01
3.074999999999999289e+00,3.975000000000000000e+01
3.075999999999998735e+00,3.975000000000000000e+01
3.135999999999999233e+00,3.975000000000000000e+01
3.139999999999998792e+00,3.975000000000000000e+01
3.141000000000000014e+00,3.975000000000000000e+01
3.184999999999998721e+00,3.975000000000000000e+01
3.187999999999998835e+00,3.975000000000000000e+01
3.189000000000000057e+00,3.975000000000000000e+01
3.203999999999998849e+00,3.975000000000000000e+01
3.269000000000000128e+00,3.975000000000000000e+01
3.272999999999999687e+00,3.975000000000000000e+01
3.275000000000000355e+00,3.975000000000000000e+01
3.337999999999999190e+00,3.975000000000000000e+01
3.340999999999999304e+00,3.975000000000000000e+01
3.341999999999998749e+00,3.975000000000000000e+01
3.343999999999999417e+00,3.975000000000000000e+01
3.397999999999999687e+00,3.975000000000000000e+01
3.400999999999999801e+00,3.975000000000000000e+01
3.401999999999999247e+00,3.975000000000000000e+01
3.472999999999998977e+00,3.975000000000000000e+01
3.477000000000000313e+00,3.975000000000000000e+01
3.477999999999999758e+00,3.975000000000000000e+01
3.541000000000000369e+00,3.975000000000000000e+01
3.543999999999998707e+00,3.975000000000000000e+01
3.544999999999999929e+00,3.975000000000000000e+01
3.592999999999999972e+00,3.975000000000000000e+01
3.594999999999998863e+00,3.975000000000000000e+01
3.594999999999998863e+00,3.975000000000000000e+01
3.599999999999999645e+00,3.975000000000000000e+01
3.619999999999999218e+00,3.975000000000000000e+01
3.638999999999999346e+00,3.954000091999999711e+01
3.657999999999999474e+00,3.954000091999999711e+01
3.728999999999999204e+00,3.954000091999999711e+01
3.730999999999999872e+00,3.954000091999999711e+01
3.731999999999999318e+00,3.954000091999999711e+01
3.795999999999999375e+00,3.954000091999999711e+01
3.798999999999999488e+00,3.954000091999999711e+01
3.799999999999998934e+00,3.954000091999999711e+01
3.801999999999999602e+00,3.954000091999999711e+01
3.863999999999998991e+00,3.954000091999999711e+01
3.865999999999999659e+00,3.954000091999999711e+01
3.866999999999999105e+00,3.954000091999999711e+01
3.933999999999999275e+00,3.954000091999999711e+01
3.935999999999999943e+00,3.954000091999999711e+01
3.937999999999998835e+00,3.954000091999999711e+01
3.939000000000000057e+00,3.954000091999999711e+01
3.998999999999998778e+00,3.954000091999999711e+01
4.001000000000001222e+00,3.954000091999999711e+01
4.003000000000000114e+00,3.954000091999999711e+01
4.067000000000000171e+00,3.954000091999999711e+01
4.070000000000000284e+00,3.954000091999999711e+01
4.070999999999997954e+00,3.954000091999999711e+01
4.132999999999999119e+00,3.954000091999999711e+01
4.135999999999999233e+00,3.954000091999999711e+01
4.137000000000000455e+00,3.954000091999999711e+01
4.137999999999998124e+00,3.954000091999999711e+01
4.195000000000000284e+00,3.954000091999999711e+01
4.196999999999999176e+00,3.954000091999999711e+01
4.198000000000000398e+00,3.954000091999999711e+01
4.263999999999999346e+00,3.954000091999999711e+01
4.266999999999999460e+00,3.954000091999999711e+01
4.268999999999998352e+00,3.954000091999999711e+01
4.269999999999999574e+00,3.954000091999999711e+01
4.330999999999999517e+00,3.954000091999999711e+01
4.333999999999999631e+00,3.954000091999999711e+01
4.335000000000000853e+00,3.954000091999999711e+01
4.396999999999998465e+00,3.954000091999999711e+01
4.399999999999998579e+00,3.954000091999999711e+01
4.402000000000001023e+00,3.954000091999999711e+01
4.408000000000001251e+00,3.954000091999999711e+01
4.466999999999998749e+00,3.954000091999999711e+01
4.469999999999998863e+00,3.954000091999999711e+01
4.471000000000000085e+00,3.954000091999999711e+01
4.532000000000000028e+00,3.954000091999999711e+01
4.536999999999999034e+00,3.954000091999999711e+01
4.538000000000000256e+00,3.954000091999999711e+01
4.597999999999998977e+00,3.954000091999999711e+01
4.599000000000000199e+00,3.954000091999999711e+01
4.599999999999997868e+00,3.954000091999999711e+01
4.599999999999997868e+00,3.954000091999999711e+01
4.612999999999999545e+00,3.954000091999999711e+01
4.646999999999998465e+00,3.927000045999999855e+01
4.652999999999998693e+00,3.927000045999999855e+01
4.676999999999999602e+00,3.927000045999999855e+01
4.739000000000000767e+00,3.927000045999999855e+01
4.742999999999998550e+00,3.927000045999999855e+01
4.745000000000000995e+00,3.927000045999999855e+01
4.806000000000000938e+00,3.927000045999999855e+01
4.809000000000001052e+00,3.927000045999999855e+01
4.810999999999999943e+00,3.927000045999999855e+01
4.817000000000000171e+00,3.927000045999999855e+01
4.875000000000000000e+00,3.927000045999999855e+01
4.876999999999998892e+00,3.927000045999999855e+01
4.878000000000000114e+00,3.927000045999999855e+01
4.942000000000000171e+00,3.927000045999999855e+01
4.945000000000000284e+00,3.927000045999999855e+01
4.946999999999999176e+00,3.927000045999999855e+01
5.007999999999999119e+00,3.927000045999999855e+01
5.010999999999999233e+00,3.927000045999999855e+01
5.012000000000000455e+00,3.927000045999999855e+01
5.012999999999998124e+00,3.927000045999999855e+01
5.073999999999998067e+00,3.927000045999999855e+01
5.076999999999998181e+00,3.927000045999999855e+01
5.077999999999999403e+00,3.927000045999999855e+01
5.140000000000000568e+00,3.927000045999999855e+01
5.143000000000000682e+00,3.927000045999999855e+01
5.144999999999999574e+00,3.927000045999999855e+01
5.207000000000000739e+00,3.927000045999999855e+01
5.210000000000000853e+00,3.927000045999999855e+01
5.210999999999998522e+00,3.927000045999999855e+01
5.211999999999999744e+00,3.927000045999999855e+01
5.221000000000000085e+00,3.927000045999999855e+01
5.271000000000000796e+00,3.927000045999999855e+01
5.274999999999998579e+00,3.927000045999999855e+01
5.338999999999998636e+00,3.927000045999999855e+01
5.339999999999999858e+00,3.927000045999999855e+01
5.341000000000001080e+00,3.927000045999999855e+01
5.341000000000001080e+00,3.927000045999999855e+01
5.405999999999998806e+00,3.927000045999999855e+01
5.408999999999998920e+00,3.927000045999999855e+01
5.410000000000000142e+00,3.927000045999999855e+01
5.422000000000000597e+00,3.927000045999999855e+01
5.474000000000000199e+00,3.927000045999999855e+01
5.477000000000000313e+00,3.927000045999999855e+01
5.477999999999997982e+00,3.927000045999999855e+01
5.542999999999999261e+00,3.927000045999999855e+01
5.547000000000000597e+00,3.927000045999999855e+01
5.547999999999998266e+00,3.927000045999999855e+01
5.600999999999999091e+00,3.927000045999999855e+01
5.602000000000000313e+00,3.927000045999999855e+01
5.602000000000000313e+00,3.927000045999999855e+01
5.611000000000000654e+00,3.927000045999999855e+01
5.647999999999999687e+00,3.927000045999999855e+01
5.649999999999998579e+00,3.909000015000000161e+01
5.669999999999998153e+00,3.909000015000000161e+01
5.742000000000000881e+00,3.909000015000000161e+01
5.745000000000000995e+00,3.909000015000000161e+01
5.745999999999998664e+00,3.909000015000000161e+01
5.809999999999998721e+00,3.909000015000000161e+01
5.814000000000000057e+00,3.909000015000000161e+01
5.815000000000001279e+00,3.909000015000000161e+01
5.815999999999998948e+00,3.909000015000000161e+01
5.829999999999998295e+00,3.909000015000000161e+01
5.876999999999998892e+00,3.909000015000000161e+01
5.878999999999997783e+00,3.909000015000000161e+01
5.945999999999997954e+00,3.909000015000000161e+01
5.948000000000000398e+00,3.909000015000000161e+01
5.948999999999998067e+00,3.909000015000000161e+01
5.949999999999999289e+00,3.909000015000000161e+01
6.009999999999998010e+00,3.909000015000000161e+01
6.012000000000000455e+00,3.909000015000000161e+01
6.012000000000000455e+00,3.909000015000000161e+01
6.039999999999999147e+00,3.909000015000000161e+01
6.077999999999999403e+00,3.909000015000000161e+01
6.080999999999999517e+00,3.909000015000000161e+01
6.141999999999999460e+00,3.909000015000000161e+01
6.144999999999999574e+00,3.909000015000000161e+01
6.146999999999998465e+00,3.909000015000000161e+01
6.147999999999999687e+00,3.909000015000000161e+01
6.205999999999999517e+00,3.909000015000000161e+01
6.207999999999998408e+00,3.909000015000000161e+01
6.207999999999998408e+00,3.909000015000000161e+01
6.239999999999998437e+00,3.909000015000000161e+01
6.242000000000000881e+00,3.909000015000000161e+01
6.274999999999998579e+00,3.909000015000000161e+01
6.275999999999999801e+00,3.909000015000000161e+01
6.347000000000001307e+00,3.909000015000000161e+01
6.349000000000000199e+00,3.909000015000000161e+01
6.350999999999999091e+00,3.909000015000000161e+01
6.408000000000001251e+00,3.909000015000000161e+01
6.410999999999997812e+00,3.909000015000000161e+01
6.411999999999999034e+00,3.909000015000000161e+01
6.440000000000001279e+00,3.909000015000000161e+01
6.442999999999997840e+00,3.909000015000000161e+01
6.477000000000000313e+00,3.909000015000000161e+01
6.480000000000000426e+00,3.909000015000000161e+01
6.542999999999999261e+00,3.909000015000000161e+01
6.545999999999999375e+00,3.909000015000000161e+01
6.547999999999998266e+00,3.909000015000000161e+01
6.634999999999998010e+00,3.909000015000000161e+01
6.635999999999999233e+00,3.909000015000000161e+01
6.637000000000000455e+00,3.909000015000000161e+01
6.637000000000000455e+00,3.909000015000000161e+01
6.646000000000000796e+00,3.909000015000000161e+01
6.646999999999998465e+00,3.909000015000000161e+01
6.681000000000000938e+00,3.909000015000000161e+01
6.681999999999998607e+00,3.879999923999999822e+01
6.702999999999999403e+00,3.879999923999999822e+01
6.771000000000000796e+00,3.879999923999999822e+01
6.771999999999998465e+00,3.879999923999999822e+01
6.772999999999999687e+00,3.879999923999999822e+01
6.841000000000001080e+00,3.879999923999999822e+01
6.842999999999999972e+00,3.879999923999999822e+01
6.844000000000001194e+00,3.879999923999999822e+01
6.844999999999998863e+00,3.879999923999999822e+01
6.908000000000001251e+00,3.879999923999999822e+01
6.910999999999997812e+00,3.879999923999999822e+01
6.913000000000000256e+00,3.879999923999999822e+01
6.972000000000001307e+00,3.879999923999999822e+01
6.974999999999997868e+00,3.879999923999999822e+01
6.975999999999999091e+00,3.879999923999999822e+01
7.044000000000000483e+00,3.879999923999999822e+01
7.047000000000000597e+00,3.879999923999999822e+01
7.047999999999998266e+00,3.879999923999999822e+01
7.048999999999999488e+00,3.879999923999999822e+01
7.109999999999999432e+00,3.879999923999999822e+01
7.114000000000000767e+00,3.879999923999999822e+01
7.114999999999998437e+00,3.879999923999999822e+01
7.173999999999999488e+00,3.879999923999999822e+01
7.175999999999998380e+00,3.879999923999999822e+01
7.176999999999999602e+00,3.879999923999999822e+01
7.178999999999998494e+00,3.879999923999999822e+01
7.242000000000000881e+00,3.879999923999999822e+01
7.243999999999999773e+00,3.879999923999999822e+01
7.245999999999998664e+00,3.879999923999999822e+01
7.256999999999997897e+00,3.879999923999999822e+01
7.306999999999998607e+00,3.879999923999999822e+01
7.310999999999999943e+00,3.879999923999999822e+01
7.375000000000000000e+00,3.879999923999999822e+01
7.378000000000000114e+00,3.879999923999999822e+01
7.378999999999997783e+00,3.879999923999999822e+01
7.379999999999999005e+00,3.879999923999999822e+01
7.440000000000001279e+00,3.879999923999999822e+01
7.442999999999997840e+00,3.879999923999999822e+01
7.443999999999999062e+00,3.879999923999999822e+01
7.457999999999998408e+00,3.879999923999999822e+01
7.506000000000000227e+00,3.879999923999999822e+01
7.506999999999997897e+00,3.879999923999999822e+01
7.507999999999999119e+00,3.879999923999999822e+01
7.574999999999999289e+00,3.879999923999999822e+01
7.576999999999998181e+00,3.879999923999999822e+01
7.576999999999998181e+00,3.879999923999999822e+01
7.602000000000000313e+00,3.879999923999999822e+01
7.608000000000000540e+00,3.879999923999999822e+01
7.620000000000000995e+00,3.879999923999999822e+01
7.638999999999999346e+00,3.861000061000000017e+01
7.660000000000000142e+00,3.861000061000000017e+01
7.730999999999998096e+00,3.861000061000000017e+01
7.733999999999998209e+00,3.861000061000000017e+01
7.734999999999999432e+00,3.861000061000000017e+01
7.798999999999999488e+00,3.861000061000000017e+01
7.801999999999999602e+00,3.861000061000000017e+01
7.803999999999998494e+00,3.861000061000000017e+01
7.804999999999999716e+00,3.861000061000000017e+01
7.864999999999998437e+00,3.861000061000000017e+01
7.867999999999998550e+00,3.861000061000000017e+01
7.868999999999999773e+00,3.861000061000000017e+01
7.935999999999999943e+00,3.861000061000000017e+01
7.937999999999998835e+00,3.861000061000000017e+01
7.939000000000000057e+00,3.861000061000000017e+01
7.998000000000001108e+00,3.861000061000000017e+01
8.001000000000001222e+00,3.861000061000000017e+01
8.001999999999998892e+00,3.861000061000000017e+01
8.003000000000000114e+00,3.861000061000000017e+01
8.065000000000001279e+00,3.861000061000000017e+01
8.067999999999997840e+00,3.861000061000000017e+01
8.068999999999999062e+00,3.861000061000000017e+01
8.131999999999997897e+00,3.861000061000000017e+01
8.134999999999998010e+00,3.861000061000000017e+01
8.135999999999999233e+00,3.861000061000000017e+01
8.137000000000000455e+00,3.861000061000000017e+01
8.198999999999998067e+00,3.861000061000000017e+01
8.201999999999998181e+00,3.861000061000000017e+01
8.202999999999999403e+00,3.861000061000000017e+01
8.265000000000000568e+00,3.861000061000000017e+01
8.268000000000000682e+00,3.861000061000000017e+01
8.268999999999998352e+00,3.861000061000000017e+01
8.274999999999998579e+00,3.861000061000000017e+01
8.332000000000000739e+00,3.861000061000000017e+01
8.335999999999998522e+00,3.861000061000000017e+01
8.336999999999999744e+00,3.861000061000000017e+01
8.396999999999998465e+00,3.861000061000000017e+01
8.399999999999998579e+00,3.861000061000000017e+01
8.400999999999999801e+00,3.861000061000000017e+01
8.466000000000001080e+00,3.861000061000000017e+01
8.467999999999999972e+00,3.861000061000000017e+01
8.469000000000001194e+00,3.861000061000000017e+01
8.469999999999998863e+00,3.861000061000000017e+01
8.533000000000001251e+00,3.861000061000000017e+01
8.535999999999997812e+00,3.861000061000000017e+01
8.538000000000000256e+00,3.861000061000000017e+01
8.603999999999999204e+00,3.861000061000000017e+01
8.605000000000000426e+00,3.861000061000000017e+01
8.605999999999998096e+00,3.861000061000000017e+01
8.605999999999998096e+00,3.861000061000000017e+01
8.626999999999998892e+00,3.861000061000000017e+01
8.647999999999999687e+00,3.843000030999999694e+01
8.655999999999998806e+00,3.843000030999999694e+01
8.678999999999998494e+00,3.843000030999999694e+01
8.743999999999999773e+00,3.843000030999999694e+01
8.748000000000001108e+00,3.843000030999999694e+01
8.748999999999998778e+00,3.843000030999999694e+01
8.812999999999998835e+00,3.843000030999999694e+01
8.815999999999998948e+00,3.843000030999999694e+01
8.817999999999997840e+00,3.843000030999999694e+01
8.878999999999997783e+00,3.843000030999999694e+01
8.881999999999997897e+00,3.843000030999999694e+01
8.884000000000000341e+00,3.843000030999999694e+01
8.884999999999998010e+00,3.843000030999999694e+01
8.942999999999997840e+00,3.843000030999999694e+01
8.946999999999999176e+00,3.843000030999999694e+01
8.948000000000000398e+00,3.843000030999999694e+01
9.009999999999998010e+00,3.843000030999999694e+01
9.013999999999999346e+00,3.843000030999999694e+01
9.015000000000000568e+00,3.843000030999999694e+01
9.015999999999998238e+00,3.843000030999999694e+01
9.076999999999998181e+00,3.843000030999999694e+01
9.079999999999998295e+00,3.843000030999999694e+01
9.080999999999999517e+00,3.843000030999999694e+01
9.088999999999998636e+00,3.843000030999999694e+01
9.141999999999999460e+00,3.843000030999999694e+01
9.144999999999999574e+00,3.843000030999999694e+01
9.211999999999999744e+00,3.843000030999999694e+01
9.216000000000001080e+00,3.843000030999999694e+01
9.216999999999998749e+00,3.843000030999999694e+01
9.217999999999999972e+00,3.843000030999999694e+01
9.278999999999999915e+00,3.843000030999999694e+01
9.280999999999998806e+00,3.843000030999999694e+01
9.282000000000000028e+00,3.843000030999999694e+01
9.289999999999999147e+00,3.843000030999999694e+01
9.347000000000001307e+00,3.843000030999999694e+01
9.349999999999997868e+00,3.843000030999999694e+01
9.350999999999999091e+00,3.843000030999999694e+01
9.410999999999997812e+00,3.843000030999999694e+01
9.413999999999997925e+00,3.843000030999999694e+01
9.414999999999999147e+00,3.843000030999999694e+01
9.477000000000000313e+00,3.843000030999999694e+01
9.480000000000000426e+00,3.843000030999999694e+01
9.480999999999998096e+00,3.843000030999999694e+01
9.495999999999998664e+00,3.843000030999999694e+01
9.542999999999999261e+00,3.843000030999999694e+01
9.545999999999999375e+00,3.843000030999999694e+01
9.547000000000000597e+00,3.843000030999999694e+01
9.605000000000000426e+00,3.843000030999999694e+01
9.605999999999998096e+00,3.843000030999999694e+01
9.606999999999999318e+00,3.843000030999999694e+01
9.614999999999998437e+00,3.843000030999999694e+01
9.643999999999998352e+00,3.843000030999999694e+01
9.650999999999999801e+00,3.816999816999999950e+01
9.670999999999999375e+00,3.816999816999999950e+01
9.695999999999997954e+00,3.816999816999999950e+01
9.734999999999999432e+00,3.816999816999999950e+01
9.736000000000000654e+00,3.816999816999999950e+01
9.801999999999999602e+00,3.816999816999999950e+01
9.803000000000000824e+00,3.816999816999999950e+01
9.803000000000000824e+00,3.816999816999999950e+01
9.867999999999998550e+00,3.816999816999999950e+01
9.868999999999999773e+00,3.816999816999999950e+01
9.870000000000000995e+00,3.816999816999999950e+01
9.897999999999999687e+00,3.816999816999999950e+01
9.899000000000000909e+00,3.816999816999999950e+01
9.935999999999999943e+00,3.816999816999999950e+01
9.937999999999998835e+00,3.816999816999999950e+01
1.000000000000000000e+01,3.816999816999999950e+01
1.000100000000000122e+01,3.816999816999999950e+01
1.000100000000000122e+01,3.816999816999999950e+01
1.006599999999999895e+01,3.816999816999999950e+01
1.006899999999999906e+01,3.816999816999999950e+01
1.007000000000000028e+01,3.816999816999999950e+01
1.007099999999999795e+01,3.816999816999999950e+01
1.010299999999999798e+01,3.816999816999999950e+01
1.013499999999999801e+01,3.816999816999999950e+01
1.013700000000000045e+01,3.816999816999999950e+01
1.020199999999999818e+01,3.816999816999999950e+01
1.020499999999999829e+01,3.816999816999999950e+01
1.020599999999999952e+01,3.816999816999999950e+01
1.020700000000000074e+01,3.816999816999999950e+01
1.026999999999999957e+01,3.816999816999999950e+01
1.027199999999999847e+01,3.816999816999999950e+01
1.027400000000000091e+01,3.816999816999999950e+01
1.030900000000000105e+01,3.816999816999999950e+01
1.031200000000000117e+01,3.816999816999999950e+01
1.033699999999999974e+01,3.816999816999999950e+01
1.039999999999999858e+01,3.816999816999999950e+01
1.040200000000000102e+01,3.816999816999999950e+01
1.040299999999999869e+01,3.816999816999999950e+01
1.040399999999999991e+01,3.816999816999999950e+01
1.046699999999999875e+01,3.816999816999999950e+01
1.046900000000000119e+01,3.816999816999999950e+01
1.047100000000000009e+01,3.816999816999999950e+01
1.050999999999999801e+01,3.816999816999999950e+01
1.051299999999999812e+01,3.816999816999999950e+01
1.053399999999999892e+01,3.816999816999999950e+01
1.053699999999999903e+01,3.816999816999999950e+01
1.060599999999999810e+01,3.816999816999999950e+01
1.060699999999999932e+01,3.816999816999999950e+01
1.060800000000000054e+01,3.816999816999999950e+01
1.061100000000000065e+01,3.816999816999999950e+01
1.062899999999999778e+01,3.816999816999999950e+01
1.064900000000000091e+01,3.804000091999999711e+01
1.066900000000000048e+01,3.804000091999999711e+01
1.071300000000000097e+01,3.804000091999999711e+01
1.071399999999999864e+01,3.804000091999999711e+01
1.074099999999999966e+01,3.804000091999999711e+01
1.080900000000000105e+01,3.804000091999999711e+01
1.081099999999999994e+01,3.804000091999999711e+01
1.081299999999999883e+01,3.804000091999999711e+01
1.081500000000000128e+01,3.804000091999999711e+01
1.087500000000000000e+01,3.804000091999999711e+01
1.087699999999999889e+01,3.804000091999999711e+01
1.087800000000000011e+01,3.804000091999999711e+01
1.091799999999999926e+01,3.804000091999999711e+01
1.091999999999999815e+01,3.804000091999999711e+01
1.094200000000000017e+01,3.804000091999999711e+01
1.100799999999999912e+01,3.804000091999999711e+01
1.101200000000000045e+01,3.804000091999999711e+01
1.101399999999999935e+01,3.804000091999999711e+01
1.101500000000000057e+01,3.804000091999999711e+01
1.107399999999999807e+01,3.804000091999999711e+01
1.107699999999999818e+01,3.804000091999999711e+01
1.107799999999999940e+01,3.804000091999999711e+01
1.112099999999999866e+01,3.804000091999999711e+01
1.112399999999999878e+01,3.804000091999999711e+01
1.112500000000000000e+01,3.804000091999999711e+01
1.114000000000000057e+01,3.804000091999999711e+01
1.121000000000000085e+01,3.804000091999999711e+01
1.121199999999999974e+01,3.804000091999999711e+01
1.121399999999999864e+01,3.804000091999999711e+01
1.127400000000000091e+01,3.804000091999999711e+01
1.127700000000000102e+01,3.804000091999999711e+01
1.127899999999999991e+01,3.804000091999999711e+01
1.132999999999999829e+01,3.804000091999999711e+01
1.133200000000000074e+01,3.804000091999999711e+01
1.133299999999999841e+01,3.804000091999999711e+01
1.134199999999999875e+01,3.804000091999999711e+01
1.140800000000000125e+01,3.804000091999999711e+01
1.141099999999999781e+01,3.804000091999999711e+01
1.141199999999999903e+01,3.804000091999999711e+01
1.147599999999999909e+01,3.804000091999999711e+01
1.147899999999999920e+01,3.804000091999999711e+01
1.148000000000000043e+01,3.804000091999999711e+01
1.148099999999999810e+01,3.804000091999999711e+01
1.152899999999999991e+01,3.804000091999999711e+01
1.153399999999999892e+01,3.804000091999999711e+01
1.153399999999999892e+01,3.804000091999999711e+01
1.159900000000000020e+01,3.804000091999999711e+01
1.159999999999999787e+01,3.804000091999999711e+01
1.160099999999999909e+01,3.804000091999999711e+01
1.161599999999999966e+01,3.804000091999999711e+01
1.162800000000000011e+01,3.804000091999999711e+01
1.164699999999999847e+01,3.779999923999999822e+01
1.166799999999999926e+01,3.779999923999999822e+01
1.168400000000000105e+01,3.779999923999999822e+01
1.173300000000000054e+01,3.779999923999999822e+01
1.173399999999999821e+01,3.779999923999999822e+01
1.174500000000000099e+01,3.779999923999999822e+01
1.181099999999999994e+01,3.779999923999999822e+01
1.181299999999999883e+01,3.779999923999999822e+01
1.181400000000000006e+01,3.779999923999999822e+01
1.187800000000000011e+01,3.779999923999999822e+01
1.187899999999999778e+01,3.779999923999999822e+01
1.187999999999999901e+01,3.779999923999999822e+01
1.193499999999999872e+01,3.779999923999999822e+01
1.193599999999999994e+01,3.779999923999999822e+01
1.193700000000000117e+01,3.779999923999999822e+01
1.194500000000000028e+01,3.779999923999999822e+01
1.201099999999999923e+01,3.779999923999999822e+01
1.201299999999999812e+01,3.779999923999999822e+01
1.201399999999999935e+01,3.779999923999999822e+01
1.207799999999999940e+01,3.779999923999999822e+01
1.207900000000000063e+01,3.779999923999999822e+01
1.207900000000000063e+01,3.779999923999999822e+01
1.207999999999999829e+01,3.779999923999999822e+01
1.214499999999999957e+01,3.779999923999999822e+01
1.214900000000000091e+01,3.779999923999999822e+01
1.214999999999999858e+01,3.779999923999999822e+01
1.221399999999999864e+01,3.779999923999999822e+01
1.221600000000000108e+01,3.779999923999999822e+01
1.221799999999999997e+01,3.779999923999999822e+01
1.221900000000000119e+01,3.779999923999999822e+01
1.228500000000000014e+01,3.779999923999999822e+01
1.228699999999999903e+01,3.779999923999999822e+01
1.228800000000000026e+01,3.779999923999999822e+01
1.234199999999999875e+01,3.779999923999999822e+01
1.234499999999999886e+01,3.779999923999999822e+01
1.234600000000000009e+01,3.779999923999999822e+01
1.241499999999999915e+01,3.779999923999999822e+01
1.241699999999999804e+01,3.779999923999999822e+01
1.241799999999999926e+01,3.779999923999999822e+01
1.241900000000000048e+01,3.779999923999999822e+01
1.248000000000000043e+01,3.779999923999999822e+01
1.248399999999999821e+01,3.779999923999999822e+01
1.248499999999999943e+01,3.779999923999999822e+01
1.254599999999999937e+01,3.779999923999999822e+01
1.254799999999999827e+01,3.779999923999999822e+01
1.254899999999999949e+01,3.779999923999999822e+01
1.255000000000000071e+01,3.779999923999999822e+01
1.261400000000000077e+01,3.779999923999999822e+01
1.261499999999999844e+01,3.779999923999999822e+01
1.261499999999999844e+01,3.779999923999999822e+01
1.262300000000000111e+01,3.779999923999999822e+01
1.265700000000000003e+01,3.754999923999999822e+01
1.266300000000000026e+01,3.754999923999999822e+01
1.267999999999999972e+01,3.754999923999999822e+01
1.275199999999999889e+01,3.754999923999999822e+01
1.275499999999999901e+01,3.754999923999999822e+01
1.275600000000000023e+01,3.754999923999999822e+01
1.281799999999999784e+01,3.754999923999999822e+01
1.282000000000000028e+01,3.754999923999999822e+01
1.282099999999999795e+01,3.754999923999999822e+01
1.288299999999999912e+01,3.754999923999999822e+01
1.288700000000000045e+01,3.754999923999999822e+01
1.288799999999999812e+01,3.754999923999999822e+01
1.288899999999999935e+01,3.754999923999999822e+01
1.294999999999999929e+01,3.754999923999999822e+01
1.295299999999999940e+01,3.754999923999999822e+01
1.295400000000000063e+01,3.754999923999999822e+01
1.301999999999999957e+01,3.754999923999999822e+01
1.302299999999999969e+01,3.754999923999999822e+01
1.302400000000000091e+01,3.754999923999999822e+01
1.302499999999999858e+01,3.754999923999999822e+01
1.308399999999999963e+01,3.754999923999999822e+01
1.308599999999999852e+01,3.754999923999999822e+01
1.308800000000000097e+01,3.754999923999999822e+01
1.315099999999999980e+01,3.754999923999999822e+01
1.315500000000000114e+01,3.754999923999999822e+01
1.315599999999999881e+01,3.754999923999999822e+01
1.315700000000000003e+01,3.754999923999999822e+01
1.321999999999999886e+01,3.754999923999999822e+01
1.322400000000000020e+01,3.754999923999999822e+01
1.322499999999999787e+01,3.754999923999999822e+01
1.328399999999999892e+01,3.754999923999999822e+01
1.328800000000000026e+01,3.754999923999999822e+01
1.328899999999999793e+01,3.754999923999999822e+01
1.335099999999999909e+01,3.754999923999999822e+01
1.335399999999999920e+01,3.754999923999999822e+01
1.335500000000000043e+01,3.754999923999999822e+01
1.335599999999999810e+01,3.754999923999999822e+01
1.341799999999999926e+01,3.754999923999999822e+01
1.342099999999999937e+01,3.754999923999999822e+01
1.342200000000000060e+01,3.754999923999999822e+01
1.348399999999999821e+01,3.754999923999999822e+01
1.348600000000000065e+01,3.754999923999999822e+01
1.348799999999999955e+01,3.754999923999999822e+01
1.348900000000000077e+01,3.754999923999999822e+01
1.355099999999999838e+01,3.754999923999999822e+01
1.355399999999999849e+01,3.754999923999999822e+01
1.355499999999999972e+01,3.754999923999999822e+01
1.356500000000000128e+01,3.754999923999999822e+01
1.361199999999999832e+01,3.754999923999999822e+01
1.361299999999999955e+01,3.754999923999999822e+01
1.362399999999999878e+01,3.754999923999999822e+01
1.365500000000000114e+01,3.754999923999999822e+01
1.366199999999999903e+01,3.740000152999999727e+01
1.367899999999999849e+01,3.740000152999999727e+01
1.375100000000000122e+01,3.740000152999999727e+01
1.375300000000000011e+01,3.740000152999999727e+01
1.375499999999999901e+01,3.740000152999999727e+01
1.376699999999999946e+01,3.740000152999999727e+01
1.381700000000000017e+01,3.740000152999999727e+01
1.381899999999999906e+01,3.740000152999999727e+01
1.382000000000000028e+01,3.740000152999999727e+01
1.388400000000000034e+01,3.740000152999999727e+01
1.388599999999999923e+01,3.740000152999999727e+01
1.388700000000000045e+01,3.740000152999999727e+01
1.395100000000000051e+01,3.740000152999999727e+01
1.395499999999999829e+01,3.740000152999999727e+01
1.395599999999999952e+01,3.740000152999999727e+01
1.397400000000000020e+01,3.740000152999999727e+01
1.402199999999999847e+01,3.740000152999999727e+01
1.402499999999999858e+01,3.740000152999999727e+01
1.402599999999999980e+01,3.740000152999999727e+01
1.408599999999999852e+01,3.740000152999999727e+01
1.408800000000000097e+01,3.740000152999999727e+01
1.408899999999999864e+01,3.740000152999999727e+01
1.415200000000000102e+01,3.740000152999999727e+01
1.415500000000000114e+01,3.740000152999999727e+01
1.415599999999999881e+01,3.740000152999999727e+01
1.415700000000000003e+01,3.740000152999999727e+01
1.417500000000000071e+01,3.740000152999999727e+01
1.421799999999999997e+01,3.740000152999999727e+01
1.421999999999999886e+01,3.740000152999999727e+01
1.428399999999999892e+01,3.740000152999999727e+01
1.428699999999999903e+01,3.740000152999999727e+01
1.428699999999999903e+01,3.740000152999999727e+01
1.428800000000000026e+01,3.740000152999999727e+01
1.435200000000000031e+01,3.740000152999999727e+01
1.435500000000000043e+01,3.740000152999999727e+01
1.435599999999999810e+01,3.740000152999999727e+01
1.437800000000000011e+01,3.740000152999999727e+01
1.441900000000000048e+01,3.740000152999999727e+01
1.442200000000000060e+01,3.740000152999999727e+01
1.448499999999999943e+01,3.740000152999999727e+01
1.449099999999999966e+01,3.740000152999999727e+01
1.449200000000000088e+01,3.740000152999999727e+01
1.449299999999999855e+01,3.740000152999999727e+01
1.455199999999999960e+01,3.740000152999999727e+01
1.455499999999999972e+01,3.740000152999999727e+01
1.455600000000000094e+01,3.740000152999999727e+01
1.457999999999999829e+01,3.740000152999999727e+01
1.458200000000000074e+01,3.740000152999999727e+01
1.461299999999999955e+01,3.740000152999999727e+01
1.463100000000000023e+01,3.740000152999999727e+01
1.465299999999999869e+01,3.718999862999999806e+01
1.466499999999999915e+01,3.718999862999999806e+01
1.474599999999999866e+01,3.718999862999999806e+01
1.474899999999999878e+01,3.718999862999999806e+01
1.475000000000000000e+01,3.718999862999999806e+01
1.479199999999999804e+01,3.718999862999999806e+01
1.479499999999999815e+01,3.718999862999999806e+01
1.479599999999999937e+01,3.718999862999999806e+01
1.481099999999999994e+01,3.718999862999999806e+01
1.487800000000000011e+01,3.718999862999999806e+01
1.487999999999999901e+01,3.718999862999999806e+01
1.488199999999999790e+01,3.718999862999999806e+01
1.494399999999999906e+01,3.718999862999999806e+01
1.494699999999999918e+01,3.718999862999999806e+01
1.494800000000000040e+01,3.718999862999999806e+01
1.494999999999999929e+01,3.718999862999999806e+01
1.498799999999999955e+01,3.718999862999999806e+01
1.498999999999999844e+01,3.718999862999999806e+01
1.501099999999999923e+01,3.718999862999999806e+01
1.508099999999999952e+01,3.718999862999999806e+01
1.508299999999999841e+01,3.718999862999999806e+01
1.508500000000000085e+01,3.718999862999999806e+01
1.508599999999999852e+01,3.718999862999999806e+01
1.514799999999999969e+01,3.718999862999999806e+01
1.514999999999999858e+01,3.718999862999999806e+01
1.515200000000000102e+01,3.718999862999999806e+01
1.519500000000000028e+01,3.718999862999999806e+01
1.519800000000000040e+01,3.718999862999999806e+01
1.519899999999999807e+01,3.718999862999999806e+01
1.527599999999999980e+01,3.718999862999999806e+01
1.528000000000000114e+01,3.718999862999999806e+01
1.528099999999999881e+01,3.718999862999999806e+01
1.528200000000000003e+01,3.718999862999999806e+01
1.534299999999999997e+01,3.718999862999999806e+01
1.534700000000000131e+01,3.718999862999999806e+01
1.534799999999999898e+01,3.718999862999999806e+01
1.539499999999999957e+01,3.718999862999999806e+01
1.539600000000000080e+01,3.718999862999999806e+01
1.539699999999999847e+01,3.718999862999999806e+01
1.540899999999999892e+01,3.718999862999999806e+01
1.547700000000000031e+01,3.718999862999999806e+01
1.548000000000000043e+01,3.718999862999999806e+01
1.548099999999999810e+01,3.718999862999999806e+01
1.554199999999999804e+01,3.718999862999999806e+01
1.554400000000000048e+01,3.718999862999999806e+01
1.554499999999999815e+01,3.718999862999999806e+01
1.560200000000000031e+01,3.718999862999999806e+01
1.560399999999999920e+01,3.718999862999999806e+01
1.560399999999999920e+01,3.718999862999999806e+01
1.560500000000000043e+01,3.718999862999999806e+01
1.562500000000000000e+01,3.718999862999999806e+01
1.564499999999999957e+01,3.695000076000000178e+01
1.566300000000000026e+01,3.695000076000000178e+01
1.573600000000000065e+01,3.695000076000000178e+01
1.573900000000000077e+01,3.695000076000000178e+01
1.573999999999999844e+01,3.695000076000000178e+01
1.580300000000000082e+01,3.695000076000000178e+01
1.580499999999999972e+01,3.695000076000000178e+01
1.580600000000000094e+01,3.695000076000000178e+01
1.580699999999999861e+01,3.695000076000000178e+01
1.586799999999999855e+01,3.695000076000000178e+01
1.587099999999999866e+01,3.695000076000000178e+01
1.587300000000000111e+01,3.695000076000000178e+01
1.593599999999999994e+01,3.695000076000000178e+01
1.593900000000000006e+01,3.695000076000000178e+01
1.593900000000000006e+01,3.695000076000000178e+01
1.594000000000000128e+01,3.695000076000000178e+01
1.600100000000000122e+01,3.695000076000000178e+01
1.600300000000000011e+01,3.695000076000000178e+01
1.600399999999999778e+01,3.695000076000000178e+01
1.606700000000000017e+01,3.695000076000000178e+01
1.606899999999999906e+01,3.695000076000000178e+01
1.607099999999999795e+01,3.695000076000000178e+01
1.613700000000000045e+01,3.695000076000000178e+01
1.614099999999999824e+01,3.695000076000000178e+01
1.614199999999999946e+01,3.695000076000000178e+01
1.614300000000000068e+01,3.695000076000000178e+01
1.620100000000000051e+01,3.695000076000000178e+01
1.620499999999999829e+01,3.695000076000000178e+01
1.620599999999999952e+01,3.695000076000000178e+01
1.620899999999999963e+01,3.695000076000000178e+01
1.627100000000000080e+01,3.695000076000000178e+01
1.627299999999999969e+01,3.695000076000000178e+01
1.627499999999999858e+01,3.695000076000000178e+01
1.633800000000000097e+01,3.695000076000000178e+01
1.633999999999999986e+01,3.695000076000000178e+01
1.634199999999999875e+01,3.695000076000000178e+01
1.640099999999999980e+01,3.695000076000000178e+01
1.640299999999999869e+01,3.695000076000000178e+01
1.640399999999999991e+01,3.695000076000000178e+01
1.641399999999999793e+01,3.695000076000000178e+01
1.646900000000000119e+01,3.695000076000000178e+01
1.647200000000000131e+01,3.695000076000000178e+01
1.647299999999999898e+01,3.695000076000000178e+01
1.653500000000000014e+01,3.695000076000000178e+01
1.653699999999999903e+01,3.695000076000000178e+01
1.653899999999999793e+01,3.695000076000000178e+01
1.660500000000000043e+01,3.695000076000000178e+01
1.660599999999999810e+01,3.695000076000000178e+01
1.660599999999999810e+01,3.695000076000000178e+01
1.660599999999999810e+01,3.695000076000000178e+01
1.662399999999999878e+01,3.695000076000000178e+01
1.664600000000000080e+01,3.683000183000000050e+01
1.666699999999999804e+01,3.683000183000000050e+01
1.673600000000000065e+01,3.683000183000000050e+01
1.673900000000000077e+01,3.683000183000000050e+01
1.673900000000000077e+01,3.683000183000000050e+01
1.680600000000000094e+01,3.683000183000000050e+01
1.680799999999999983e+01,3.683000183000000050e+01
1.680799999999999983e+01,3.683000183000000050e+01
1.681899999999999906e+01,3.683000183000000050e+01
1.687000000000000099e+01,3.683000183000000050e+01
1.687199999999999989e+01,3.683000183000000050e+01
1.687399999999999878e+01,3.683000183000000050e+01
1.693900000000000006e+01,3.683000183000000050e+01
1.694200000000000017e+01,3.683000183000000050e+01
1.694299999999999784e+01,3.683000183000000050e+01
1.700300000000000011e+01,3.683000183000000050e+01
1.700600000000000023e+01,3.683000183000000050e+01
1.700699999999999790e+01,3.683000183000000050e+01
1.700799999999999912e+01,3.683000183000000050e+01
1.702400000000000091e+01,3.683000183000000050e+01
1.707099999999999795e+01,3.683000183000000050e+01
1.707300000000000040e+01,3.683000183000000050e+01
1.713899999999999935e+01,3.683000183000000050e+01
1.714300000000000068e+01,3.683000183000000050e+01
1.714399999999999835e+01,3.683000183000000050e+01
1.714499999999999957e+01,3.683000183000000050e+01
1.720599999999999952e+01,3.683000183000000050e+01
1.720899999999999963e+01,3.683000183000000050e+01
1.721000000000000085e+01,3.683000183000000050e+01
1.722599999999999909e+01,3.683000183000000050e+01
1.727299999999999969e+01,3.683000183000000050e+01
1.727599999999999980e+01,3.683000183000000050e+01
1.733599999999999852e+01,3.683000183000000050e+01
1.733800000000000097e+01,3.683000183000000050e+01
1.733800000000000097e+01,3.683000183000000050e+01
1.733899999999999864e+01,3.683000183000000050e+01
1.740200000000000102e+01,3.683000183000000050e+01
1.740299999999999869e+01,3.683000183000000050e+01
1.740399999999999991e+01,3.683000183000000050e+01
1.742999999999999972e+01,3.683000183000000050e+01
1.747100000000000009e+01,3.683000183000000050e+01
1.747200000000000131e+01,3.683000183000000050e+01
1.747299999999999898e+01,3.683000183000000050e+01
1.753800000000000026e+01,3.683000183000000050e+01
1.754199999999999804e+01,3.683000183000000050e+01
1.754299999999999926e+01,3.683000183000000050e+01
1.760699999999999932e+01,3.683000183000000050e+01
1.760800000000000054e+01,3.683000183000000050e+01
1.760800000000000054e+01,3.683000183000000050e+01
1.761199999999999832e+01,3.683000183000000050e+01
1.762999999999999901e+01,3.683000183000000050e+01
1.765099999999999980e+01,3.659999847000000273e+01
1.766499999999999915e+01,3.659999847000000273e+01
1.768299999999999983e+01,3.659999847000000273e+01
1.774299999999999855e+01,3.659999847000000273e+01
1.774399999999999977e+01,3.659999847000000273e+01
1.781599999999999895e+01,3.659999847000000273e+01
1.781899999999999906e+01,3.659999847000000273e+01
1.782000000000000028e+01,3.659999847000000273e+01
1.782099999999999795e+01,3.659999847000000273e+01
1.784299999999999997e+01,3.659999847000000273e+01
1.787800000000000011e+01,3.659999847000000273e+01
1.787999999999999901e+01,3.659999847000000273e+01
1.794200000000000017e+01,3.659999847000000273e+01
1.794399999999999906e+01,3.659999847000000273e+01
1.794599999999999795e+01,3.659999847000000273e+01
1.794699999999999918e+01,3.659999847000000273e+01
1.800900000000000034e+01,3.659999847000000273e+01
1.801200000000000045e+01,3.659999847000000273e+01
1.801299999999999812e+01,3.659999847000000273e+01
1.804100000000000037e+01,3.659999847000000273e+01
1.804299999999999926e+01,3.659999847000000273e+01
1.807499999999999929e+01,3.659999847000000273e+01
1.807699999999999818e+01,3.659999847000000273e+01
1.814300000000000068e+01,3.659999847000000273e+01
1.814499999999999957e+01,3.659999847000000273e+01
1.814600000000000080e+01,3.659999847000000273e+01
1.821300000000000097e+01,3.659999847000000273e+01
1.821600000000000108e+01,3.659999847000000273e+01
1.821600000000000108e+01,3.659999847000000273e+01
1.825300000000000011e+01,3.659999847000000273e+01
1.825600000000000023e+01,3.659999847000000273e+01
1.827799999999999869e+01,3.659999847000000273e+01
1.828000000000000114e+01,3.659999847000000273e+01
1.834299999999999997e+01,3.659999847000000273e+01
1.834600000000000009e+01,3.659999847000000273e+01
1.834799999999999898e+01,3.659999847000000273e+01
1.841000000000000014e+01,3.659999847000000273e+01
1.841300000000000026e+01,3.659999847000000273e+01
1.841399999999999793e+01,3.659999847000000273e+01
1.841499999999999915e+01,3.659999847000000273e+01
1.844800000000000040e+01,3.659999847000000273e+01
1.844999999999999929e+01,3.659999847000000273e+01
1.847599999999999909e+01,3.659999847000000273e+01
1.854199999999999804e+01,3.659999847000000273e+01
1.854499999999999815e+01,3.659999847000000273e+01
1.854599999999999937e+01,3.659999847000000273e+01
1.860899999999999821e+01,3.659999847000000273e+01
1.860999999999999943e+01,3.659999847000000273e+01
1.860999999999999943e+01,3.659999847000000273e+01
1.861100000000000065e+01,3.659999847000000273e+01
1.862800000000000011e+01,3.659999847000000273e+01
1.865099999999999980e+01,3.641999816999999950e+01
1.866399999999999793e+01,3.641999816999999950e+01
1.874200000000000088e+01,3.641999816999999950e+01
1.874500000000000099e+01,3.641999816999999950e+01
1.874500000000000099e+01,3.641999816999999950e+01
1.881099999999999994e+01,3.641999816999999950e+01
1.881400000000000006e+01,3.641999816999999950e+01
1.881500000000000128e+01,3.641999816999999950e+01
1.881599999999999895e+01,3.641999816999999950e+01
1.885599999999999810e+01,3.641999816999999950e+01
1.885800000000000054e+01,3.641999816999999950e+01
1.887500000000000000e+01,3.641999816999999950e+01
1.894099999999999895e+01,3.641999816999999950e+01
1.894299999999999784e+01,3.641999816999999950e+01
1.894500000000000028e+01,3.641999816999999950e+01
1.900999999999999801e+01,3.641999816999999950e+01
1.901299999999999812e+01,3.641999816999999950e+01
1.901399999999999935e+01,3.641999816999999950e+01
1.901599999999999824e+01,3.641999816999999950e+01
1.905799999999999983e+01,3.641999816999999950e+01
1.906099999999999994e+01,3.641999816999999950e+01
1.907600000000000051e+01,3.641999816999999950e+01
1.914600000000000080e+01,3.641999816999999950e+01
1.914900000000000091e+01,3.641999816999999950e+01
1.914999999999999858e+01,3.641999816999999950e+01
1.915099999999999980e+01,3.641999816999999950e+01
1.921000000000000085e+01,3.641999816999999950e+01
1.921199999999999974e+01,3.641999816999999950e+01
1.921399999999999864e+01,3.641999816999999950e+01
1.926699999999999946e+01,3.641999816999999950e+01
1.926899999999999835e+01,3.641999816999999950e+01
1.926999999999999957e+01,3.641999816999999950e+01
1.934600000000000009e+01,3.641999816999999950e+01
1.934900000000000020e+01,3.641999816999999950e+01
1.934999999999999787e+01,3.641999816999999950e+01
1.935099999999999909e+01,3.641999816999999950e+01
1.940899999999999892e+01,3.641999816999999950e+01
1.941199999999999903e+01,3.641999816999999950e+01
1.941399999999999793e+01,3.641999816999999950e+01
1.946699999999999875e+01,3.641999816999999950e+01
1.946999999999999886e+01,3.641999816999999950e+01
1.947100000000000009e+01,3.641999816999999950e+01
1.947700000000000031e+01,3.641999816999999950e+01
1.954299999999999926e+01,3.641999816999999950e+01
1.954599999999999937e+01,3.641999816999999950e+01
1.954700000000000060e+01,3.641999816999999950e+01
1.961100000000000065e+01,3.641999816999999950e+01
1.961199999999999832e+01,3.641999816999999950e+01
1.961299999999999955e+01,3.641999816999999950e+01
1.961299999999999955e+01,3.641999816999999950e+01
1.962699999999999889e+01,3.641999816999999950e+01
1.965700000000000003e+01,3.625000000000000000e+01
1.966600000000000037e+01,3.625000000000000000e+01
1.969299999999999784e+01,3.625000000000000000e+01
1.975499999999999901e+01,3.625000000000000000e+01
1.975699999999999790e+01,3.625000000000000000e+01
1.975699999999999790e+01,3.625000000000000000e+01
1.982099999999999795e+01,3.625000000000000000e+01
1.982399999999999807e+01,3.625000000000000000e+01
1.982499999999999929e+01,3.625000000000000000e+01
1.987199999999999989e+01,3.625000000000000000e+01
1.987399999999999878e+01,3.625000000000000000e+01
1.987600000000000122e+01,3.625000000000000000e+01
1.989000000000000057e+01,3.625000000000000000e+01
1.995499999999999829e+01,3.625000000000000000e+01
1.995799999999999841e+01,3.625000000000000000e+01
1.995899999999999963e+01,3.625000000000000000e+01
2.002100000000000080e+01,3.625000000000000000e+01
2.002299999999999613e+01,3.625000000000000000e+01
2.002499999999999858e+01,3.625000000000000000e+01
2.002599999999999625e+01,3.625000000000000000e+01
2.008399999999999608e+01,3.625000000000000000e+01
2.008599999999999852e+01,3.625000000000000000e+01
2.008699999999999619e+01,3.625000000000000000e+01
2.015699999999999648e+01,3.625000000000000000e+01
2.015999999999999659e+01,3.625000000000000000e+01
2.016100000000000136e+01,3.625000000000000000e+01
2.022099999999999653e+01,3.625000000000000000e+01
2.022399999999999665e+01,3.625000000000000000e+01
2.022500000000000142e+01,3.625000000000000000e+01
2.022599999999999909e+01,3.625000000000000000e+01
2.028000000000000114e+01,3.625000000000000000e+01
2.028300000000000125e+01,3.625000000000000000e+01
2.028399999999999892e+01,3.625000000000000000e+01
2.035399999999999920e+01,3.625000000000000000e+01
2.035699999999999932e+01,3.625000000000000000e+01
2.035900000000000176e+01,3.625000000000000000e+01
2.035999999999999943e+01,3.625000000000000000e+01
2.042000000000000171e+01,3.625000000000000000e+01
2.042199999999999704e+01,3.625000000000000000e+01
2.042300000000000182e+01,3.625000000000000000e+01
2.048299999999999699e+01,3.625000000000000000e+01
2.048599999999999710e+01,3.625000000000000000e+01
2.048599999999999710e+01,3.625000000000000000e+01
2.055299999999999727e+01,3.625000000000000000e+01
2.055599999999999739e+01,3.625000000000000000e+01
2.055700000000000216e+01,3.625000000000000000e+01
2.061399999999999721e+01,3.625000000000000000e+01
2.061500000000000199e+01,3.625000000000000000e+01
2.061500000000000199e+01,3.625000000000000000e+01
2.061599999999999966e+01,3.625000000000000000e+01
2.063400000000000034e+01,3.625000000000000000e+01
2.065299999999999869e+01,3.606000137000000194e+01
2.067399999999999949e+01,3.606000137000000194e+01
2.069500000000000028e+01,3.606000137000000194e+01
2.075300000000000011e+01,3.606000137000000194e+01
2.075600000000000023e+01,3.606000137000000194e+01
2.082099999999999795e+01,3.606000137000000194e+01
2.082399999999999807e+01,3.606000137000000194e+01
2.082500000000000284e+01,3.606000137000000194e+01
2.082600000000000051e+01,3.606000137000000194e+01
2.088300000000000267e+01,3.606000137000000194e+01
2.088499999999999801e+01,3.606000137000000194e+01
2.088700000000000045e+01,3.606000137000000194e+01
2.089399999999999835e+01,3.606000137000000194e+01
2.094899999999999807e+01,3.606000137000000194e+01
2.095100000000000051e+01,3.606000137000000194e+01
2.095100000000000051e+01,3.606000137000000194e+01
2.101500000000000057e+01,3.606000137000000194e+01
2.101700000000000301e+01,3.606000137000000194e+01
2.101700000000000301e+01,3.606000137000000194e+01
2.108200000000000074e+01,3.606000137000000194e+01
2.108399999999999608e+01,3.606000137000000194e+01
2.108399999999999608e+01,3.606000137000000194e+01
2.108399999999999608e+01,3.606000137000000194e+01
2.115200000000000102e+01,3.606000137000000194e+01
2.115500000000000114e+01,3.606000137000000194e+01
2.115599999999999881e+01,3.606000137000000194e+01
2.121999999999999886e+01,3.606000137000000194e+01
2.122299999999999898e+01,3.606000137000000194e+01
2.122399999999999665e+01,3.606000137000000194e+01
2.128699999999999903e+01,3.606000137000000194e+01
2.128900000000000148e+01,3.606000137000000194e+01
2.128999999999999915e+01,3.606000137000000194e+01
2.129099999999999682e+01,3.606000137000000194e+01
2.134899999999999665e+01,3.606000137000000194e+01
2.135199999999999676e+01,3.606000137000000194e+01
2.135300000000000153e+01,3.606000137000000194e+01
2.141899999999999693e+01,3.606000137000000194e+01
2.142099999999999937e+01,3.606000137000000194e+01
2.142199999999999704e+01,3.606000137000000194e+01
2.142300000000000182e+01,3.606000137000000194e+01
2.148499999999999943e+01,3.606000137000000194e+01
2.148700000000000188e+01,3.606000137000000194e+01
2.148799999999999955e+01,3.606000137000000194e+01
2.149900000000000233e+01,3.606000137000000194e+01
2.155299999999999727e+01,3.606000137000000194e+01
2.155599999999999739e+01,3.606000137000000194e+01
2.160699999999999932e+01,3.606000137000000194e+01
2.160799999999999699e+01,3.606000137000000194e+01
2.160900000000000176e+01,3.606000137000000194e+01
2.161500000000000199e+01,3.606000137000000194e+01
2.164999999999999858e+01,3.606000137000000194e+01
2.165200000000000102e+01,3.588999938999999983e+01
2.166799999999999926e+01,3.588999938999999983e+01
2.170300000000000296e+01,3.588999938999999983e+01
2.174199999999999733e+01,3.588999938999999983e+01
2.174300000000000210e+01,3.588999938999999983e+01
2.181000000000000227e+01,3.588999938999999983e+01
2.181099999999999994e+01,3.588999938999999983e+01
2.181199999999999761e+01,3.588999938999999983e+01
2.181300000000000239e+01,3.588999938999999983e+01
2.187599999999999767e+01,3.588999938999999983e+01
2.187800000000000011e+01,3.588999938999999983e+01
2.187899999999999778e+01,3.588999938999999983e+01
2.190699999999999648e+01,3.588999938999999983e+01
2.190999999999999659e+01,3.588999938999999983e+01
2.194400000000000261e+01,3.588999938999999983e+01
2.194599999999999795e+01,3.588999938999999983e+01
2.201200000000000045e+01,3.588999938999999983e+01
2.201500000000000057e+01,3.588999938999999983e+01
2.201599999999999824e+01,3.588999938999999983e+01
2.207699999999999818e+01,3.588999938999999983e+01
2.207900000000000063e+01,3.588999938999999983e+01
2.208100000000000307e+01,3.588999938999999983e+01
2.211200000000000188e+01,3.588999938999999983e+01
2.211599999999999966e+01,3.588999938999999983e+01
2.214600000000000080e+01,3.588999938999999983e+01
2.214699999999999847e+01,3.588999938999999983e+01
2.221099999999999852e+01,3.588999938999999983e+01
2.221399999999999864e+01,3.588999938999999983e+01
2.221499999999999631e+01,3.588999938999999983e+01
2.227899999999999636e+01,3.588999938999999983e+01
2.228300000000000125e+01,3.588999938999999983e+01
2.228499999999999659e+01,3.588999938999999983e+01
2.228600000000000136e+01,3.588999938999999983e+01
2.231499999999999773e+01,3.588999938999999983e+01
2.234400000000000119e+01,3.588999938999999983e+01
2.234499999999999886e+01,3.588999938999999983e+01
2.241199999999999903e+01,3.588999938999999983e+01
2.241299999999999670e+01,3.588999938999999983e+01
2.241400000000000148e+01,3.588999938999999983e+01
2.247899999999999920e+01,3.588999938999999983e+01
2.247999999999999687e+01,3.588999938999999983e+01
2.247999999999999687e+01,3.588999938999999983e+01
2.248100000000000165e+01,3.588999938999999983e+01
2.251800000000000068e+01,3.588999938999999983e+01
2.251999999999999602e+01,3.588999938999999983e+01
2.254599999999999937e+01,3.588999938999999983e+01
2.261099999999999710e+01,3.588999938999999983e+01
2.261200000000000188e+01,3.588999938999999983e+01
2.261299999999999955e+01,3.588999938999999983e+01
2.261299999999999955e+01,3.588999938999999983e+01
2.263100000000000023e+01,3.588999938999999983e+01
2.265299999999999869e+01,3.575000000000000000e+01
2.266799999999999926e+01,3.575000000000000000e+01
2.268399999999999750e+01,3.575000000000000000e+01
2.272399999999999665e+01,3.575000000000000000e+01
2.274399999999999977e+01,3.575000000000000000e+01
2.274600000000000222e+01,3.575000000000000000e+01
2.281499999999999773e+01,3.575000000000000000e+01
2.281900000000000261e+01,3.575000000000000000e+01
2.282000000000000028e+01,3.575000000000000000e+01
2.287899999999999778e+01,3.575000000000000000e+01
2.288100000000000023e+01,3.575000000000000000e+01
2.288199999999999790e+01,3.575000000000000000e+01
2.292499999999999716e+01,3.575000000000000000e+01
2.292699999999999960e+01,3.575000000000000000e+01
2.292799999999999727e+01,3.575000000000000000e+01
2.294700000000000273e+01,3.575000000000000000e+01
2.301299999999999812e+01,3.575000000000000000e+01
2.301599999999999824e+01,3.575000000000000000e+01
2.301700000000000301e+01,3.575000000000000000e+01
2.308100000000000307e+01,3.575000000000000000e+01
2.308399999999999608e+01,3.575000000000000000e+01
2.308500000000000085e+01,3.575000000000000000e+01
2.308599999999999852e+01,3.575000000000000000e+01
2.313799999999999812e+01,3.575000000000000000e+01
2.314099999999999824e+01,3.575000000000000000e+01
2.314699999999999847e+01,3.575000000000000000e+01
2.321699999999999875e+01,3.575000000000000000e+01
2.321999999999999886e+01,3.575000000000000000e+01
2.322099999999999653e+01,3.575000000000000000e+01
2.322200000000000131e+01,3.575000000000000000e+01
2.328099999999999881e+01,3.575000000000000000e+01
2.328399999999999892e+01,3.575000000000000000e+01
2.328699999999999903e+01,3.575000000000000000e+01
2.333299999999999841e+01,3.575000000000000000e+01
2.333599999999999852e+01,3.575000000000000000e+01
2.333800000000000097e+01,3.575000000000000000e+01
2.341400000000000148e+01,3.575000000000000000e+01
2.341700000000000159e+01,3.575000000000000000e+01
2.341799999999999926e+01,3.575000000000000000e+01
2.341899999999999693e+01,3.575000000000000000e+01
2.347899999999999920e+01,3.575000000000000000e+01
2.348299999999999699e+01,3.575000000000000000e+01
2.348400000000000176e+01,3.575000000000000000e+01
2.353799999999999670e+01,3.575000000000000000e+01
2.354099999999999682e+01,3.575000000000000000e+01
2.354099999999999682e+01,3.575000000000000000e+01
2.354399999999999693e+01,3.575000000000000000e+01
2.360699999999999932e+01,3.575000000000000000e+01
2.360799999999999699e+01,3.575000000000000000e+01
2.360799999999999699e+01,3.575000000000000000e+01
2.362500000000000000e+01,3.575000000000000000e+01
2.364799999999999613e+01,3.545999908000000289e+01
2.366400000000000148e+01,3.545999908000000289e+01
2.374000000000000199e+01,3.545999908000000289e+01
2.374499999999999744e+01,3.545999908000000289e+01
2.374499999999999744e+01,3.545999908000000289e+01
2.374600000000000222e+01,3.545999908000000289e+01
2.380899999999999750e+01,3.545999908000000289e+01
2.381099999999999994e+01,3.545999908000000289e+01
2.381199999999999761e+01,3.545999908000000289e+01
2.387599999999999767e+01,3.545999908000000289e+01
2.387700000000000244e+01,3.545999908000000289e+01
2.387899999999999778e+01,3.545999908000000289e+01
2.394299999999999784e+01,3.545999908000000289e+01
2.394599999999999795e+01,3.545999908000000289e+01
2.394700000000000273e+01,3.545999908000000289e+01
2.394700000000000273e+01,3.545999908000000289e+01
2.400800000000000267e+01,3.545999908000000289e+01
2.401100000000000279e+01,3.545999908000000289e+01
2.401200000000000045e+01,3.545999908000000289e+01
2.407600000000000051e+01,3.545999908000000289e+01
2.407800000000000296e+01,3.545999908000000289e+01
2.407900000000000063e+01,3.545999908000000289e+01
2.407999999999999829e+01,3.545999908000000289e+01
2.414399999999999835e+01,3.545999908000000289e+01
2.414600000000000080e+01,3.545999908000000289e+01
2.414699999999999847e+01,3.545999908000000289e+01
2.421199999999999619e+01,3.545999908000000289e+01
2.421499999999999631e+01,3.545999908000000289e+01
2.421600000000000108e+01,3.545999908000000289e+01
2.428000000000000114e+01,3.545999908000000289e+01
2.428300000000000125e+01,3.545999908000000289e+01
2.428499999999999659e+01,3.545999908000000289e+01
2.434700000000000131e+01,3.545999908000000289e+01
2.434899999999999665e+01,3.545999908000000289e+01
2.435000000000000142e+01,3.545999908000000289e+01
2.435199999999999676e+01,3.545999908000000289e+01
2.440800000000000125e+01,3.545999908000000289e+01
2.441100000000000136e+01,3.545999908000000289e+01
2.441100000000000136e+01,3.545999908000000289e+01
2.447699999999999676e+01,3.545999908000000289e+01
2.447899999999999920e+01,3.545999908000000289e+01
2.447999999999999687e+01,3.545999908000000289e+01
2.448199999999999932e+01,3.545999908000000289e+01
2.454299999999999926e+01,3.545999908000000289e+01
2.454599999999999937e+01,3.545999908000000289e+01
2.454699999999999704e+01,3.545999908000000289e+01
2.455499999999999972e+01,3.545999908000000289e+01
2.460300000000000153e+01,3.545999908000000289e+01
2.460399999999999920e+01,3.545999908000000289e+01
2.461299999999999955e+01,3.545999908000000289e+01
2.462700000000000244e+01,3.545999908000000289e+01
2.464699999999999847e+01,3.538000106999999872e+01
2.466799999999999926e+01,3.538000106999999872e+01
2.474000000000000199e+01,3.538000106999999872e+01
2.474399999999999977e+01,3.538000106999999872e+01
2.474499999999999744e+01,3.538000106999999872e+01
2.476100000000000279e+01,3.538000106999999872e+01
2.480599999999999739e+01,3.538000106999999872e+01
2.480799999999999983e+01,3.538000106999999872e+01
2.480899999999999750e+01,3.538000106999999872e+01
2.487599999999999767e+01,3.538000106999999872e+01
2.487899999999999778e+01,3.538000106999999872e+01
2.487899999999999778e+01,3.538000106999999872e+01
2.493999999999999773e+01,3.538000106999999872e+01
2.494299999999999784e+01,3.538000106999999872e+01
2.494500000000000028e+01,3.538000106999999872e+01
2.496099999999999852e+01,3.538000106999999872e+01
2.500699999999999790e+01,3.538000106999999872e+01
2.500900000000000034e+01,3.538000106999999872e+01
2.501100000000000279e+01,3.538000106999999872e+01
2.507200000000000273e+01,3.538000106999999872e+01
2.507500000000000284e+01,3.538000106999999872e+01
2.507600000000000051e+01,3.538000106999999872e+01
2.514000000000000057e+01,3.538000106999999872e+01
2.514300000000000068e+01,3.538000106999999872e+01
2.514399999999999835e+01,3.538000106999999872e+01
2.514499999999999602e+01,3.538000106999999872e+01
2.516400000000000148e+01,3.538000106999999872e+01
2.520700000000000074e+01,3.538000106999999872e+01
2.521000000000000085e+01,3.538000106999999872e+01
2.527700000000000102e+01,3.538000106999999872e+01
2.528099999999999881e+01,3.538000106999999872e+01
2.528199999999999648e+01,3.538000106999999872e+01
2.534299999999999642e+01,3.538000106999999872e+01
2.534599999999999653e+01,3.538000106999999872e+01
2.534700000000000131e+01,3.538000106999999872e+01
2.534899999999999665e+01,3.538000106999999872e+01
2.536899999999999977e+01,3.538000106999999872e+01
2.540800000000000125e+01,3.538000106999999872e+01
2.540899999999999892e+01,3.538000106999999872e+01
2.547200000000000131e+01,3.538000106999999872e+01
2.547399999999999665e+01,3.538000106999999872e+01
2.547500000000000142e+01,3.538000106999999872e+01
2.547500000000000142e+01,3.538000106999999872e+01
2.553999999999999915e+01,3.538000106999999872e+01
2.554200000000000159e+01,3.538000106999999872e+01
2.554399999999999693e+01,3.538000106999999872e+01
2.557000000000000028e+01,3.538000106999999872e+01
2.557699999999999818e+01,3.538000106999999872e+01
2.560900000000000176e+01,3.538000106999999872e+01
2.561599999999999966e+01,3.538000106999999872e+01
2.565200000000000102e+01,3.538000106999999872e+01
2.565500000000000114e+01,3.513000106999999872e+01
2.567399999999999949e+01,3.513000106999999872e+01
2.574799999999999756e+01,3.513000106999999872e+01
2.575000000000000000e+01,3.513000106999999872e+01
2.575200000000000244e+01,3.513000106999999872e+01
2.577400000000000091e+01,3.513000106999999872e+01
2.577599999999999625e+01,3.513000106999999872e+01
2.581199999999999761e+01,3.513000106999999872e+01
2.588000000000000256e+01,3.513000106999999872e+01
2.588100000000000023e+01,3.513000106999999872e+01
2.588199999999999790e+01,3.513000106999999872e+01
2.588400000000000034e+01,3.513000106999999872e+01
2.594400000000000261e+01,3.513000106999999872e+01
2.594599999999999795e+01,3.513000106999999872e+01
2.594700000000000273e+01,3.513000106999999872e+01
2.597699999999999676e+01,3.513000106999999872e+01
2.597999999999999687e+01,3.513000106999999872e+01
2.600900000000000034e+01,3.513000106999999872e+01
2.601100000000000279e+01,3.513000106999999872e+01
2.607800000000000296e+01,3.513000106999999872e+01
2.607999999999999829e+01,3.513000106999999872e+01
2.607999999999999829e+01,3.513000106999999872e+01
2.614699999999999847e+01,3.513000106999999872e+01
2.614900000000000091e+01,3.513000106999999872e+01
2.614999999999999858e+01,3.513000106999999872e+01
2.615099999999999625e+01,3.513000106999999872e+01
2.617999999999999972e+01,3.513000106999999872e+01
2.621499999999999631e+01,3.513000106999999872e+01
2.621699999999999875e+01,3.513000106999999872e+01
2.628199999999999648e+01,3.513000106999999872e+01
2.628499999999999659e+01,3.513000106999999872e+01
2.628600000000000136e+01,3.513000106999999872e+01
2.634700000000000131e+01,3.513000106999999872e+01
2.635000000000000142e+01,3.513000106999999872e+01
2.635099999999999909e+01,3.513000106999999872e+01
2.635199999999999676e+01,3.513000106999999872e+01
2.638600000000000279e+01,3.513000106999999872e+01
2.638799999999999812e+01,3.513000106999999872e+01
2.641299999999999670e+01,3.513000106999999872e+01
2.647699999999999676e+01,3.513000106999999872e+01
2.647999999999999687e+01,3.513000106999999872e+01
2.648100000000000165e+01,3.513000106999999872e+01
2.648199999999999932e+01,3.513000106999999872e+01
2.654399999999999693e+01,3.513000106999999872e+01
2.654800000000000182e+01,3.513000106999999872e+01
2.654800000000000182e+01,3.513000106999999872e+01
2.658699999999999619e+01,3.513000106999999872e+01
2.658800000000000097e+01,3.513000106999999872e+01
2.660499999999999687e+01,3.513000106999999872e+01
2.661599999999999966e+01,3.513000106999999872e+01
2.664799999999999613e+01,3.513000106999999872e+01
2.664999999999999858e+01,3.493999862999999806e+01
2.667199999999999704e+01,3.493999862999999806e+01
2.674600000000000222e+01,3.493999862999999806e+01
2.674900000000000233e+01,3.493999862999999806e+01
2.675000000000000000e+01,3.493999862999999806e+01
2.679500000000000171e+01,3.493999862999999806e+01
2.679800000000000182e+01,3.493999862999999806e+01
2.679899999999999949e+01,3.493999862999999806e+01
2.681000000000000227e+01,3.493999862999999806e+01
2.687700000000000244e+01,3.493999862999999806e+01
2.687899999999999778e+01,3.493999862999999806e+01
2.688000000000000256e+01,3.493999862999999806e+01
2.694500000000000028e+01,3.493999862999999806e+01
2.694899999999999807e+01,3.493999862999999806e+01
2.695000000000000284e+01,3.493999862999999806e+01
2.699499999999999744e+01,3.493999862999999806e+01
2.699799999999999756e+01,3.493999862999999806e+01
2.699900000000000233e+01,3.493999862999999806e+01
2.701200000000000045e+01,3.493999862999999806e+01
2.707699999999999818e+01,3.493999862999999806e+01
2.707999999999999829e+01,3.493999862999999806e+01
2.708200000000000074e+01,3.493999862999999806e+01
2.714399999999999835e+01,3.493999862999999806e+01
2.714600000000000080e+01,3.493999862999999806e+01
2.714600000000000080e+01,3.493999862999999806e+01
2.714699999999999847e+01,3.493999862999999806e+01
2.720100000000000051e+01,3.493999862999999806e+01
2.720400000000000063e+01,3.493999862999999806e+01
2.720600000000000307e+01,3.493999862999999806e+01
2.728099999999999881e+01,3.493999862999999806e+01
2.728499999999999659e+01,3.493999862999999806e+01
2.728600000000000136e+01,3.493999862999999806e+01
2.728699999999999903e+01,3.493999862999999806e+01
2.734799999999999898e+01,3.493999862999999806e+01
2.735099999999999909e+01,3.493999862999999806e+01
2.735199999999999676e+01,3.493999862999999806e+01
2.740399999999999636e+01,3.493999862999999806e+01
2.740599999999999881e+01,3.493999862999999806e+01
2.740699999999999648e+01,3.493999862999999806e+01
2.747699999999999676e+01,3.493999862999999806e+01
2.747899999999999920e+01,3.493999862999999806e+01
2.747999999999999687e+01,3.493999862999999806e+01
2.748100000000000165e+01,3.493999862999999806e+01
2.754399999999999693e+01,3.493999862999999806e+01
2.754699999999999704e+01,3.493999862999999806e+01
2.754800000000000182e+01,3.493999862999999806e+01
2.760600000000000165e+01,3.493999862999999806e+01
2.760699999999999932e+01,3.493999862999999806e+01
2.760699999999999932e+01,3.493999862999999806e+01
2.761599999999999966e+01,3.493999862999999806e+01
2.764600000000000080e+01,3.493999862999999806e+01
2.764699999999999847e+01,3.474000167999999888e+01
2.766700000000000159e+01,3.474000167999999888e+01
2.774600000000000222e+01,3.474000167999999888e+01
2.774799999999999756e+01,3.474000167999999888e+01
2.774900000000000233e+01,3.474000167999999888e+01
2.781000000000000227e+01,3.474000167999999888e+01
2.781400000000000006e+01,3.474000167999999888e+01
2.781499999999999773e+01,3.474000167999999888e+01
2.781600000000000250e+01,3.474000167999999888e+01
2.787599999999999767e+01,3.474000167999999888e+01
2.787700000000000244e+01,3.474000167999999888e+01
2.787800000000000011e+01,3.474000167999999888e+01
2.794400000000000261e+01,3.474000167999999888e+01
2.794599999999999795e+01,3.474000167999999888e+01
2.794700000000000273e+01,3.474000167999999888e+01
2.794800000000000040e+01,3.474000167999999888e+01
2.801400000000000290e+01,3.474000167999999888e+01
2.801700000000000301e+01,3.474000167999999888e+01
2.801800000000000068e+01,3.474000167999999888e+01
2.807900000000000063e+01,3.474000167999999888e+01
2.808100000000000307e+01,3.474000167999999888e+01
2.808200000000000074e+01,3.474000167999999888e+01
2.814900000000000091e+01,3.474000167999999888e+01
2.815200000000000102e+01,3.474000167999999888e+01
2.815399999999999636e+01,3.474000167999999888e+01
2.815500000000000114e+01,3.474000167999999888e+01
2.821799999999999642e+01,3.474000167999999888e+01
2.822200000000000131e+01,3.474000167999999888e+01
2.822399999999999665e+01,3.474000167999999888e+01
2.822599999999999909e+01,3.474000167999999888e+01
2.827799999999999869e+01,3.474000167999999888e+01
2.828000000000000114e+01,3.474000167999999888e+01
2.828199999999999648e+01,3.474000167999999888e+01
2.834499999999999886e+01,3.474000167999999888e+01
2.834700000000000131e+01,3.474000167999999888e+01
2.834799999999999898e+01,3.474000167999999888e+01
2.841199999999999903e+01,3.474000167999999888e+01
2.841499999999999915e+01,3.474000167999999888e+01
2.841700000000000159e+01,3.474000167999999888e+01
2.841799999999999926e+01,3.474000167999999888e+01
2.847899999999999920e+01,3.474000167999999888e+01
2.848199999999999932e+01,3.474000167999999888e+01
2.848299999999999699e+01,3.474000167999999888e+01
2.854399999999999693e+01,3.474000167999999888e+01
2.854699999999999704e+01,3.474000167999999888e+01
2.854800000000000182e+01,3.474000167999999888e+01
2.861399999999999721e+01,3.474000167999999888e+01
2.861500000000000199e+01,3.474000167999999888e+01
2.861599999999999966e+01,3.474000167999999888e+01
2.861599999999999966e+01,3.474000167999999888e+01
2.863000000000000256e+01,3.474000167999999888e+01
2.864799999999999613e+01,3.456999969000000306e+01
2.866299999999999670e+01,3.456999969000000306e+01
2.868500000000000227e+01,3.456999969000000306e+01
2.874399999999999977e+01,3.456999969000000306e+01
2.874699999999999989e+01,3.456999969000000306e+01
2.881300000000000239e+01,3.456999969000000306e+01
2.881600000000000250e+01,3.456999969000000306e+01
2.881700000000000017e+01,3.456999969000000306e+01
2.881799999999999784e+01,3.456999969000000306e+01
2.882699999999999818e+01,3.456999969000000306e+01
2.887599999999999767e+01,3.456999969000000306e+01
2.887800000000000011e+01,3.456999969000000306e+01
2.894200000000000017e+01,3.456999969000000306e+01
2.894400000000000261e+01,3.456999969000000306e+01
2.894500000000000028e+01,3.456999969000000306e+01
2.894599999999999795e+01,3.456999969000000306e+01
2.900800000000000267e+01,3.456999969000000306e+01
2.901100000000000279e+01,3.456999969000000306e+01
2.901299999999999812e+01,3.456999969000000306e+01
2.903000000000000114e+01,3.456999969000000306e+01
2.907900000000000063e+01,3.456999969000000306e+01
2.908200000000000074e+01,3.456999969000000306e+01
2.908399999999999608e+01,3.456999969000000306e+01
2.914600000000000080e+01,3.456999969000000306e+01
2.914799999999999613e+01,3.456999969000000306e+01
2.914900000000000091e+01,3.456999969000000306e+01
2.921199999999999619e+01,3.456999969000000306e+01
2.921499999999999631e+01,3.456999969000000306e+01
2.921699999999999875e+01,3.456999969000000306e+01
2.923400000000000176e+01,3.456999969000000306e+01
2.923499999999999943e+01,3.456999969000000306e+01
2.927700000000000102e+01,3.456999969000000306e+01
2.927899999999999636e+01,3.456999969000000306e+01
2.934100000000000108e+01,3.456999969000000306e+01
2.934299999999999642e+01,3.456999969000000306e+01
2.934400000000000119e+01,3.456999969000000306e+01
2.940899999999999892e+01,3.456999969000000306e+01
2.941199999999999903e+01,3.456999969000000306e+01
2.941400000000000148e+01,3.456999969000000306e+01
2.941499999999999915e+01,3.456999969000000306e+01
2.943699999999999761e+01,3.456999969000000306e+01
2.947599999999999909e+01,3.456999969000000306e+01
2.947800000000000153e+01,3.456999969000000306e+01
2.954200000000000159e+01,3.456999969000000306e+01
2.954399999999999693e+01,3.456999969000000306e+01
2.954599999999999937e+01,3.456999969000000306e+01
2.960199999999999676e+01,3.456999969000000306e+01
2.960300000000000153e+01,3.456999969000000306e+01
2.960300000000000153e+01,3.456999969000000306e+01
2.960399999999999920e+01,3.456999969000000306e+01
2.962599999999999767e+01,3.456999969000000306e+01
2.964799999999999613e+01,3.438999938999999983e+01
2.966199999999999903e+01,3.438999938999999983e+01
2.974099999999999966e+01,3.438999938999999983e+01
2.974399999999999977e+01,3.438999938999999983e+01
2.974499999999999744e+01,3.438999938999999983e+01
2.974600000000000222e+01,3.438999938999999983e+01
2.980799999999999983e+01,3.438999938999999983e+01
2.981099999999999994e+01,3.438999938999999983e+01
2.981199999999999761e+01,3.438999938999999983e+01
2.984400000000000119e+01,3.438999938999999983e+01
2.984599999999999653e+01,3.438999938999999983e+01
2.987500000000000000e+01,3.438999938999999983e+01
2.993999999999999773e+01,3.438999938999999983e+01
2.994299999999999784e+01,3.438999938999999983e+01
2.994500000000000028e+01,3.438999938999999983e+01
2.994599999999999795e+01,3.438999938999999983e+01
3.000600000000000023e+01,3.438999938999999983e+01
3.000999999999999801e+01,3.438999938999999983e+01
3.001100000000000279e+01,3.438999938999999983e+01
3.004999999999999716e+01,3.438999938999999983e+01
3.005299999999999727e+01,3.438999938999999983e+01
3.007300000000000040e+01,3.438999938999999983e+01
3.007500000000000284e+01,3.438999938999999983e+01
3.014200000000000301e+01,3.438999938999999983e+01
3.014300000000000068e+01,3.438999938999999983e+01
3.014499999999999602e+01,3.438999938999999983e+01
3.020600000000000307e+01,3.438999938999999983e+01
3.020799999999999841e+01,3.438999938999999983e+01
3.020899999999999608e+01,3.438999938999999983e+01
3.025900000000000034e+01,3.438999938999999983e+01
3.026100000000000279e+01,3.438999938999999983e+01
3.026200000000000045e+01,3.438999938999999983e+01
3.027700000000000102e+01,3.438999938999999983e+01
3.033999999999999631e+01,3.438999938999999983e+01
3.034299999999999642e+01,3.438999938999999983e+01
3.034400000000000119e+01,3.438999938999999983e+01
3.040699999999999648e+01,3.438999938999999983e+01
3.040800000000000125e+01,3.438999938999999983e+01
3.040999999999999659e+01,3.438999938999999983e+01
3.040999999999999659e+01,3.438999938999999983e+01
3.045499999999999829e+01,3.438999938999999983e+01
3.045600000000000307e+01,3.438999938999999983e+01
3.047099999999999653e+01,3.438999938999999983e+01
3.054399999999999693e+01,3.438999938999999983e+01
3.054800000000000182e+01,3.438999938999999983e+01
3.054899999999999949e+01,3.438999938999999983e+01
3.054899999999999949e+01,3.438999938999999983e+01
3.060300000000000153e+01,3.438999938999999983e+01
3.060399999999999920e+01,3.438999938999999983e+01
3.060399999999999920e+01,3.438999938999999983e+01
3.062199999999999989e+01,3.438999938999999983e+01
3.064499999999999602e+01,3.420000076000000178e+01
3.065699999999999648e+01,3.420000076000000178e+01
3.067799999999999727e+01,3.420000076000000178e+01
3.074300000000000210e+01,3.420000076000000178e+01
3.074600000000000222e+01,3.420000076000000178e+01
3.074600000000000222e+01,3.420000076000000178e+01
3.080799999999999983e+01,3.420000076000000178e+01
3.081099999999999994e+01,3.420000076000000178e+01
3.081099999999999994e+01,3.420000076000000178e+01
3.086399999999999721e+01,3.420000076000000178e+01
3.086599999999999966e+01,3.420000076000000178e+01
3.086699999999999733e+01,3.420000076000000178e+01
3.087700000000000244e+01,3.420000076000000178e+01
3.094200000000000017e+01,3.420000076000000178e+01
3.094500000000000028e+01,3.420000076000000178e+01
3.094700000000000273e+01,3.420000076000000178e+01
3.100699999999999790e+01,3.420000076000000178e+01
3.100800000000000267e+01,3.420000076000000178e+01
3.100900000000000034e+01,3.420000076000000178e+01
3.107099999999999795e+01,3.420000076000000178e+01
3.107300000000000040e+01,3.420000076000000178e+01
3.107399999999999807e+01,3.420000076000000178e+01
3.107999999999999829e+01,3.420000076000000178e+01
3.114499999999999602e+01,3.420000076000000178e+01
3.114900000000000091e+01,3.420000076000000178e+01
3.115099999999999625e+01,3.420000076000000178e+01
3.120799999999999841e+01,3.420000076000000178e+01
3.120899999999999608e+01,3.420000076000000178e+01
3.121000000000000085e+01,3.420000076000000178e+01
3.121000000000000085e+01,3.420000076000000178e+01
3.127100000000000080e+01,3.420000076000000178e+01
3.127499999999999858e+01,3.420000076000000178e+01
3.127499999999999858e+01,3.420000076000000178e+01
3.134299999999999642e+01,3.420000076000000178e+01
3.134599999999999653e+01,3.420000076000000178e+01
3.134700000000000131e+01,3.420000076000000178e+01
3.134799999999999898e+01,3.420000076000000178e+01
3.140800000000000125e+01,3.420000076000000178e+01
3.140899999999999892e+01,3.420000076000000178e+01
3.140999999999999659e+01,3.420000076000000178e+01
3.147200000000000131e+01,3.420000076000000178e+01
3.147500000000000142e+01,3.420000076000000178e+01
3.147500000000000142e+01,3.420000076000000178e+01
3.154500000000000171e+01,3.420000076000000178e+01
3.154800000000000182e+01,3.420000076000000178e+01
3.154899999999999949e+01,3.420000076000000178e+01
3.154999999999999716e+01,3.420000076000000178e+01
3.160699999999999932e+01,3.420000076000000178e+01
3.160900000000000176e+01,3.420000076000000178e+01
3.160900000000000176e+01,3.420000076000000178e+01
3.161399999999999721e+01,3.420000076000000178e+01
3.164699999999999847e+01,3.420000076000000178e+01
3.165299999999999869e+01,3.399000167999999888e+01
3.167699999999999960e+01,3.399000167999999888e+01
3.174300000000000210e+01,3.399000167999999888e+01
3.174600000000000222e+01,3.399000167999999888e+01
3.174799999999999756e+01,3.399000167999999888e+01
3.180700000000000216e+01,3.399000167999999888e+01
3.180899999999999750e+01,3.399000167999999888e+01
3.181000000000000227e+01,3.399000167999999888e+01
3.187400000000000233e+01,3.399000167999999888e+01
3.187700000000000244e+01,3.399000167999999888e+01
3.187800000000000011e+01,3.399000167999999888e+01
3.187800000000000011e+01,3.399000167999999888e+01
3.193999999999999773e+01,3.399000167999999888e+01
3.194400000000000261e+01,3.399000167999999888e+01
3.194500000000000028e+01,3.399000167999999888e+01
3.200600000000000023e+01,3.399000167999999888e+01
3.200900000000000034e+01,3.399000167999999888e+01
3.200900000000000034e+01,3.399000167999999888e+01
3.200999999999999801e+01,3.399000167999999888e+01
3.207500000000000284e+01,3.399000167999999888e+01
3.207800000000000296e+01,3.399000167999999888e+01
3.207900000000000063e+01,3.399000167999999888e+01
3.208599999999999852e+01,3.399000167999999888e+01
3.214300000000000068e+01,3.399000167999999888e+01
3.214499999999999602e+01,3.399000167999999888e+01
3.221000000000000085e+01,3.399000167999999888e+01
3.221300000000000097e+01,3.399000167999999888e+01
3.221499999999999631e+01,3.399000167999999888e+01
3.221600000000000108e+01,3.399000167999999888e+01
3.227299999999999613e+01,3.399000167999999888e+01
3.227499999999999858e+01,3.399000167999999888e+01
3.227700000000000102e+01,3.399000167999999888e+01
3.228600000000000136e+01,3.399000167999999888e+01
3.233999999999999631e+01,3.399000167999999888e+01
3.234400000000000119e+01,3.399000167999999888e+01
3.234499999999999886e+01,3.399000167999999888e+01
3.240599999999999881e+01,3.399000167999999888e+01
3.240699999999999648e+01,3.399000167999999888e+01
3.240800000000000125e+01,3.399000167999999888e+01
3.247200000000000131e+01,3.399000167999999888e+01
3.247299999999999898e+01,3.399000167999999888e+01
3.247399999999999665e+01,3.399000167999999888e+01
3.248799999999999955e+01,3.399000167999999888e+01
3.254099999999999682e+01,3.399000167999999888e+01
3.254399999999999693e+01,3.399000167999999888e+01
3.254500000000000171e+01,3.399000167999999888e+01
3.260600000000000165e+01,3.399000167999999888e+01
3.260699999999999932e+01,3.399000167999999888e+01
3.260699999999999932e+01,3.399000167999999888e+01
3.261599999999999966e+01,3.399000167999999888e+01
3.264900000000000091e+01,3.399000167999999888e+01
3.264999999999999858e+01,3.381000137000000194e+01
3.266799999999999926e+01,3.381000137000000194e+01
3.269100000000000250e+01,3.381000137000000194e+01
3.273799999999999955e+01,3.381000137000000194e+01
3.274000000000000199e+01,3.381000137000000194e+01
3.280599999999999739e+01,3.381000137000000194e+01
3.280899999999999750e+01,3.381000137000000194e+01
3.280899999999999750e+01,3.381000137000000194e+01
3.286999999999999744e+01,3.381000137000000194e+01
3.287199999999999989e+01,3.381000137000000194e+01
3.287299999999999756e+01,3.381000137000000194e+01
3.287400000000000233e+01,3.381000137000000194e+01
3.290500000000000114e+01,3.381000137000000194e+01
3.293999999999999773e+01,3.381000137000000194e+01
3.294200000000000017e+01,3.381000137000000194e+01
3.300399999999999778e+01,3.381000137000000194e+01
3.300699999999999790e+01,3.381000137000000194e+01
3.300800000000000267e+01,3.381000137000000194e+01
3.300900000000000034e+01,3.381000137000000194e+01
3.307200000000000273e+01,3.381000137000000194e+01
3.307399999999999807e+01,3.381000137000000194e+01
3.307600000000000051e+01,3.381000137000000194e+01
3.310099999999999909e+01,3.381000137000000194e+01
3.310300000000000153e+01,3.381000137000000194e+01
3.314099999999999824e+01,3.381000137000000194e+01
3.314300000000000068e+01,3.381000137000000194e+01
3.320899999999999608e+01,3.381000137000000194e+01
3.321099999999999852e+01,3.381000137000000194e+01
3.321300000000000097e+01,3.381000137000000194e+01
3.327199999999999847e+01,3.381000137000000194e+01
3.327499999999999858e+01,3.381000137000000194e+01
3.327599999999999625e+01,3.381000137000000194e+01
3.330400000000000205e+01,3.381000137000000194e+01
3.330499999999999972e+01,3.381000137000000194e+01
3.334100000000000108e+01,3.381000137000000194e+01
3.334299999999999642e+01,3.381000137000000194e+01
3.340599999999999881e+01,3.381000137000000194e+01
3.340899999999999892e+01,3.381000137000000194e+01
3.340999999999999659e+01,3.381000137000000194e+01
3.347200000000000131e+01,3.381000137000000194e+01
3.347500000000000142e+01,3.381000137000000194e+01
3.347699999999999676e+01,3.381000137000000194e+01
3.347800000000000153e+01,3.381000137000000194e+01
3.350800000000000267e+01,3.381000137000000194e+01
3.353900000000000148e+01,3.381000137000000194e+01
3.354099999999999682e+01,3.381000137000000194e+01
3.360799999999999699e+01,3.381000137000000194e+01
3.360900000000000176e+01,3.381000137000000194e+01
3.360999999999999943e+01,3.381000137000000194e+01
3.360999999999999943e+01,3.381000137000000194e+01
3.362800000000000011e+01,3.381000137000000194e+01
3.364799999999999613e+01,3.363999938999999983e+01
3.366799999999999926e+01,3.363999938999999983e+01
3.368699999999999761e+01,3.363999938999999983e+01
3.371000000000000085e+01,3.363999938999999983e+01
3.374499999999999744e+01,3.363999938999999983e+01
3.374699999999999989e+01,3.363999938999999983e+01
3.381499999999999773e+01,3.363999938999999983e+01
3.381700000000000017e+01,3.363999938999999983e+01
3.381799999999999784e+01,3.363999938999999983e+01
3.388000000000000256e+01,3.363999938999999983e+01
3.388199999999999790e+01,3.363999938999999983e+01
3.388300000000000267e+01,3.363999938999999983e+01
3.391400000000000148e+01,3.363999938999999983e+01
3.391599999999999682e+01,3.363999938999999983e+01
3.394899999999999807e+01,3.363999938999999983e+01
3.395100000000000051e+01,3.363999938999999983e+01
3.401500000000000057e+01,3.363999938999999983e+01
3.401700000000000301e+01,3.363999938999999983e+01
3.401899999999999835e+01,3.363999938999999983e+01
3.408299999999999841e+01,3.363999938999999983e+01
3.408500000000000085e+01,3.363999938999999983e+01
3.408599999999999852e+01,3.363999938999999983e+01
3.408699999999999619e+01,3.363999938999999983e+01
3.411699999999999733e+01,3.363999938999999983e+01
3.411999999999999744e+01,3.363999938999999983e+01
3.414699999999999847e+01,3.363999938999999983e+01
3.421499999999999631e+01,3.363999938999999983e+01
3.421699999999999875e+01,3.363999938999999983e+01
3.421799999999999642e+01,3.363999938999999983e+01
3.421900000000000119e+01,3.363999938999999983e+01
3.428099999999999881e+01,3.363999938999999983e+01
3.428399999999999892e+01,3.363999938999999983e+01
3.428499999999999659e+01,3.363999938999999983e+01
3.432200000000000273e+01,3.363999938999999983e+01
3.432399999999999807e+01,3.363999938999999983e+01
3.434899999999999665e+01,3.363999938999999983e+01
3.441700000000000159e+01,3.363999938999999983e+01
3.441899999999999693e+01,3.363999938999999983e+01
3.442099999999999937e+01,3.363999938999999983e+01
3.442199999999999704e+01,3.363999938999999983e+01
3.447999999999999687e+01,3.363999938999999983e+01
3.448199999999999932e+01,3.363999938999999983e+01
3.448400000000000176e+01,3.363999938999999983e+01
3.452799999999999869e+01,3.363999938999999983e+01
3.452799999999999869e+01,3.363999938999999983e+01
3.452899999999999636e+01,3.363999938999999983e+01
3.454599999999999937e+01,3.363999938999999983e+01
3.460300000000000153e+01,3.363999938999999983e+01
3.460399999999999920e+01,3.363999938999999983e+01
3.460499999999999687e+01,3.363999938999999983e+01
3.462400000000000233e+01,3.363999938999999983e+01
3.464900000000000091e+01,3.345000076000000178e+01
3.466499999999999915e+01,3.345000076000000178e+01
3.468599999999999994e+01,3.345000076000000178e+01
3.472699999999999676e+01,3.345000076000000178e+01
3.472800000000000153e+01,3.345000076000000178e+01
3.474499999999999744e+01,3.345000076000000178e+01
3.481199999999999761e+01,3.345000076000000178e+01
3.481499999999999773e+01,3.345000076000000178e+01
3.481600000000000250e+01,3.345000076000000178e+01
3.487899999999999778e+01,3.345000076000000178e+01
3.488199999999999790e+01,3.345000076000000178e+01
3.488300000000000267e+01,3.345000076000000178e+01
3.488400000000000034e+01,3.345000076000000178e+01
3.493900000000000006e+01,3.345000076000000178e+01
3.494200000000000017e+01,3.345000076000000178e+01
3.494200000000000017e+01,3.345000076000000178e+01
3.501599999999999824e+01,3.345000076000000178e+01
3.501899999999999835e+01,3.345000076000000178e+01
3.501899999999999835e+01,3.345000076000000178e+01
3.508399999999999608e+01,3.345000076000000178e+01
3.508599999999999852e+01,3.345000076000000178e+01
3.508800000000000097e+01,3.345000076000000178e+01
3.508800000000000097e+01,3.345000076000000178e+01
3.513600000000000279e+01,3.345000076000000178e+01
3.513799999999999812e+01,3.345000076000000178e+01
3.514000000000000057e+01,3.345000076000000178e+01
3.521199999999999619e+01,3.345000076000000178e+01
3.521399999999999864e+01,3.345000076000000178e+01
3.521499999999999631e+01,3.345000076000000178e+01
3.521600000000000108e+01,3.345000076000000178e+01
3.527899999999999636e+01,3.345000076000000178e+01
3.528099999999999881e+01,3.345000076000000178e+01
3.528099999999999881e+01,3.345000076000000178e+01
3.533899999999999864e+01,3.345000076000000178e+01
3.534100000000000108e+01,3.345000076000000178e+01
3.534199999999999875e+01,3.345000076000000178e+01
3.541599999999999682e+01,3.345000076000000178e+01
3.541899999999999693e+01,3.345000076000000178e+01
3.542000000000000171e+01,3.345000076000000178e+01
3.542099999999999937e+01,3.345000076000000178e+01
3.547999999999999687e+01,3.345000076000000178e+01
3.548299999999999699e+01,3.345000076000000178e+01
3.548400000000000176e+01,3.345000076000000178e+01
3.554299999999999926e+01,3.345000076000000178e+01
3.554500000000000171e+01,3.345000076000000178e+01
3.554500000000000171e+01,3.345000076000000178e+01
3.554599999999999937e+01,3.345000076000000178e+01
3.560499999999999687e+01,3.345000076000000178e+01
3.560600000000000165e+01,3.345000076000000178e+01
3.560699999999999932e+01,3.345000076000000178e+01
3.564600000000000080e+01,3.345000076000000178e+01
3.564699999999999847e+01,3.327000045999999855e+01
3.566599999999999682e+01,3.327000045999999855e+01
3.567699999999999960e+01,3.327000045999999855e+01
3.574399999999999977e+01,3.327000045999999855e+01
3.574600000000000222e+01,3.327000045999999855e+01
3.574699999999999989e+01,3.327000045999999855e+01
3.582200000000000273e+01,3.327000045999999855e+01
3.582500000000000284e+01,3.327000045999999855e+01
3.582500000000000284e+01,3.327000045999999855e+01
3.582600000000000051e+01,3.327000045999999855e+01
3.588900000000000290e+01,3.327000045999999855e+01
3.589099999999999824e+01,3.327000045999999855e+01
3.589300000000000068e+01,3.327000045999999855e+01
3.595199999999999818e+01,3.327000045999999855e+01
3.595600000000000307e+01,3.327000045999999855e+01
3.595700000000000074e+01,3.327000045999999855e+01
3.595799999999999841e+01,3.327000045999999855e+01
3.602199999999999847e+01,3.327000045999999855e+01
3.602499999999999858e+01,3.327000045999999855e+01
3.602599999999999625e+01,3.327000045999999855e+01
3.608699999999999619e+01,3.327000045999999855e+01
3.608899999999999864e+01,3.327000045999999855e+01
3.608999999999999631e+01,3.327000045999999855e+01
3.615399999999999636e+01,3.327000045999999855e+01
3.615699999999999648e+01,3.327000045999999855e+01
3.615800000000000125e+01,3.327000045999999855e+01
3.615800000000000125e+01,3.327000045999999855e+01
3.621999999999999886e+01,3.327000045999999855e+01
3.622399999999999665e+01,3.327000045999999855e+01
3.622500000000000142e+01,3.327000045999999855e+01
3.628799999999999670e+01,3.327000045999999855e+01
3.629200000000000159e+01,3.327000045999999855e+01
3.629299999999999926e+01,3.327000045999999855e+01
3.629399999999999693e+01,3.327000045999999855e+01
3.635600000000000165e+01,3.327000045999999855e+01
3.635900000000000176e+01,3.327000045999999855e+01
3.636099999999999710e+01,3.327000045999999855e+01
3.642300000000000182e+01,3.327000045999999855e+01
3.642600000000000193e+01,3.327000045999999855e+01
3.642699999999999960e+01,3.327000045999999855e+01
3.642799999999999727e+01,3.327000045999999855e+01
3.648899999999999721e+01,3.327000045999999855e+01
3.649099999999999966e+01,3.327000045999999855e+01
3.649199999999999733e+01,3.327000045999999855e+01
3.655499999999999972e+01,3.327000045999999855e+01
3.655700000000000216e+01,3.327000045999999855e+01
3.655899999999999750e+01,3.327000045999999855e+01
3.656600000000000250e+01,3.327000045999999855e+01
3.661699999999999733e+01,3.327000045999999855e+01
3.661800000000000210e+01,3.327000045999999855e+01
3.661800000000000210e+01,3.327000045999999855e+01
3.663799999999999812e+01,3.327000045999999855e+01
3.665899999999999892e+01,3.309999847000000273e+01
3.667399999999999949e+01,3.309999847000000273e+01
3.675200000000000244e+01,3.309999847000000273e+01
3.675500000000000256e+01,3.309999847000000273e+01
3.675500000000000256e+01,3.309999847000000273e+01
3.676200000000000045e+01,3.309999847000000273e+01
3.682200000000000273e+01,3.309999847000000273e+01
3.682500000000000284e+01,3.309999847000000273e+01
3.682600000000000051e+01,3.309999847000000273e+01
3.688700000000000045e+01,3.309999847000000273e+01
3.689000000000000057e+01,3.309999847000000273e+01
3.689099999999999824e+01,3.309999847000000273e+01
3.695499999999999829e+01,3.309999847000000273e+01
3.695700000000000074e+01,3.309999847000000273e+01
3.695799999999999841e+01,3.309999847000000273e+01
3.695899999999999608e+01,3.309999847000000273e+01
3.701700000000000301e+01,3.309999847000000273e+01
3.701899999999999835e+01,3.309999847000000273e+01
3.701999999999999602e+01,3.309999847000000273e+01
3.708699999999999619e+01,3.309999847000000273e+01
3.708999999999999631e+01,3.309999847000000273e+01
3.709100000000000108e+01,3.309999847000000273e+01
3.709199999999999875e+01,3.309999847000000273e+01
3.715299999999999869e+01,3.309999847000000273e+01
3.715599999999999881e+01,3.309999847000000273e+01
3.715699999999999648e+01,3.309999847000000273e+01
3.716899999999999693e+01,3.309999847000000273e+01
3.721999999999999886e+01,3.309999847000000273e+01
3.722200000000000131e+01,3.309999847000000273e+01
3.728799999999999670e+01,3.309999847000000273e+01
3.729099999999999682e+01,3.309999847000000273e+01
3.729200000000000159e+01,3.309999847000000273e+01
3.729299999999999926e+01,3.309999847000000273e+01
3.735199999999999676e+01,3.309999847000000273e+01
3.735600000000000165e+01,3.309999847000000273e+01
3.735699999999999932e+01,3.309999847000000273e+01
3.737299999999999756e+01,3.309999847000000273e+01
3.742199999999999704e+01,3.309999847000000273e+01
3.742499999999999716e+01,3.309999847000000273e+01
3.742600000000000193e+01,3.309999847000000273e+01
3.748599999999999710e+01,3.309999847000000273e+01
3.748899999999999721e+01,3.309999847000000273e+01
3.749000000000000199e+01,3.309999847000000273e+01
3.755599999999999739e+01,3.309999847000000273e+01
3.755799999999999983e+01,3.309999847000000273e+01
3.755899999999999750e+01,3.309999847000000273e+01
3.757999999999999829e+01,3.309999847000000273e+01
3.760399999999999920e+01,3.309999847000000273e+01
3.760499999999999687e+01,3.309999847000000273e+01
3.762700000000000244e+01,3.309999847000000273e+01
3.765200000000000102e+01,3.288999938999999983e+01
3.765999999999999659e+01,3.288999938999999983e+01
3.768099999999999739e+01,3.288999938999999983e+01
3.774300000000000210e+01,3.288999938999999983e+01
3.774600000000000222e+01,3.288999938999999983e+01
3.774699999999999989e+01,3.288999938999999983e+01
3.778000000000000114e+01,3.288999938999999983e+01
3.778099999999999881e+01,3.288999938999999983e+01
3.780899999999999750e+01,3.288999938999999983e+01
3.788000000000000256e+01,3.288999938999999983e+01
3.788199999999999790e+01,3.288999938999999983e+01
3.788300000000000267e+01,3.288999938999999983e+01
3.788400000000000034e+01,3.288999938999999983e+01
3.794700000000000273e+01,3.288999938999999983e+01
3.794899999999999807e+01,3.288999938999999983e+01
3.795000000000000284e+01,3.288999938999999983e+01
3.798400000000000176e+01,3.288999938999999983e+01
3.798700000000000188e+01,3.288999938999999983e+01
3.801200000000000045e+01,3.288999938999999983e+01
3.807699999999999818e+01,3.288999938999999983e+01
3.807999999999999829e+01,3.288999938999999983e+01
3.807999999999999829e+01,3.288999938999999983e+01
3.808100000000000307e+01,3.288999938999999983e+01
3.814399999999999835e+01,3.288999938999999983e+01
3.814699999999999847e+01,3.288999938999999983e+01
3.814699999999999847e+01,3.288999938999999983e+01
3.818800000000000239e+01,3.288999938999999983e+01
3.818999999999999773e+01,3.288999938999999983e+01
3.821199999999999619e+01,3.288999938999999983e+01
3.821399999999999864e+01,3.288999938999999983e+01
3.827799999999999869e+01,3.288999938999999983e+01
3.828099999999999881e+01,3.288999938999999983e+01
3.828199999999999648e+01,3.288999938999999983e+01
3.834299999999999642e+01,3.288999938999999983e+01
3.834599999999999653e+01,3.288999938999999983e+01
3.834700000000000131e+01,3.288999938999999983e+01
3.839000000000000057e+01,3.288999938999999983e+01
3.839200000000000301e+01,3.288999938999999983e+01
3.839399999999999835e+01,3.288999938999999983e+01
3.841199999999999903e+01,3.288999938999999983e+01
3.847999999999999687e+01,3.288999938999999983e+01
3.848400000000000176e+01,3.288999938999999983e+01
3.848400000000000176e+01,3.288999938999999983e+01
3.854399999999999693e+01,3.288999938999999983e+01
3.854699999999999704e+01,3.288999938999999983e+01
3.854699999999999704e+01,3.288999938999999983e+01
3.854899999999999949e+01,3.288999938999999983e+01
3.860199999999999676e+01,3.288999938999999983e+01
3.860300000000000153e+01,3.288999938999999983e+01
3.860600000000000165e+01,3.288999938999999983e+01
3.861899999999999977e+01,3.288999938999999983e+01
3.863700000000000045e+01,3.288999938999999983e+01
3.865699999999999648e+01,3.270000076000000178e+01
3.872999999999999687e+01,3.270000076000000178e+01
3.873299999999999699e+01,3.270000076000000178e+01
3.873400000000000176e+01,3.270000076000000178e+01
3.879599999999999937e+01,3.270000076000000178e+01
3.879800000000000182e+01,3.270000076000000178e+01
3.879899999999999949e+01,3.270000076000000178e+01
3.886099999999999710e+01,3.270000076000000178e+01
3.886299999999999955e+01,3.270000076000000178e+01
3.886399999999999721e+01,3.270000076000000178e+01
3.892799999999999727e+01,3.270000076000000178e+01
3.892999999999999972e+01,3.270000076000000178e+01
3.893099999999999739e+01,3.270000076000000178e+01
3.893200000000000216e+01,3.270000076000000178e+01
3.899399999999999977e+01,3.270000076000000178e+01
3.899600000000000222e+01,3.270000076000000178e+01
3.899699999999999989e+01,3.270000076000000178e+01
3.900000000000000000e+01,3.270000076000000178e+01
3.906300000000000239e+01,3.270000076000000178e+01
3.906600000000000250e+01,3.270000076000000178e+01
3.906700000000000017e+01,3.270000076000000178e+01
3.912800000000000011e+01,3.270000076000000178e+01
3.913000000000000256e+01,3.270000076000000178e+01
3.913199999999999790e+01,3.270000076000000178e+01
3.919500000000000028e+01,3.270000076000000178e+01
3.919800000000000040e+01,3.270000076000000178e+01
3.919899999999999807e+01,3.270000076000000178e+01
3.920700000000000074e+01,3.270000076000000178e+01
3.926299999999999812e+01,3.270000076000000178e+01
3.926500000000000057e+01,3.270000076000000178e+01
3.926599999999999824e+01,3.270000076000000178e+01
3.932900000000000063e+01,3.270000076000000178e+01
3.933100000000000307e+01,3.270000076000000178e+01
3.933200000000000074e+01,3.270000076000000178e+01
3.939499999999999602e+01,3.270000076000000178e+01
3.939699999999999847e+01,3.270000076000000178e+01
3.939799999999999613e+01,3.270000076000000178e+01
3.939900000000000091e+01,3.270000076000000178e+01
3.946099999999999852e+01,3.270000076000000178e+01
3.946300000000000097e+01,3.270000076000000178e+01
3.946399999999999864e+01,3.270000076000000178e+01
3.952599999999999625e+01,3.270000076000000178e+01
3.952799999999999869e+01,3.270000076000000178e+01
3.952799999999999869e+01,3.270000076000000178e+01
3.952899999999999636e+01,3.270000076000000178e+01
3.959700000000000131e+01,3.270000076000000178e+01
3.959799999999999898e+01,3.270000076000000178e+01
3.959799999999999898e+01,3.270000076000000178e+01
3.961099999999999710e+01,3.270000076000000178e+01
3.962299999999999756e+01,3.270000076000000178e+01
3.964399999999999835e+01,3.247999954000000145e+01
3.966299999999999670e+01,3.247999954000000145e+01
3.973599999999999710e+01,3.247999954000000145e+01
3.973899999999999721e+01,3.247999954000000145e+01
3.974099999999999966e+01,3.247999954000000145e+01
3.980499999999999972e+01,3.247999954000000145e+01
3.980799999999999983e+01,3.247999954000000145e+01
3.980899999999999750e+01,3.247999954000000145e+01
3.981000000000000227e+01,3.247999954000000145e+01
3.986899999999999977e+01,3.247999954000000145e+01
3.987199999999999989e+01,3.247999954000000145e+01
3.987400000000000233e+01,3.247999954000000145e+01
3.993599999999999994e+01,3.247999954000000145e+01
3.993900000000000006e+01,3.247999954000000145e+01
3.994200000000000017e+01,3.247999954000000145e+01
4.000200000000000244e+01,3.247999954000000145e+01
4.000500000000000256e+01,3.247999954000000145e+01
4.000600000000000023e+01,3.247999954000000145e+01
4.000800000000000267e+01,3.247999954000000145e+01
4.001700000000000301e+01,3.247999954000000145e+01
4.007000000000000028e+01,3.247999954000000145e+01
4.007200000000000273e+01,3.247999954000000145e+01
4.013900000000000290e+01,3.247999954000000145e+01
4.014099999999999824e+01,3.247999954000000145e+01
4.014200000000000301e+01,3.247999954000000145e+01
4.014300000000000068e+01,3.247999954000000145e+01
4.020199999999999818e+01,3.247999954000000145e+01
4.020499999999999829e+01,3.247999954000000145e+01
4.020499999999999829e+01,3.247999954000000145e+01
4.021999999999999886e+01,3.247999954000000145e+01
4.026800000000000068e+01,3.247999954000000145e+01
4.027100000000000080e+01,3.247999954000000145e+01
4.033599999999999852e+01,3.247999954000000145e+01
4.033899999999999864e+01,3.247999954000000145e+01
4.033999999999999631e+01,3.247999954000000145e+01
4.034100000000000108e+01,3.247999954000000145e+01
4.040200000000000102e+01,3.247999954000000145e+01
4.040399999999999636e+01,3.247999954000000145e+01
4.040599999999999881e+01,3.247999954000000145e+01
4.042600000000000193e+01,3.247999954000000145e+01
4.047099999999999653e+01,3.247999954000000145e+01
4.047399999999999665e+01,3.247999954000000145e+01
4.047500000000000142e+01,3.247999954000000145e+01
4.053499999999999659e+01,3.247999954000000145e+01
4.053699999999999903e+01,3.247999954000000145e+01
4.053799999999999670e+01,3.247999954000000145e+01
4.059899999999999665e+01,3.247999954000000145e+01
4.060000000000000142e+01,3.247999954000000145e+01
4.060000000000000142e+01,3.247999954000000145e+01
4.061699999999999733e+01,3.247999954000000145e+01
4.062800000000000011e+01,3.234000015000000161e+01
4.064499999999999602e+01,3.234000015000000161e+01
4.065899999999999892e+01,3.234000015000000161e+01
4.072899999999999920e+01,3.234000015000000161e+01
4.073100000000000165e+01,3.234000015000000161e+01
4.073199999999999932e+01,3.234000015000000161e+01
4.079500000000000171e+01,3.234000015000000161e+01
4.079599999999999937e+01,3.234000015000000161e+01
4.079800000000000182e+01,3.234000015000000161e+01
4.083299999999999841e+01,3.234000015000000161e+01
4.083500000000000085e+01,3.234000015000000161e+01
4.086500000000000199e+01,3.234000015000000161e+01
4.086699999999999733e+01,3.234000015000000161e+01
4.092799999999999727e+01,3.234000015000000161e+01
4.093099999999999739e+01,3.234000015000000161e+01
4.093200000000000216e+01,3.234000015000000161e+01
4.099600000000000222e+01,3.234000015000000161e+01
4.099799999999999756e+01,3.234000015000000161e+01
4.099900000000000233e+01,3.234000015000000161e+01
4.100099999999999767e+01,3.234000015000000161e+01
4.103699999999999903e+01,3.234000015000000161e+01
4.103900000000000148e+01,3.234000015000000161e+01
4.106600000000000250e+01,3.234000015000000161e+01
4.113199999999999790e+01,3.234000015000000161e+01
4.113499999999999801e+01,3.234000015000000161e+01
4.113700000000000045e+01,3.234000015000000161e+01
4.119599999999999795e+01,3.234000015000000161e+01
4.119700000000000273e+01,3.234000015000000161e+01
4.119800000000000040e+01,3.234000015000000161e+01
4.120000000000000284e+01,3.234000015000000161e+01
4.123899999999999721e+01,3.234000015000000161e+01
4.124099999999999966e+01,3.234000015000000161e+01
4.126200000000000045e+01,3.234000015000000161e+01
4.132900000000000063e+01,3.234000015000000161e+01
4.133100000000000307e+01,3.234000015000000161e+01
4.133200000000000074e+01,3.234000015000000161e+01
4.133399999999999608e+01,3.234000015000000161e+01
4.139600000000000080e+01,3.234000015000000161e+01
4.139799999999999613e+01,3.234000015000000161e+01
4.139999999999999858e+01,3.234000015000000161e+01
4.144200000000000017e+01,3.234000015000000161e+01
4.144400000000000261e+01,3.234000015000000161e+01
4.146399999999999864e+01,3.234000015000000161e+01
4.146600000000000108e+01,3.234000015000000161e+01
4.152799999999999869e+01,3.234000015000000161e+01
4.153099999999999881e+01,3.234000015000000161e+01
4.153199999999999648e+01,3.234000015000000161e+01
4.159499999999999886e+01,3.234000015000000161e+01
4.159599999999999653e+01,3.234000015000000161e+01
4.159599999999999653e+01,3.234000015000000161e+01
4.160699999999999932e+01,3.234000015000000161e+01
4.162700000000000244e+01,3.234000015000000161e+01
4.164600000000000080e+01,3.218999862999999806e+01
4.165800000000000125e+01,3.218999862999999806e+01
4.169700000000000273e+01,3.218999862999999806e+01
4.169800000000000040e+01,3.218999862999999806e+01
4.176700000000000301e+01,3.218999862999999806e+01
4.176899999999999835e+01,3.218999862999999806e+01
4.176999999999999602e+01,3.218999862999999806e+01
4.183399999999999608e+01,3.218999862999999806e+01
4.183500000000000085e+01,3.218999862999999806e+01
4.183500000000000085e+01,3.218999862999999806e+01
4.183500000000000085e+01,3.218999862999999806e+01
4.190099999999999625e+01,3.218999862999999806e+01
4.190500000000000114e+01,3.218999862999999806e+01
4.190599999999999881e+01,3.218999862999999806e+01
4.196799999999999642e+01,3.218999862999999806e+01
4.196999999999999886e+01,3.218999862999999806e+01
4.197099999999999653e+01,3.218999862999999806e+01
4.203399999999999892e+01,3.218999862999999806e+01
4.203600000000000136e+01,3.218999862999999806e+01
4.203799999999999670e+01,3.218999862999999806e+01
4.203900000000000148e+01,3.218999862999999806e+01
4.205199999999999960e+01,3.218999862999999806e+01
4.210099999999999909e+01,3.218999862999999806e+01
4.210399999999999920e+01,3.218999862999999806e+01
4.216799999999999926e+01,3.218999862999999806e+01
4.217199999999999704e+01,3.218999862999999806e+01
4.217300000000000182e+01,3.218999862999999806e+01
4.217499999999999716e+01,3.218999862999999806e+01
4.223299999999999699e+01,3.218999862999999806e+01
4.223499999999999943e+01,3.218999862999999806e+01
4.223499999999999943e+01,3.218999862999999806e+01
4.225699999999999790e+01,3.218999862999999806e+01
4.230199999999999960e+01,3.218999862999999806e+01
4.230400000000000205e+01,3.218999862999999806e+01
4.237100000000000222e+01,3.218999862999999806e+01
4.237400000000000233e+01,3.218999862999999806e+01
4.237500000000000000e+01,3.218999862999999806e+01
4.237599999999999767e+01,3.218999862999999806e+01
4.243500000000000227e+01,3.218999862999999806e+01
4.243800000000000239e+01,3.218999862999999806e+01
4.243999999999999773e+01,3.218999862999999806e+01
4.245899999999999608e+01,3.218999862999999806e+01
4.246000000000000085e+01,3.218999862999999806e+01
4.250099999999999767e+01,3.218999862999999806e+01
4.250300000000000011e+01,3.218999862999999806e+01
4.256799999999999784e+01,3.218999862999999806e+01
4.257000000000000028e+01,3.218999862999999806e+01
4.257099999999999795e+01,3.218999862999999806e+01
4.261200000000000188e+01,3.218999862999999806e+01
4.261399999999999721e+01,3.218999862999999806e+01
4.261999999999999744e+01,3.218999862999999806e+01
4.264999999999999858e+01,3.197999954000000145e+01
4.265599999999999881e+01,3.197999954000000145e+01
4.267099999999999937e+01,3.197999954000000145e+01
4.274199999999999733e+01,3.197999954000000145e+01
4.274499999999999744e+01,3.197999954000000145e+01
4.274600000000000222e+01,3.197999954000000145e+01
4.280599999999999739e+01,3.197999954000000145e+01
4.280799999999999983e+01,3.197999954000000145e+01
4.280799999999999983e+01,3.197999954000000145e+01
4.286999999999999744e+01,3.197999954000000145e+01
4.287299999999999756e+01,3.197999954000000145e+01
4.287500000000000000e+01,3.197999954000000145e+01
4.287599999999999767e+01,3.197999954000000145e+01
4.294400000000000261e+01,3.197999954000000145e+01
4.294599999999999795e+01,3.197999954000000145e+01
4.294700000000000273e+01,3.197999954000000145e+01
4.300900000000000034e+01,3.197999954000000145e+01
4.301100000000000279e+01,3.197999954000000145e+01
4.301100000000000279e+01,3.197999954000000145e+01
4.301200000000000045e+01,3.197999954000000145e+01
4.307200000000000273e+01,3.197999954000000145e+01
4.307500000000000284e+01,3.197999954000000145e+01
4.307600000000000051e+01,3.197999954000000145e+01
4.314099999999999824e+01,3.197999954000000145e+01
4.314300000000000068e+01,3.197999954000000145e+01
4.314399999999999835e+01,3.197999954000000145e+01
4.320600000000000307e+01,3.197999954000000145e+01
4.320700000000000074e+01,3.197999954000000145e+01
4.320700000000000074e+01,3.197999954000000145e+01
4.320700000000000074e+01,3.197999954000000145e+01
4.327799999999999869e+01,3.197999954000000145e+01
4.328000000000000114e+01,3.197999954000000145e+01
4.328099999999999881e+01,3.197999954000000145e+01
4.334199999999999875e+01,3.197999954000000145e+01
4.334499999999999886e+01,3.197999954000000145e+01
4.334599999999999653e+01,3.197999954000000145e+01
4.334700000000000131e+01,3.197999954000000145e+01
4.340999999999999659e+01,3.197999954000000145e+01
4.341199999999999903e+01,3.197999954000000145e+01
4.341199999999999903e+01,3.197999954000000145e+01
4.347599999999999909e+01,3.197999954000000145e+01
4.347800000000000153e+01,3.197999954000000145e+01
4.347899999999999920e+01,3.197999954000000145e+01
4.347999999999999687e+01,3.197999954000000145e+01
4.354500000000000171e+01,3.197999954000000145e+01
4.354899999999999949e+01,3.197999954000000145e+01
4.354999999999999716e+01,3.197999954000000145e+01
4.359899999999999665e+01,3.197999954000000145e+01
4.360099999999999909e+01,3.197999954000000145e+01
4.360099999999999909e+01,3.197999954000000145e+01
4.361800000000000210e+01,3.197999954000000145e+01
4.363900000000000290e+01,3.175000000000000000e+01
4.365099999999999625e+01,3.175000000000000000e+01
4.366799999999999926e+01,3.175000000000000000e+01
4.372999999999999687e+01,3.175000000000000000e+01
4.373199999999999932e+01,3.175000000000000000e+01
4.373400000000000176e+01,3.175000000000000000e+01
4.379699999999999704e+01,3.175000000000000000e+01
4.379899999999999949e+01,3.175000000000000000e+01
4.379999999999999716e+01,3.175000000000000000e+01
4.386299999999999955e+01,3.175000000000000000e+01
4.386599999999999966e+01,3.175000000000000000e+01
4.386699999999999733e+01,3.175000000000000000e+01
4.388499999999999801e+01,3.175000000000000000e+01
4.393500000000000227e+01,3.175000000000000000e+01
4.393699999999999761e+01,3.175000000000000000e+01
4.393900000000000006e+01,3.175000000000000000e+01
4.399699999999999989e+01,3.175000000000000000e+01
4.400000000000000000e+01,3.175000000000000000e+01
4.400099999999999767e+01,3.175000000000000000e+01
4.406400000000000006e+01,3.175000000000000000e+01
4.406600000000000250e+01,3.175000000000000000e+01
4.406700000000000017e+01,3.175000000000000000e+01
4.406799999999999784e+01,3.175000000000000000e+01
4.408800000000000097e+01,3.175000000000000000e+01
4.413199999999999790e+01,3.175000000000000000e+01
4.413499999999999801e+01,3.175000000000000000e+01
4.419700000000000273e+01,3.175000000000000000e+01
4.419899999999999807e+01,3.175000000000000000e+01
4.420000000000000284e+01,3.175000000000000000e+01
4.426100000000000279e+01,3.175000000000000000e+01
4.426200000000000045e+01,3.175000000000000000e+01
4.426299999999999812e+01,3.175000000000000000e+01
4.426299999999999812e+01,3.175000000000000000e+01
4.429099999999999682e+01,3.175000000000000000e+01
4.433100000000000307e+01,3.175000000000000000e+01
4.433299999999999841e+01,3.175000000000000000e+01
4.439699999999999847e+01,3.175000000000000000e+01
4.439999999999999858e+01,3.175000000000000000e+01
4.440099999999999625e+01,3.175000000000000000e+01
4.440200000000000102e+01,3.175000000000000000e+01
4.446300000000000097e+01,3.175000000000000000e+01
4.446499999999999631e+01,3.175000000000000000e+01
4.446600000000000108e+01,3.175000000000000000e+01
4.449799999999999756e+01,3.175000000000000000e+01
4.450000000000000000e+01,3.175000000000000000e+01
4.453099999999999881e+01,3.175000000000000000e+01
4.453399999999999892e+01,3.175000000000000000e+01
4.460000000000000142e+01,3.175000000000000000e+01
4.460099999999999909e+01,3.175000000000000000e+01
4.460099999999999909e+01,3.175000000000000000e+01
4.460600000000000165e+01,3.175000000000000000e+01
4.462599999999999767e+01,3.175000000000000000e+01
4.464600000000000080e+01,3.162999916000000056e+01
4.467099999999999937e+01,3.162999916000000056e+01
4.469700000000000273e+01,3.162999916000000056e+01
4.474000000000000199e+01,3.162999916000000056e+01
4.474199999999999733e+01,3.162999916000000056e+01
4.481199999999999761e+01,3.162999916000000056e+01
4.481400000000000006e+01,3.162999916000000056e+01
4.481499999999999773e+01,3.162999916000000056e+01
4.481700000000000017e+01,3.162999916000000056e+01
4.487700000000000244e+01,3.162999916000000056e+01
4.487899999999999778e+01,3.162999916000000056e+01
4.488000000000000256e+01,3.162999916000000056e+01
4.490200000000000102e+01,3.162999916000000056e+01
4.494200000000000017e+01,3.162999916000000056e+01
4.494400000000000261e+01,3.162999916000000056e+01
4.494500000000000028e+01,3.162999916000000056e+01
4.500999999999999801e+01,3.162999916000000056e+01
4.501200000000000045e+01,3.162999916000000056e+01
4.501299999999999812e+01,3.162999916000000056e+01
4.507600000000000051e+01,3.162999916000000056e+01
4.507900000000000063e+01,3.162999916000000056e+01
4.507999999999999829e+01,3.162999916000000056e+01
4.510600000000000165e+01,3.162999916000000056e+01
4.510799999999999699e+01,3.162999916000000056e+01
4.514499999999999602e+01,3.162999916000000056e+01
4.514699999999999847e+01,3.162999916000000056e+01
4.520899999999999608e+01,3.162999916000000056e+01
4.521099999999999852e+01,3.162999916000000056e+01
4.521199999999999619e+01,3.162999916000000056e+01
4.527899999999999636e+01,3.162999916000000056e+01
4.528199999999999648e+01,3.162999916000000056e+01
4.528399999999999892e+01,3.162999916000000056e+01
4.528399999999999892e+01,3.162999916000000056e+01
4.531000000000000227e+01,3.162999916000000056e+01
4.534499999999999886e+01,3.162999916000000056e+01
4.534700000000000131e+01,3.162999916000000056e+01
4.541199999999999903e+01,3.162999916000000056e+01
4.541400000000000148e+01,3.162999916000000056e+01
4.541599999999999682e+01,3.162999916000000056e+01
4.541700000000000159e+01,3.162999916000000056e+01
4.547899999999999920e+01,3.162999916000000056e+01
4.548100000000000165e+01,3.162999916000000056e+01
4.548199999999999932e+01,3.162999916000000056e+01
4.551200000000000045e+01,3.162999916000000056e+01
4.551400000000000290e+01,3.162999916000000056e+01
4.554200000000000159e+01,3.162999916000000056e+01
4.560999999999999943e+01,3.162999916000000056e+01
4.561099999999999710e+01,3.162999916000000056e+01
4.561200000000000188e+01,3.162999916000000056e+01
4.561200000000000188e+01,3.162999916000000056e+01
4.562500000000000000e+01,3.162999916000000056e+01
4.564200000000000301e+01,3.162999916000000056e+01
4.566199999999999903e+01,3.146999930999999862e+01
4.568999999999999773e+01,3.146999930999999862e+01
4.571499999999999631e+01,3.146999930999999862e+01
4.575200000000000244e+01,3.146999930999999862e+01
4.575500000000000256e+01,3.146999930999999862e+01
4.582099999999999795e+01,3.146999930999999862e+01
4.582399999999999807e+01,3.146999930999999862e+01
4.582500000000000284e+01,3.146999930999999862e+01
4.588900000000000290e+01,3.146999930999999862e+01
4.589200000000000301e+01,3.146999930999999862e+01
4.589300000000000068e+01,3.146999930999999862e+01
4.592099999999999937e+01,3.146999930999999862e+01
4.592399999999999949e+01,3.146999930999999862e+01
4.595600000000000307e+01,3.146999930999999862e+01
4.595899999999999608e+01,3.146999930999999862e+01
4.602100000000000080e+01,3.146999930999999862e+01
4.602400000000000091e+01,3.146999930999999862e+01
4.602499999999999858e+01,3.146999930999999862e+01
4.608699999999999619e+01,3.146999930999999862e+01
4.608899999999999864e+01,3.146999930999999862e+01
4.608899999999999864e+01,3.146999930999999862e+01
4.608999999999999631e+01,3.146999930999999862e+01
4.612400000000000233e+01,3.146999930999999862e+01
4.612599999999999767e+01,3.146999930999999862e+01
4.615299999999999869e+01,3.146999930999999862e+01
4.622099999999999653e+01,3.146999930999999862e+01
4.622299999999999898e+01,3.146999930999999862e+01
4.622399999999999665e+01,3.146999930999999862e+01
4.622500000000000142e+01,3.146999930999999862e+01
4.628799999999999670e+01,3.146999930999999862e+01
4.628999999999999915e+01,3.146999930999999862e+01
4.629099999999999682e+01,3.146999930999999862e+01
4.632699999999999818e+01,3.146999930999999862e+01
4.633100000000000307e+01,3.146999930999999862e+01
4.635600000000000165e+01,3.146999930999999862e+01
4.642099999999999937e+01,3.146999930999999862e+01
4.642399999999999949e+01,3.146999930999999862e+01
4.642499999999999716e+01,3.146999930999999862e+01
4.642600000000000193e+01,3.146999930999999862e+01
4.648599999999999710e+01,3.146999930999999862e+01
4.648799999999999955e+01,3.146999930999999862e+01
4.648899999999999721e+01,3.146999930999999862e+01
4.652899999999999636e+01,3.146999930999999862e+01
4.653000000000000114e+01,3.146999930999999862e+01
4.655199999999999960e+01,3.146999930999999862e+01
4.655299999999999727e+01,3.146999930999999862e+01
4.660199999999999676e+01,3.146999930999999862e+01
4.660300000000000153e+01,3.146999930999999862e+01
4.661500000000000199e+01,3.146999930999999862e+01
4.664900000000000091e+01,3.146999930999999862e+01
4.664999999999999858e+01,3.129000092000000066e+01
4.666899999999999693e+01,3.129000092000000066e+01
4.673499999999999943e+01,3.129000092000000066e+01
4.673700000000000188e+01,3.129000092000000066e+01
4.673799999999999955e+01,3.129000092000000066e+01
4.680700000000000216e+01,3.129000092000000066e+01
4.681000000000000227e+01,3.129000092000000066e+01
4.681099999999999994e+01,3.129000092000000066e+01
4.681199999999999761e+01,3.129000092000000066e+01
4.687500000000000000e+01,3.129000092000000066e+01
4.687700000000000244e+01,3.129000092000000066e+01
4.687800000000000011e+01,3.129000092000000066e+01
4.693800000000000239e+01,3.129000092000000066e+01
4.693999999999999773e+01,3.129000092000000066e+01
4.694100000000000250e+01,3.129000092000000066e+01
4.701100000000000279e+01,3.129000092000000066e+01
4.701400000000000290e+01,3.129000092000000066e+01
4.701500000000000057e+01,3.129000092000000066e+01
4.701700000000000301e+01,3.129000092000000066e+01
4.707399999999999807e+01,3.129000092000000066e+01
4.707600000000000051e+01,3.129000092000000066e+01
4.707699999999999818e+01,3.129000092000000066e+01
4.714200000000000301e+01,3.129000092000000066e+01
4.714399999999999835e+01,3.129000092000000066e+01
4.714499999999999602e+01,3.129000092000000066e+01
4.714600000000000080e+01,3.129000092000000066e+01
4.720799999999999841e+01,3.129000092000000066e+01
4.721099999999999852e+01,3.129000092000000066e+01
4.721199999999999619e+01,3.129000092000000066e+01
4.727499999999999858e+01,3.129000092000000066e+01
4.727700000000000102e+01,3.129000092000000066e+01
4.727799999999999869e+01,3.129000092000000066e+01
4.734499999999999886e+01,3.129000092000000066e+01
4.734700000000000131e+01,3.129000092000000066e+01
4.734799999999999898e+01,3.129000092000000066e+01
4.734899999999999665e+01,3.129000092000000066e+01
4.741100000000000136e+01,3.129000092000000066e+01
4.741299999999999670e+01,3.129000092000000066e+01
4.741400000000000148e+01,3.129000092000000066e+01
4.747599999999999909e+01,3.129000092000000066e+01
4.747800000000000153e+01,3.129000092000000066e+01
4.747899999999999920e+01,3.129000092000000066e+01
4.747999999999999687e+01,3.129000092000000066e+01
4.754200000000000159e+01,3.129000092000000066e+01
4.754500000000000171e+01,3.129000092000000066e+01
4.754599999999999937e+01,3.129000092000000066e+01
4.760000000000000142e+01,3.129000092000000066e+01
4.760099999999999909e+01,3.129000092000000066e+01
4.760199999999999676e+01,3.129000092000000066e+01
4.760499999999999687e+01,3.129000092000000066e+01
4.764099999999999824e+01,3.129000092000000066e+01
4.764799999999999613e+01,3.112000083999999944e+01
4.766799999999999926e+01,3.112000083999999944e+01
4.773199999999999932e+01,3.112000083999999944e+01
4.773400000000000176e+01,3.112000083999999944e+01
4.773499999999999943e+01,3.112000083999999944e+01
4.775099999999999767e+01,3.112000083999999944e+01
4.779999999999999716e+01,3.112000083999999944e+01
4.780299999999999727e+01,3.112000083999999944e+01
4.786899999999999977e+01,3.112000083999999944e+01
4.787199999999999989e+01,3.112000083999999944e+01
4.787299999999999756e+01,3.112000083999999944e+01
4.787400000000000233e+01,3.112000083999999944e+01
4.793200000000000216e+01,3.112000083999999944e+01
4.793399999999999750e+01,3.112000083999999944e+01
4.793500000000000227e+01,3.112000083999999944e+01
4.795499999999999829e+01,3.112000083999999944e+01
4.799900000000000233e+01,3.112000083999999944e+01
4.800200000000000244e+01,3.112000083999999944e+01
4.800300000000000011e+01,3.112000083999999944e+01
4.806600000000000250e+01,3.112000083999999944e+01
4.806900000000000261e+01,3.112000083999999944e+01
4.807000000000000028e+01,3.112000083999999944e+01
4.813199999999999790e+01,3.112000083999999944e+01
4.813499999999999801e+01,3.112000083999999944e+01
4.813600000000000279e+01,3.112000083999999944e+01
4.815699999999999648e+01,3.112000083999999944e+01
4.815899999999999892e+01,3.112000083999999944e+01
4.819899999999999807e+01,3.112000083999999944e+01
4.820199999999999818e+01,3.112000083999999944e+01
4.826500000000000057e+01,3.112000083999999944e+01
4.826700000000000301e+01,3.112000083999999944e+01
4.826800000000000068e+01,3.112000083999999944e+01
4.833599999999999852e+01,3.112000083999999944e+01
4.833899999999999864e+01,3.112000083999999944e+01
4.833999999999999631e+01,3.112000083999999944e+01
4.834100000000000108e+01,3.112000083999999944e+01
4.835900000000000176e+01,3.112000083999999944e+01
4.839999999999999858e+01,3.112000083999999944e+01
4.840200000000000102e+01,3.112000083999999944e+01
4.846999999999999886e+01,3.112000083999999944e+01
4.847200000000000131e+01,3.112000083999999944e+01
4.847500000000000142e+01,3.112000083999999944e+01
4.853399999999999892e+01,3.112000083999999944e+01
4.853600000000000136e+01,3.112000083999999944e+01
4.853699999999999903e+01,3.112000083999999944e+01
4.853799999999999670e+01,3.112000083999999944e+01
4.856799999999999784e+01,3.112000083999999944e+01
4.859700000000000131e+01,3.112000083999999944e+01
4.859799999999999898e+01,3.112000083999999944e+01
4.862100000000000222e+01,3.112000083999999944e+01
4.862599999999999767e+01,3.112000083999999944e+01
4.864000000000000057e+01,3.112000083999999944e+01
4.866100000000000136e+01,3.096999930999999862e+01
4.867999999999999972e+01,3.096999930999999862e+01
4.875399999999999778e+01,3.096999930999999862e+01
4.875800000000000267e+01,3.096999930999999862e+01
4.875800000000000267e+01,3.096999930999999862e+01
4.876800000000000068e+01,3.096999930999999862e+01
4.881799999999999784e+01,3.096999930999999862e+01
4.882099999999999795e+01,3.096999930999999862e+01
4.888700000000000045e+01,3.096999930999999862e+01
4.888900000000000290e+01,3.096999930999999862e+01
4.889000000000000057e+01,3.096999930999999862e+01
4.889099999999999824e+01,3.096999930999999862e+01
4.895000000000000284e+01,3.096999930999999862e+01
4.895300000000000296e+01,3.096999930999999862e+01
4.895400000000000063e+01,3.096999930999999862e+01
4.897399999999999665e+01,3.096999930999999862e+01
4.901700000000000301e+01,3.096999930999999862e+01
4.901999999999999602e+01,3.096999930999999862e+01
4.902100000000000080e+01,3.096999930999999862e+01
4.908399999999999608e+01,3.096999930999999862e+01
4.908699999999999619e+01,3.096999930999999862e+01
4.908800000000000097e+01,3.096999930999999862e+01
4.914999999999999858e+01,3.096999930999999862e+01
4.915299999999999869e+01,3.096999930999999862e+01
4.915399999999999636e+01,3.096999930999999862e+01
4.917699999999999960e+01,3.096999930999999862e+01
4.917900000000000205e+01,3.096999930999999862e+01
4.921600000000000108e+01,3.096999930999999862e+01
4.921699999999999875e+01,3.096999930999999862e+01
4.928600000000000136e+01,3.096999930999999862e+01
4.928799999999999670e+01,3.096999930999999862e+01
4.928999999999999915e+01,3.096999930999999862e+01
4.935300000000000153e+01,3.096999930999999862e+01
4.935600000000000165e+01,3.096999930999999862e+01
4.935699999999999932e+01,3.096999930999999862e+01
4.935799999999999699e+01,3.096999930999999862e+01
4.938199999999999790e+01,3.096999930999999862e+01
4.941599999999999682e+01,3.096999930999999862e+01
4.941899999999999693e+01,3.096999930999999862e+01
4.948599999999999710e+01,3.096999930999999862e+01
4.948799999999999955e+01,3.096999930999999862e+01
4.948899999999999721e+01,3.096999930999999862e+01
4.949000000000000199e+01,3.096999930999999862e+01
4.955100000000000193e+01,3.096999930999999862e+01
4.955400000000000205e+01,3.096999930999999862e+01
4.955599999999999739e+01,3.096999930999999862e+01
4.958299999999999841e+01,3.096999930999999862e+01
4.958500000000000085e+01,3.096999930999999862e+01
4.960600000000000165e+01,3.096999930999999862e+01
4.962400000000000233e+01,3.096999930999999862e+01
4.964399999999999835e+01,3.079999923999999822e+01
4.965699999999999648e+01,3.079999923999999822e+01
4.973400000000000176e+01,3.079999923999999822e+01
4.973799999999999955e+01,3.079999923999999822e+01
4.973899999999999721e+01,3.079999923999999822e+01
4.978600000000000136e+01,3.079999923999999822e+01
4.978799999999999670e+01,3.079999923999999822e+01
4.978999999999999915e+01,3.079999923999999822e+01
4.979999999999999716e+01,3.079999923999999822e+01
4.986999999999999744e+01,3.079999923999999822e+01
4.987299999999999756e+01,3.079999923999999822e+01
4.987500000000000000e+01,3.079999923999999822e+01
4.993399999999999750e+01,3.079999923999999822e+01
4.993599999999999994e+01,3.079999923999999822e+01
4.993699999999999761e+01,3.079999923999999822e+01
4.993800000000000239e+01,3.079999923999999822e+01
4.998799999999999955e+01,3.079999923999999822e+01
4.999000000000000199e+01,3.079999923999999822e+01
5.000000000000000000e+01,3.079999923999999822e+01
5.006600000000000250e+01,3.079999923999999822e+01
5.006799999999999784e+01,3.079999923999999822e+01
5.006900000000000261e+01,3.079999923999999822e+01
5.013600000000000279e+01,3.079999923999999822e+01
5.014000000000000057e+01,3.079999923999999822e+01
5.014099999999999824e+01,3.079999923999999822e+01
5.014200000000000301e+01,3.079999923999999822e+01
5.019400000000000261e+01,3.079999923999999822e+01
5.019700000000000273e+01,3.079999923999999822e+01
5.019800000000000040e+01,3.079999923999999822e+01
5.026899999999999835e+01,3.079999923999999822e+01
5.027100000000000080e+01,3.079999923999999822e+01
5.027199999999999847e+01,3.079999923999999822e+01
5.027299999999999613e+01,3.079999923999999822e+01
5.033500000000000085e+01,3.079999923999999822e+01
5.033699999999999619e+01,3.079999923999999822e+01
5.033800000000000097e+01,3.079999923999999822e+01
5.039699999999999847e+01,3.079999923999999822e+01
5.039999999999999858e+01,3.079999923999999822e+01
5.040200000000000102e+01,3.079999923999999822e+01
5.040299999999999869e+01,3.079999923999999822e+01
5.046699999999999875e+01,3.079999923999999822e+01
5.046900000000000119e+01,3.079999923999999822e+01
5.046999999999999886e+01,3.079999923999999822e+01
5.053499999999999659e+01,3.079999923999999822e+01
5.053799999999999670e+01,3.079999923999999822e+01
5.053900000000000148e+01,3.079999923999999822e+01
5.060900000000000176e+01,3.079999923999999822e+01
5.061099999999999710e+01,3.079999923999999822e+01
5.061099999999999710e+01,3.079999923999999822e+01
5.061200000000000188e+01,3.079999923999999822e+01
5.061599999999999966e+01,3.079999923999999822e+01
5.064300000000000068e+01,3.079999923999999822e+01
5.066400000000000148e+01,3.060000038000000089e+01
5.067300000000000182e+01,3.060000038000000089e+01
5.069400000000000261e+01,3.060000038000000089e+01
5.075699999999999790e+01,3.060000038000000089e+01
5.075999999999999801e+01,3.060000038000000089e+01
5.076100000000000279e+01,3.060000038000000089e+01
5.080400000000000205e+01,3.060000038000000089e+01
5.080599999999999739e+01,3.060000038000000089e+01
5.082600000000000051e+01,3.060000038000000089e+01
5.089099999999999824e+01,3.060000038000000089e+01
5.089399999999999835e+01,3.060000038000000089e+01
5.089499999999999602e+01,3.060000038000000089e+01
5.089600000000000080e+01,3.060000038000000089e+01
5.096000000000000085e+01,3.060000038000000089e+01
5.096199999999999619e+01,3.060000038000000089e+01
5.096199999999999619e+01,3.060000038000000089e+01
5.100800000000000267e+01,3.060000038000000089e+01
5.101100000000000279e+01,3.060000038000000089e+01
5.102599999999999625e+01,3.060000038000000089e+01
5.109400000000000119e+01,3.060000038000000089e+01
5.109599999999999653e+01,3.060000038000000089e+01
5.109700000000000131e+01,3.060000038000000089e+01
5.109799999999999898e+01,3.060000038000000089e+01
5.115899999999999892e+01,3.060000038000000089e+01
5.116199999999999903e+01,3.060000038000000089e+01
5.116400000000000148e+01,3.060000038000000089e+01
5.121600000000000108e+01,3.060000038000000089e+01
5.121900000000000119e+01,3.060000038000000089e+01
5.121999999999999886e+01,3.060000038000000089e+01
5.122599999999999909e+01,3.060000038000000089e+01
5.129200000000000159e+01,3.060000038000000089e+01
5.129500000000000171e+01,3.060000038000000089e+01
5.129599999999999937e+01,3.060000038000000089e+01
5.135900000000000176e+01,3.060000038000000089e+01
5.136200000000000188e+01,3.060000038000000089e+01
5.136299999999999955e+01,3.060000038000000089e+01
5.136399999999999721e+01,3.060000038000000089e+01
5.141400000000000148e+01,3.060000038000000089e+01
5.141599999999999682e+01,3.060000038000000089e+01
5.142600000000000193e+01,3.060000038000000089e+01
5.149000000000000199e+01,3.060000038000000089e+01
5.149300000000000210e+01,3.060000038000000089e+01
5.149399999999999977e+01,3.060000038000000089e+01
5.155899999999999750e+01,3.060000038000000089e+01
5.156099999999999994e+01,3.060000038000000089e+01
5.156300000000000239e+01,3.060000038000000089e+01
5.156400000000000006e+01,3.060000038000000089e+01
5.160199999999999676e+01,3.060000038000000089e+01
5.160300000000000153e+01,3.060000038000000089e+01
5.161200000000000188e+01,3.060000038000000089e+01
5.164200000000000301e+01,3.060000038000000089e+01
5.164900000000000091e+01,3.046999930999999862e+01
5.166899999999999693e+01,3.046999930999999862e+01
5.172500000000000142e+01,3.046999930999999862e+01
5.172599999999999909e+01,3.046999930999999862e+01
5.174699999999999989e+01,3.046999930999999862e+01
5.174900000000000233e+01,3.046999930999999862e+01
5.177700000000000102e+01,3.046999930999999862e+01
5.181799999999999784e+01,3.046999930999999862e+01
5.181900000000000261e+01,3.046999930999999862e+01
5.188300000000000267e+01,3.046999930999999862e+01
5.188499999999999801e+01,3.046999930999999862e+01
5.188700000000000045e+01,3.046999930999999862e+01
5.195100000000000051e+01,3.046999930999999862e+01
5.195499999999999829e+01,3.046999930999999862e+01
5.195600000000000307e+01,3.046999930999999862e+01
5.195799999999999841e+01,3.046999930999999862e+01
5.201699999999999591e+01,3.046999930999999862e+01
5.201999999999999602e+01,3.046999930999999862e+01
5.202200000000000557e+01,3.046999930999999862e+01
5.202400000000000091e+01,3.046999930999999862e+01
5.208299999999999841e+01,3.046999930999999862e+01
5.208499999999999375e+01,3.046999930999999862e+01
5.208700000000000330e+01,3.046999930999999862e+01
5.215099999999999625e+01,3.046999930999999862e+01
5.215399999999999636e+01,3.046999930999999862e+01
5.215600000000000591e+01,3.046999930999999862e+01
5.222100000000000364e+01,3.046999930999999862e+01
5.222400000000000375e+01,3.046999930999999862e+01
5.222499999999999432e+01,3.046999930999999862e+01
5.222799999999999443e+01,3.046999930999999862e+01
5.228799999999999670e+01,3.046999930999999862e+01
5.229000000000000625e+01,3.046999930999999862e+01
5.229099999999999682e+01,3.046999930999999862e+01
5.234999999999999432e+01,3.046999930999999862e+01
5.235399999999999920e+01,3.046999930999999862e+01
5.235500000000000398e+01,3.046999930999999862e+01
5.241700000000000159e+01,3.046999930999999862e+01
5.242100000000000648e+01,3.046999930999999862e+01
5.242199999999999704e+01,3.046999930999999862e+01
5.242300000000000182e+01,3.046999930999999862e+01
5.248300000000000409e+01,3.046999930999999862e+01
5.248600000000000421e+01,3.046999930999999862e+01
5.248600000000000421e+01,3.046999930999999862e+01
5.254999999999999716e+01,3.046999930999999862e+01
5.255199999999999250e+01,3.046999930999999862e+01
5.255400000000000205e+01,3.046999930999999862e+01
5.255499999999999261e+01,3.046999930999999862e+01
5.260500000000000398e+01,3.046999930999999862e+01
5.260599999999999454e+01,3.046999930999999862e+01
5.261299999999999955e+01,3.046999930999999862e+01
5.264000000000000057e+01,3.046999930999999862e+01
5.265699999999999648e+01,3.027000045999999855e+01
5.266599999999999682e+01,3.027000045999999855e+01
5.268899999999999295e+01,3.027000045999999855e+01
5.274899999999999523e+01,3.027000045999999855e+01
5.275000000000000000e+01,3.027000045999999855e+01
5.275000000000000000e+01,3.027000045999999855e+01
5.281600000000000250e+01,3.027000045999999855e+01
5.281799999999999784e+01,3.027000045999999855e+01
5.281900000000000261e+01,3.027000045999999855e+01
5.283899999999999864e+01,3.027000045999999855e+01
5.288299999999999557e+01,3.027000045999999855e+01
5.288500000000000512e+01,3.027000045999999855e+01
5.288599999999999568e+01,3.027000045999999855e+01
5.295399999999999352e+01,3.027000045999999855e+01
5.295600000000000307e+01,3.027000045999999855e+01
5.295699999999999363e+01,3.027000045999999855e+01
5.301800000000000068e+01,3.027000045999999855e+01
5.301999999999999602e+01,3.027000045999999855e+01
5.302100000000000080e+01,3.027000045999999855e+01
5.304200000000000159e+01,3.027000045999999855e+01
5.304399999999999693e+01,3.027000045999999855e+01
5.308700000000000330e+01,3.027000045999999855e+01
5.308899999999999864e+01,3.027000045999999855e+01
5.315500000000000114e+01,3.027000045999999855e+01
5.315800000000000125e+01,3.027000045999999855e+01
5.315900000000000603e+01,3.027000045999999855e+01
5.322100000000000364e+01,3.027000045999999855e+01
5.322400000000000375e+01,3.027000045999999855e+01
5.322499999999999432e+01,3.027000045999999855e+01
5.322599999999999909e+01,3.027000045999999855e+01
5.324500000000000455e+01,3.027000045999999855e+01
5.328700000000000614e+01,3.027000045999999855e+01
5.328900000000000148e+01,3.027000045999999855e+01
5.335200000000000387e+01,3.027000045999999855e+01
5.335500000000000398e+01,3.027000045999999855e+01
5.335699999999999932e+01,3.027000045999999855e+01
5.335800000000000409e+01,3.027000045999999855e+01
5.341800000000000637e+01,3.027000045999999855e+01
5.342000000000000171e+01,3.027000045999999855e+01
5.342100000000000648e+01,3.027000045999999855e+01
5.345300000000000296e+01,3.027000045999999855e+01
5.348600000000000421e+01,3.027000045999999855e+01
5.348799999999999955e+01,3.027000045999999855e+01
5.355199999999999250e+01,3.027000045999999855e+01
5.355499999999999261e+01,3.027000045999999855e+01
5.355599999999999739e+01,3.027000045999999855e+01
5.355700000000000216e+01,3.027000045999999855e+01
5.360500000000000398e+01,3.027000045999999855e+01
5.360699999999999932e+01,3.027000045999999855e+01
5.360800000000000409e+01,3.027000045999999855e+01
5.362300000000000466e+01,3.027000045999999855e+01
5.364300000000000068e+01,3.010000038000000089e+01
5.366500000000000625e+01,3.010000038000000089e+01
5.373499999999999943e+01,3.010000038000000089e+01
5.373799999999999955e+01,3.010000038000000089e+01
5.373900000000000432e+01,3.010000038000000089e+01
5.380299999999999727e+01,3.010000038000000089e+01
5.380599999999999739e+01,3.010000038000000089e+01
5.380700000000000216e+01,3.010000038000000089e+01
5.380799999999999272e+01,3.010000038000000089e+01
5.385699999999999932e+01,3.010000038000000089e+01
5.385999999999999943e+01,3.010000038000000089e+01
5.386799999999999500e+01,3.010000038000000089e+01
5.393800000000000239e+01,3.010000038000000089e+01
5.394100000000000250e+01,3.010000038000000089e+01
5.394199999999999307e+01,3.010000038000000089e+01
5.400199999999999534e+01,3.010000038000000089e+01
5.400400000000000489e+01,3.010000038000000089e+01
5.400499999999999545e+01,3.010000038000000089e+01
5.400600000000000023e+01,3.010000038000000089e+01
5.406099999999999284e+01,3.010000038000000089e+01
5.406300000000000239e+01,3.010000038000000089e+01
5.406399999999999295e+01,3.010000038000000089e+01
5.413899999999999579e+01,3.010000038000000089e+01
5.414100000000000534e+01,3.010000038000000089e+01
5.414300000000000068e+01,3.010000038000000089e+01
5.414400000000000546e+01,3.010000038000000089e+01
5.420199999999999818e+01,3.010000038000000089e+01
5.420399999999999352e+01,3.010000038000000089e+01
5.420499999999999829e+01,3.010000038000000089e+01
5.426399999999999579e+01,3.010000038000000089e+01
5.426600000000000534e+01,3.010000038000000089e+01
5.426699999999999591e+01,3.010000038000000089e+01
5.434099999999999397e+01,3.010000038000000089e+01
5.434399999999999409e+01,3.010000038000000089e+01
5.434499999999999886e+01,3.010000038000000089e+01
5.434600000000000364e+01,3.010000038000000089e+01
5.440300000000000580e+01,3.010000038000000089e+01
5.440600000000000591e+01,3.010000038000000089e+01
5.440699999999999648e+01,3.010000038000000089e+01
5.446699999999999875e+01,3.010000038000000089e+01
5.446999999999999886e+01,3.010000038000000089e+01
5.447100000000000364e+01,3.010000038000000089e+01
5.447199999999999420e+01,3.010000038000000089e+01
5.453700000000000614e+01,3.010000038000000089e+01
5.453900000000000148e+01,3.010000038000000089e+01
5.454000000000000625e+01,3.010000038000000089e+01
5.460800000000000409e+01,3.010000038000000089e+01
5.460899999999999466e+01,3.010000038000000089e+01
5.460999999999999943e+01,3.010000038000000089e+01
5.460999999999999943e+01,3.010000038000000089e+01
5.462600000000000477e+01,3.010000038000000089e+01
5.464400000000000546e+01,2.998999977000000072e+01
5.466500000000000625e+01,2.998999977000000072e+01
5.467699999999999250e+01,2.998999977000000072e+01
5.474800000000000466e+01,2.998999977000000072e+01
5.475000000000000000e+01,2.998999977000000072e+01
5.475100000000000477e+01,2.998999977000000072e+01
5.481600000000000250e+01,2.998999977000000072e+01
5.481799999999999784e+01,2.998999977000000072e+01
5.481900000000000261e+01,2.998999977000000072e+01
5.487399999999999523e+01,2.998999977000000072e+01
5.487600000000000477e+01,2.998999977000000072e+01
5.487800000000000011e+01,2.998999977000000072e+01
5.494899999999999807e+01,2.998999977000000072e+01
5.495099999999999341e+01,2.998999977000000072e+01
5.495199999999999818e+01,2.998999977000000072e+01
5.495300000000000296e+01,2.998999977000000072e+01
5.501600000000000534e+01,2.998999977000000072e+01
5.501699999999999591e+01,2.998999977000000072e+01
5.501800000000000068e+01,2.998999977000000072e+01
5.507699999999999818e+01,2.998999977000000072e+01
5.507899999999999352e+01,2.998999977000000072e+01
5.507999999999999829e+01,2.998999977000000072e+01
5.508100000000000307e+01,2.998999977000000072e+01
5.515200000000000102e+01,2.998999977000000072e+01
5.515399999999999636e+01,2.998999977000000072e+01
5.515600000000000591e+01,2.998999977000000072e+01
5.521999999999999886e+01,2.998999977000000072e+01
5.522199999999999420e+01,2.998999977000000072e+01
5.522400000000000375e+01,2.998999977000000072e+01
5.528100000000000591e+01,2.998999977000000072e+01
5.528300000000000125e+01,2.998999977000000072e+01
5.528400000000000603e+01,2.998999977000000072e+01
5.528499999999999659e+01,2.998999977000000072e+01
5.534900000000000375e+01,2.998999977000000072e+01
5.535200000000000387e+01,2.998999977000000072e+01
5.535299999999999443e+01,2.998999977000000072e+01
5.541599999999999682e+01,2.998999977000000072e+01
5.541800000000000637e+01,2.998999977000000072e+01
5.541899999999999693e+01,2.998999977000000072e+01
5.542000000000000171e+01,2.998999977000000072e+01
5.548399999999999466e+01,2.998999977000000072e+01
5.548699999999999477e+01,2.998999977000000072e+01
5.548799999999999955e+01,2.998999977000000072e+01
5.554999999999999716e+01,2.998999977000000072e+01
5.555199999999999250e+01,2.998999977000000072e+01
5.555400000000000205e+01,2.998999977000000072e+01
5.555400000000000205e+01,2.998999977000000072e+01
5.560899999999999466e+01,2.998999977000000072e+01
5.560999999999999943e+01,2.998999977000000072e+01
5.561100000000000421e+01,2.998999977000000072e+01
5.562999999999999545e+01,2.998999977000000072e+01
5.565200000000000102e+01,3.006999968999999950e+01
5.566700000000000159e+01,3.006999968999999950e+01
5.574599999999999511e+01,3.006999968999999950e+01
5.574899999999999523e+01,3.006999968999999950e+01
5.574899999999999523e+01,3.006999968999999950e+01
5.575000000000000000e+01,3.006999968999999950e+01
5.581600000000000250e+01,3.006999968999999950e+01
5.581799999999999784e+01,3.006999968999999950e+01
5.581900000000000261e+01,3.006999968999999950e+01
5.587900000000000489e+01,3.006999968999999950e+01
5.588200000000000500e+01,3.006999968999999950e+01
5.588200000000000500e+01,3.006999968999999950e+01
5.589000000000000057e+01,3.006999968999999950e+01
5.594599999999999795e+01,3.006999968999999950e+01
5.594899999999999807e+01,3.006999968999999950e+01
5.595000000000000284e+01,3.006999968999999950e+01
5.601300000000000523e+01,3.006999968999999950e+01
5.601500000000000057e+01,3.006999968999999950e+01
5.601600000000000534e+01,3.006999968999999950e+01
5.608100000000000307e+01,3.006999968999999950e+01
5.608299999999999841e+01,3.006999968999999950e+01
5.608400000000000318e+01,3.006999968999999950e+01
5.608499999999999375e+01,3.006999968999999950e+01
5.614799999999999613e+01,3.006999968999999950e+01
5.615000000000000568e+01,3.006999968999999950e+01
5.615099999999999625e+01,3.006999968999999950e+01
5.621399999999999864e+01,3.006999968999999950e+01
5.621599999999999397e+01,3.006999968999999950e+01
5.621699999999999875e+01,3.006999968999999950e+01
5.627899999999999636e+01,3.006999968999999950e+01
5.628100000000000591e+01,3.006999968999999950e+01
5.628199999999999648e+01,3.006999968999999950e+01
5.628300000000000125e+01,3.006999968999999950e+01
5.629699999999999704e+01,3.006999968999999950e+01
5.634699999999999420e+01,3.006999968999999950e+01
5.634999999999999432e+01,3.006999968999999950e+01
5.641400000000000148e+01,3.006999968999999950e+01
5.641599999999999682e+01,3.006999968999999950e+01
5.641700000000000159e+01,3.006999968999999950e+01
5.641800000000000637e+01,3.006999968999999950e+01
5.647899999999999920e+01,3.006999968999999950e+01
5.648099999999999454e+01,3.006999968999999950e+01
5.648199999999999932e+01,3.006999968999999950e+01
5.650000000000000000e+01,3.006999968999999950e+01
5.654999999999999716e+01,3.006999968999999950e+01
5.655199999999999250e+01,3.006999968999999950e+01
5.655299999999999727e+01,3.006999968999999950e+01
5.661499999999999488e+01,3.006999968999999950e+01
5.661599999999999966e+01,3.006999968999999950e+01
5.661599999999999966e+01,3.006999968999999950e+01
5.663299999999999557e+01,3.006999968999999950e+01
5.665200000000000102e+01,2.959000015000000161e+01
5.665999999999999659e+01,2.959000015000000161e+01
5.668200000000000216e+01,2.959000015000000161e+01
5.670399999999999352e+01,2.959000015000000161e+01
5.674200000000000443e+01,2.959000015000000161e+01
5.674399999999999977e+01,2.959000015000000161e+01
5.681099999999999284e+01,2.959000015000000161e+01
5.681300000000000239e+01,2.959000015000000161e+01
5.681399999999999295e+01,2.959000015000000161e+01
5.687699999999999534e+01,2.959000015000000161e+01
5.687999999999999545e+01,2.959000015000000161e+01
5.688100000000000023e+01,2.959000015000000161e+01
5.690800000000000125e+01,2.959000015000000161e+01
5.690999999999999659e+01,2.959000015000000161e+01
5.694700000000000273e+01,2.959000015000000161e+01
5.695000000000000284e+01,2.959000015000000161e+01
5.701000000000000512e+01,2.959000015000000161e+01
5.701200000000000045e+01,2.959000015000000161e+01
5.701300000000000523e+01,2.959000015000000161e+01
5.707800000000000296e+01,2.959000015000000161e+01
5.707999999999999829e+01,2.959000015000000161e+01
5.708100000000000307e+01,2.959000015000000161e+01
5.708199999999999363e+01,2.959000015000000161e+01
5.711299999999999955e+01,2.959000015000000161e+01
5.714600000000000080e+01,2.959000015000000161e+01
5.714799999999999613e+01,2.959000015000000161e+01
5.721200000000000330e+01,2.959000015000000161e+01
5.721500000000000341e+01,2.959000015000000161e+01
5.721599999999999397e+01,2.959000015000000161e+01
5.721699999999999875e+01,2.959000015000000161e+01
5.727800000000000580e+01,2.959000015000000161e+01
5.728199999999999648e+01,2.959000015000000161e+01
5.728199999999999648e+01,2.959000015000000161e+01
5.731600000000000250e+01,2.959000015000000161e+01
5.731799999999999784e+01,2.959000015000000161e+01
5.734600000000000364e+01,2.959000015000000161e+01
5.741100000000000136e+01,2.959000015000000161e+01
5.741400000000000148e+01,2.959000015000000161e+01
5.741500000000000625e+01,2.959000015000000161e+01
5.741599999999999682e+01,2.959000015000000161e+01
5.747799999999999443e+01,2.959000015000000161e+01
5.747899999999999920e+01,2.959000015000000161e+01
5.748099999999999454e+01,2.959000015000000161e+01
5.751900000000000546e+01,2.959000015000000161e+01
5.752200000000000557e+01,2.959000015000000161e+01
5.754300000000000637e+01,2.959000015000000161e+01
5.754500000000000171e+01,2.959000015000000161e+01
5.760099999999999909e+01,2.959000015000000161e+01
5.760200000000000387e+01,2.959000015000000161e+01
5.760200000000000387e+01,2.959000015000000161e+01
5.761899999999999977e+01,2.959000015000000161e+01
5.764000000000000057e+01,2.959000015000000161e+01
5.765999999999999659e+01,2.959000015000000161e+01
5.772799999999999443e+01,2.959000015000000161e+01
5.773099999999999454e+01,2.959000015000000161e+01
5.773199999999999932e+01,2.959000015000000161e+01
5.780100000000000193e+01,2.959000015000000161e+01
5.780499999999999261e+01,2.959000015000000161e+01
5.780599999999999739e+01,2.959000015000000161e+01
5.780700000000000216e+01,2.959000015000000161e+01
5.786599999999999966e+01,2.959000015000000161e+01
5.786799999999999500e+01,2.959000015000000161e+01
5.786899999999999977e+01,2.959000015000000161e+01
5.792699999999999250e+01,2.959000015000000161e+01
5.792999999999999261e+01,2.959000015000000161e+01
5.793099999999999739e+01,2.959000015000000161e+01
5.799899999999999523e+01,2.959000015000000161e+01
5.800100000000000477e+01,2.959000015000000161e+01
5.800199999999999534e+01,2.959000015000000161e+01
5.800300000000000011e+01,2.959000015000000161e+01
5.806499999999999773e+01,2.959000015000000161e+01
5.806600000000000250e+01,2.959000015000000161e+01
5.806699999999999307e+01,2.959000015000000161e+01
5.813200000000000500e+01,2.959000015000000161e+01
5.813500000000000512e+01,2.959000015000000161e+01
5.813599999999999568e+01,2.959000015000000161e+01
5.813700000000000045e+01,2.959000015000000161e+01
5.819899999999999807e+01,2.959000015000000161e+01
5.820099999999999341e+01,2.959000015000000161e+01
5.820199999999999818e+01,2.959000015000000161e+01
5.826699999999999591e+01,2.959000015000000161e+01
5.826900000000000546e+01,2.959000015000000161e+01
5.826900000000000546e+01,2.959000015000000161e+01
5.826999999999999602e+01,2.959000015000000161e+01
5.833400000000000318e+01,2.959000015000000161e+01
5.833700000000000330e+01,2.959000015000000161e+01
5.833799999999999386e+01,2.959000015000000161e+01
5.839799999999999613e+01,2.959000015000000161e+01
5.840099999999999625e+01,2.959000015000000161e+01
5.840200000000000102e+01,2.959000015000000161e+01
5.846500000000000341e+01,2.959000015000000161e+01
5.846800000000000352e+01,2.959000015000000161e+01
5.846800000000000352e+01,2.959000015000000161e+01
5.846800000000000352e+01,2.959000015000000161e+01
5.853100000000000591e+01,2.959000015000000161e+01
5.853400000000000603e+01,2.959000015000000161e+01
5.853499999999999659e+01,2.959000015000000161e+01
5.854000000000000625e+01,2.959000015000000161e+01
5.859999999999999432e+01,2.959000015000000161e+01
5.860099999999999909e+01,2.959000015000000161e+01
5.860200000000000387e+01,2.959000015000000161e+01
5.862099999999999511e+01,2.959000015000000161e+01
5.865000000000000568e+01,2.946999930999999862e+01
5.865600000000000591e+01,2.946999930999999862e+01
5.867499999999999716e+01,2.946999930999999862e+01
5.873799999999999955e+01,2.946999930999999862e+01
5.873900000000000432e+01,2.946999930999999862e+01
5.873900000000000432e+01,2.946999930999999862e+01
5.881300000000000239e+01,2.946999930999999862e+01
5.881699999999999307e+01,2.946999930999999862e+01
5.881799999999999784e+01,2.946999930999999862e+01
5.881799999999999784e+01,2.946999930999999862e+01
5.887800000000000011e+01,2.946999930999999862e+01
5.887900000000000489e+01,2.946999930999999862e+01
5.887999999999999545e+01,2.946999930999999862e+01
5.894499999999999318e+01,2.946999930999999862e+01
5.894700000000000273e+01,2.946999930999999862e+01
5.894700000000000273e+01,2.946999930999999862e+01
5.901399999999999579e+01,2.946999930999999862e+01
5.901600000000000534e+01,2.946999930999999862e+01
5.901600000000000534e+01,2.946999930999999862e+01
5.901699999999999591e+01,2.946999930999999862e+01
5.907899999999999352e+01,2.946999930999999862e+01
5.908100000000000307e+01,2.946999930999999862e+01
5.908199999999999363e+01,2.946999930999999862e+01
5.914700000000000557e+01,2.946999930999999862e+01
5.914900000000000091e+01,2.946999930999999862e+01
5.915000000000000568e+01,2.946999930999999862e+01
5.915099999999999625e+01,2.946999930999999862e+01
5.921500000000000341e+01,2.946999930999999862e+01
5.921699999999999875e+01,2.946999930999999862e+01
5.921800000000000352e+01,2.946999930999999862e+01
5.928000000000000114e+01,2.946999930999999862e+01
5.928199999999999648e+01,2.946999930999999862e+01
5.928300000000000125e+01,2.946999930999999862e+01
5.934600000000000364e+01,2.946999930999999862e+01
5.934799999999999898e+01,2.946999930999999862e+01
5.934999999999999432e+01,2.946999930999999862e+01
5.935099999999999909e+01,2.946999930999999862e+01
5.941299999999999670e+01,2.946999930999999862e+01
5.941500000000000625e+01,2.946999930999999862e+01
5.941599999999999682e+01,2.946999930999999862e+01
5.947799999999999443e+01,2.946999930999999862e+01
5.948099999999999454e+01,2.946999930999999862e+01
5.948099999999999454e+01,2.946999930999999862e+01
5.955299999999999727e+01,2.946999930999999862e+01
5.955499999999999261e+01,2.946999930999999862e+01
5.955700000000000216e+01,2.946999930999999862e+01
5.955799999999999272e+01,2.946999930999999862e+01
5.961799999999999500e+01,2.946999930999999862e+01
5.961899999999999977e+01,2.946999930999999862e+01
5.961899999999999977e+01,2.946999930999999862e+01
5.962500000000000000e+01,2.946999930999999862e+01
5.965300000000000580e+01,2.930999947000000105e+01
5.965999999999999659e+01,2.930999947000000105e+01
5.968200000000000216e+01,2.930999947000000105e+01
5.974599999999999511e+01,2.930999947000000105e+01
5.974800000000000466e+01,2.930999947000000105e+01
5.974899999999999523e+01,2.930999947000000105e+01
5.981000000000000227e+01,2.930999947000000105e+01
5.981199999999999761e+01,2.930999947000000105e+01
5.981399999999999295e+01,2.930999947000000105e+01
5.987600000000000477e+01,2.930999947000000105e+01
5.987699999999999534e+01,2.930999947000000105e+01
5.987699999999999534e+01,2.930999947000000105e+01
5.987800000000000011e+01,2.930999947000000105e+01
5.994400000000000261e+01,2.930999947000000105e+01
5.994599999999999795e+01,2.930999947000000105e+01
5.994700000000000273e+01,2.930999947000000105e+01
5.995900000000000318e+01,2.930999947000000105e+01
6.001200000000000045e+01,2.930999947000000105e+01
6.001399999999999579e+01,2.930999947000000105e+01
6.007800000000000296e+01,2.930999947000000105e+01
6.007999999999999829e+01,2.930999947000000105e+01
6.008100000000000307e+01,2.930999947000000105e+01
6.008199999999999363e+01,2.930999947000000105e+01
6.014600000000000080e+01,2.930999947000000105e+01
6.014799999999999613e+01,2.930999947000000105e+01
6.014900000000000091e+01,2.930999947000000105e+01
6.016299999999999670e+01,2.930999947000000105e+01
6.021800000000000352e+01,2.930999947000000105e+01
6.022100000000000364e+01,2.930999947000000105e+01
6.022199999999999420e+01,2.930999947000000105e+01
6.027700000000000102e+01,2.930999947000000105e+01
6.027800000000000580e+01,2.930999947000000105e+01
6.027800000000000580e+01,2.930999947000000105e+01
6.034199999999999875e+01,2.930999947000000105e+01
6.034300000000000352e+01,2.930999947000000105e+01
6.034399999999999409e+01,2.930999947000000105e+01
6.036700000000000443e+01,2.930999947000000105e+01
6.036899999999999977e+01,2.930999947000000105e+01
6.041100000000000136e+01,2.930999947000000105e+01
6.041299999999999670e+01,2.930999947000000105e+01
6.047799999999999443e+01,2.930999947000000105e+01
6.048099999999999454e+01,2.930999947000000105e+01
6.048399999999999466e+01,2.930999947000000105e+01
6.054500000000000171e+01,2.930999947000000105e+01
6.054699999999999704e+01,2.930999947000000105e+01
6.054800000000000182e+01,2.930999947000000105e+01
6.054999999999999716e+01,2.930999947000000105e+01
6.057099999999999795e+01,2.930999947000000105e+01
6.060200000000000387e+01,2.930999947000000105e+01
6.060299999999999443e+01,2.930999947000000105e+01
6.061899999999999977e+01,2.930999947000000105e+01
6.064000000000000057e+01,2.919000052999999895e+01
6.065699999999999648e+01,2.919000052999999895e+01
6.073300000000000409e+01,2.919000052999999895e+01
6.073600000000000421e+01,2.919000052999999895e+01
6.073699999999999477e+01,2.919000052999999895e+01
6.077599999999999625e+01,2.919000052999999895e+01
6.077899999999999636e+01,2.919000052999999895e+01
6.080400000000000205e+01,2.919000052999999895e+01
6.080499999999999261e+01,2.919000052999999895e+01
6.086700000000000443e+01,2.919000052999999895e+01
6.087000000000000455e+01,2.919000052999999895e+01
6.087099999999999511e+01,2.919000052999999895e+01
6.093500000000000227e+01,2.919000052999999895e+01
6.093800000000000239e+01,2.919000052999999895e+01
6.093899999999999295e+01,2.919000052999999895e+01
6.093899999999999295e+01,2.919000052999999895e+01
6.097799999999999443e+01,2.919000052999999895e+01
6.098099999999999454e+01,2.919000052999999895e+01
6.100100000000000477e+01,2.919000052999999895e+01
6.106799999999999784e+01,2.919000052999999895e+01
6.107099999999999795e+01,2.919000052999999895e+01
6.107200000000000273e+01,2.919000052999999895e+01
6.113899999999999579e+01,2.919000052999999895e+01
6.114199999999999591e+01,2.919000052999999895e+01
6.114300000000000068e+01,2.919000052999999895e+01
6.114400000000000546e+01,2.919000052999999895e+01
6.118699999999999761e+01,2.919000052999999895e+01
6.118899999999999295e+01,2.919000052999999895e+01
6.120300000000000296e+01,2.919000052999999895e+01
6.126900000000000546e+01,2.919000052999999895e+01
6.127100000000000080e+01,2.919000052999999895e+01
6.127200000000000557e+01,2.919000052999999895e+01
6.127299999999999613e+01,2.919000052999999895e+01
6.133400000000000318e+01,2.919000052999999895e+01
6.133599999999999852e+01,2.919000052999999895e+01
6.133700000000000330e+01,2.919000052999999895e+01
6.138500000000000512e+01,2.919000052999999895e+01
6.138700000000000045e+01,2.919000052999999895e+01
6.138800000000000523e+01,2.919000052999999895e+01
6.140200000000000102e+01,2.919000052999999895e+01
6.146800000000000352e+01,2.919000052999999895e+01
6.147199999999999420e+01,2.919000052999999895e+01
6.147199999999999420e+01,2.919000052999999895e+01
6.153499999999999659e+01,2.919000052999999895e+01
6.153700000000000614e+01,2.919000052999999895e+01
6.153799999999999670e+01,2.919000052999999895e+01
6.158599999999999852e+01,2.919000052999999895e+01
6.158700000000000330e+01,2.919000052999999895e+01
6.158700000000000330e+01,2.919000052999999895e+01
6.160699999999999932e+01,2.919000052999999895e+01
6.161599999999999966e+01,2.919000052999999895e+01
6.164900000000000091e+01,2.919000052999999895e+01
6.165500000000000114e+01,2.902000045999999855e+01
6.167400000000000659e+01,2.902000045999999855e+01
6.173699999999999477e+01,2.902000045999999855e+01
6.173799999999999955e+01,2.902000045999999855e+01
6.173900000000000432e+01,2.902000045999999855e+01
6.179000000000000625e+01,2.902000045999999855e+01
6.179099999999999682e+01,2.902000045999999855e+01
6.180499999999999261e+01,2.902000045999999855e+01
6.187099999999999511e+01,2.902000045999999855e+01
6.187199999999999989e+01,2.902000045999999855e+01
6.187199999999999989e+01,2.902000045999999855e+01
6.187199999999999989e+01,2.902000045999999855e+01
6.193699999999999761e+01,2.902000045999999855e+01
6.193800000000000239e+01,2.902000045999999855e+01
6.193899999999999295e+01,2.902000045999999855e+01
6.199299999999999500e+01,2.902000045999999855e+01
6.199399999999999977e+01,2.902000045999999855e+01
6.199399999999999977e+01,2.902000045999999855e+01
6.206999999999999318e+01,2.902000045999999855e+01
6.207099999999999795e+01,2.902000045999999855e+01
6.207200000000000273e+01,2.902000045999999855e+01
6.207200000000000273e+01,2.902000045999999855e+01
6.213800000000000523e+01,2.902000045999999855e+01
6.213899999999999579e+01,2.902000045999999855e+01
6.214000000000000057e+01,2.902000045999999855e+01
6.219899999999999807e+01,2.902000045999999855e+01
6.220000000000000284e+01,2.902000045999999855e+01
6.220000000000000284e+01,2.902000045999999855e+01
6.220399999999999352e+01,2.902000045999999855e+01
6.226999999999999602e+01,2.902000045999999855e+01
6.227100000000000080e+01,2.902000045999999855e+01
6.227200000000000557e+01,2.902000045999999855e+01
6.233799999999999386e+01,2.902000045999999855e+01
6.233899999999999864e+01,2.902000045999999855e+01
6.233899999999999864e+01,2.902000045999999855e+01
6.234000000000000341e+01,2.902000045999999855e+01
6.240099999999999625e+01,2.902000045999999855e+01
6.240200000000000102e+01,2.902000045999999855e+01
6.240200000000000102e+01,2.902000045999999855e+01
6.247100000000000364e+01,2.902000045999999855e+01
6.247199999999999420e+01,2.902000045999999855e+01
6.247199999999999420e+01,2.902000045999999855e+01
6.254000000000000625e+01,2.902000045999999855e+01
6.254200000000000159e+01,2.902000045999999855e+01
6.254300000000000637e+01,2.902000045999999855e+01
6.254300000000000637e+01,2.902000045999999855e+01
6.260099999999999909e+01,2.902000045999999855e+01
6.260299999999999443e+01,2.902000045999999855e+01
6.260399999999999920e+01,2.902000045999999855e+01
6.261199999999999477e+01,2.902000045999999855e+01
6.264499999999999602e+01,2.902000045999999855e+01
6.265500000000000114e+01,2.894000052999999895e+01
6.267199999999999704e+01,2.894000052999999895e+01
6.274099999999999966e+01,2.894000052999999895e+01
6.274200000000000443e+01,2.894000052999999895e+01
6.274200000000000443e+01,2.894000052999999895e+01
6.280799999999999272e+01,2.894000052999999895e+01
6.280899999999999750e+01,2.894000052999999895e+01
6.281000000000000227e+01,2.894000052999999895e+01
6.281000000000000227e+01,2.894000052999999895e+01
6.287699999999999534e+01,2.894000052999999895e+01
6.287900000000000489e+01,2.894000052999999895e+01
6.287999999999999545e+01,2.894000052999999895e+01
6.294299999999999784e+01,2.894000052999999895e+01
6.294599999999999795e+01,2.894000052999999895e+01
6.294599999999999795e+01,2.894000052999999895e+01
6.300900000000000034e+01,2.894000052999999895e+01
6.301000000000000512e+01,2.894000052999999895e+01
6.301099999999999568e+01,2.894000052999999895e+01
6.301099999999999568e+01,2.894000052999999895e+01
6.307599999999999341e+01,2.894000052999999895e+01
6.307699999999999818e+01,2.894000052999999895e+01
6.307800000000000296e+01,2.894000052999999895e+01
6.314799999999999613e+01,2.894000052999999895e+01
6.315000000000000568e+01,2.894000052999999895e+01
6.315099999999999625e+01,2.894000052999999895e+01
6.315200000000000102e+01,2.894000052999999895e+01
6.321099999999999852e+01,2.894000052999999895e+01
6.321299999999999386e+01,2.894000052999999895e+01
6.321399999999999864e+01,2.894000052999999895e+01
6.321999999999999886e+01,2.894000052999999895e+01
6.327700000000000102e+01,2.894000052999999895e+01
6.328000000000000114e+01,2.894000052999999895e+01
6.328000000000000114e+01,2.894000052999999895e+01
6.334600000000000364e+01,2.894000052999999895e+01
6.334799999999999898e+01,2.894000052999999895e+01
6.334900000000000375e+01,2.894000052999999895e+01
6.340999999999999659e+01,2.894000052999999895e+01
6.341299999999999670e+01,2.894000052999999895e+01
6.341599999999999682e+01,2.894000052999999895e+01
6.342199999999999704e+01,2.894000052999999895e+01
6.347799999999999443e+01,2.894000052999999895e+01
6.348000000000000398e+01,2.894000052999999895e+01
6.348099999999999454e+01,2.894000052999999895e+01
6.354399999999999693e+01,2.894000052999999895e+01
6.354600000000000648e+01,2.894000052999999895e+01
6.354699999999999704e+01,2.894000052999999895e+01
6.361499999999999488e+01,2.894000052999999895e+01
6.361599999999999966e+01,2.894000052999999895e+01
6.361599999999999966e+01,2.894000052999999895e+01
6.361700000000000443e+01,2.894000052999999895e+01
6.364700000000000557e+01,2.894000052999999895e+01
6.366599999999999682e+01,2.878000069000000138e+01
6.368099999999999739e+01,2.878000069000000138e+01
6.369599999999999795e+01,2.878000069000000138e+01
6.376000000000000512e+01,2.878000069000000138e+01
6.376300000000000523e+01,2.878000069000000138e+01
6.376399999999999579e+01,2.878000069000000138e+01
6.382800000000000296e+01,2.878000069000000138e+01
6.383100000000000307e+01,2.878000069000000138e+01
6.383199999999999363e+01,2.878000069000000138e+01
6.389400000000000546e+01,2.878000069000000138e+01
6.389600000000000080e+01,2.878000069000000138e+01
6.389700000000000557e+01,2.878000069000000138e+01
6.389799999999999613e+01,2.878000069000000138e+01
6.396099999999999852e+01,2.878000069000000138e+01
6.396299999999999386e+01,2.878000069000000138e+01
6.396399999999999864e+01,2.878000069000000138e+01
6.403100000000000591e+01,2.878000069000000138e+01
6.403400000000000603e+01,2.878000069000000138e+01
6.403499999999999659e+01,2.878000069000000138e+01
6.403600000000000136e+01,2.878000069000000138e+01
6.409300000000000352e+01,2.878000069000000138e+01
6.409499999999999886e+01,2.878000069000000138e+01
6.409600000000000364e+01,2.878000069000000138e+01
6.415900000000000603e+01,2.878000069000000138e+01
6.416200000000000614e+01,2.878000069000000138e+01
6.416299999999999670e+01,2.878000069000000138e+01
6.422499999999999432e+01,2.878000069000000138e+01
6.422700000000000387e+01,2.878000069000000138e+01
6.422799999999999443e+01,2.878000069000000138e+01
6.422899999999999920e+01,2.878000069000000138e+01
6.429399999999999693e+01,2.878000069000000138e+01
6.429699999999999704e+01,2.878000069000000138e+01
6.429800000000000182e+01,2.878000069000000138e+01
6.435999999999999943e+01,2.878000069000000138e+01
6.436199999999999477e+01,2.878000069000000138e+01
6.436299999999999955e+01,2.878000069000000138e+01
6.442999999999999261e+01,2.878000069000000138e+01
6.443299999999999272e+01,2.878000069000000138e+01
6.443399999999999750e+01,2.878000069000000138e+01
6.443500000000000227e+01,2.878000069000000138e+01
6.449599999999999511e+01,2.878000069000000138e+01
6.449800000000000466e+01,2.878000069000000138e+01
6.449899999999999523e+01,2.878000069000000138e+01
6.456000000000000227e+01,2.878000069000000138e+01
6.456300000000000239e+01,2.878000069000000138e+01
6.456499999999999773e+01,2.878000069000000138e+01
6.456600000000000250e+01,2.878000069000000138e+01
6.459000000000000341e+01,2.878000069000000138e+01
6.460599999999999454e+01,2.878000069000000138e+01
6.461700000000000443e+01,2.878000069000000138e+01
6.463599999999999568e+01,2.863999938999999983e+01
6.465500000000000114e+01,2.863999938999999983e+01
6.472799999999999443e+01,2.863999938999999983e+01
6.473099999999999454e+01,2.863999938999999983e+01
6.473199999999999932e+01,2.863999938999999983e+01
6.479600000000000648e+01,2.863999938999999983e+01
6.479800000000000182e+01,2.863999938999999983e+01
6.479999999999999716e+01,2.863999938999999983e+01
6.479999999999999716e+01,2.863999938999999983e+01
6.484499999999999886e+01,2.863999938999999983e+01
6.484699999999999420e+01,2.863999938999999983e+01
6.485899999999999466e+01,2.863999938999999983e+01
6.492699999999999250e+01,2.863999938999999983e+01
6.492900000000000205e+01,2.863999938999999983e+01
6.492999999999999261e+01,2.863999938999999983e+01
6.499699999999999989e+01,2.863999938999999983e+01
6.499899999999999523e+01,2.863999938999999983e+01
6.500000000000000000e+01,2.863999938999999983e+01
6.500100000000000477e+01,2.863999938999999983e+01
6.504900000000000659e+01,2.863999938999999983e+01
6.505100000000000193e+01,2.863999938999999983e+01
6.505199999999999250e+01,2.863999938999999983e+01
6.512800000000000011e+01,2.863999938999999983e+01
6.512999999999999545e+01,2.863999938999999983e+01
6.513100000000000023e+01,2.863999938999999983e+01
6.513200000000000500e+01,2.863999938999999983e+01
6.519499999999999318e+01,2.863999938999999983e+01
6.519700000000000273e+01,2.863999938999999983e+01
6.519700000000000273e+01,2.863999938999999983e+01
6.525700000000000500e+01,2.863999938999999983e+01
6.526000000000000512e+01,2.863999938999999983e+01
6.526099999999999568e+01,2.863999938999999983e+01
6.526200000000000045e+01,2.863999938999999983e+01
6.533100000000000307e+01,2.863999938999999983e+01
6.533400000000000318e+01,2.863999938999999983e+01
6.533499999999999375e+01,2.863999938999999983e+01
6.539499999999999602e+01,2.863999938999999983e+01
6.539900000000000091e+01,2.863999938999999983e+01
6.539900000000000091e+01,2.863999938999999983e+01
6.545600000000000307e+01,2.863999938999999983e+01
6.545900000000000318e+01,2.863999938999999983e+01
6.545999999999999375e+01,2.863999938999999983e+01
6.546099999999999852e+01,2.863999938999999983e+01
6.552700000000000102e+01,2.863999938999999983e+01
6.552899999999999636e+01,2.863999938999999983e+01
6.553100000000000591e+01,2.863999938999999983e+01
6.559199999999999875e+01,2.863999938999999983e+01
6.559399999999999409e+01,2.863999938999999983e+01
6.559499999999999886e+01,2.863999938999999983e+01
6.559499999999999886e+01,2.863999938999999983e+01
6.561100000000000421e+01,2.863999938999999983e+01
6.563200000000000500e+01,2.863999938999999983e+01
6.565300000000000580e+01,2.853000069000000138e+01
6.567199999999999704e+01,2.853000069000000138e+01
6.574399999999999977e+01,2.853000069000000138e+01
6.574500000000000455e+01,2.853000069000000138e+01
6.574500000000000455e+01,2.853000069000000138e+01
6.581099999999999284e+01,2.853000069000000138e+01
6.581300000000000239e+01,2.853000069000000138e+01
6.581399999999999295e+01,2.853000069000000138e+01
6.581499999999999773e+01,2.853000069000000138e+01
6.586199999999999477e+01,2.853000069000000138e+01
6.586499999999999488e+01,2.853000069000000138e+01
6.587600000000000477e+01,2.853000069000000138e+01
6.594899999999999807e+01,2.853000069000000138e+01
6.595099999999999341e+01,2.853000069000000138e+01
6.595199999999999818e+01,2.853000069000000138e+01
6.595300000000000296e+01,2.853000069000000138e+01
6.601399999999999579e+01,2.853000069000000138e+01
6.601600000000000534e+01,2.853000069000000138e+01
6.601699999999999591e+01,2.853000069000000138e+01
6.607099999999999795e+01,2.853000069000000138e+01
6.607399999999999807e+01,2.853000069000000138e+01
6.607399999999999807e+01,2.853000069000000138e+01
6.614499999999999602e+01,2.853000069000000138e+01
6.614700000000000557e+01,2.853000069000000138e+01
6.614900000000000091e+01,2.853000069000000138e+01
6.614900000000000091e+01,2.853000069000000138e+01
6.620999999999999375e+01,2.853000069000000138e+01
6.621200000000000330e+01,2.853000069000000138e+01
6.621200000000000330e+01,2.853000069000000138e+01
6.626800000000000068e+01,2.853000069000000138e+01
6.627100000000000080e+01,2.853000069000000138e+01
6.627299999999999613e+01,2.853000069000000138e+01
6.627700000000000102e+01,2.853000069000000138e+01
6.634600000000000364e+01,2.853000069000000138e+01
6.634900000000000375e+01,2.853000069000000138e+01
6.634999999999999432e+01,2.853000069000000138e+01
6.641100000000000136e+01,2.853000069000000138e+01
6.641299999999999670e+01,2.853000069000000138e+01
6.641400000000000148e+01,2.853000069000000138e+01
6.647400000000000375e+01,2.853000069000000138e+01
6.647599999999999909e+01,2.853000069000000138e+01
6.647700000000000387e+01,2.853000069000000138e+01
6.647799999999999443e+01,2.853000069000000138e+01
6.654800000000000182e+01,2.853000069000000138e+01
6.654999999999999716e+01,2.853000069000000138e+01
6.655100000000000193e+01,2.853000069000000138e+01
6.660899999999999466e+01,2.853000069000000138e+01
6.660999999999999943e+01,2.853000069000000138e+01
6.660999999999999943e+01,2.853000069000000138e+01
6.661100000000000421e+01,2.853000069000000138e+01
6.662800000000000011e+01,2.853000069000000138e+01
6.664700000000000557e+01,2.842000008000000122e+01
6.666700000000000159e+01,2.842000008000000122e+01
6.673799999999999955e+01,2.842000008000000122e+01
6.674099999999999966e+01,2.842000008000000122e+01
6.674099999999999966e+01,2.842000008000000122e+01
6.680499999999999261e+01,2.842000008000000122e+01
6.680700000000000216e+01,2.842000008000000122e+01
6.680799999999999272e+01,2.842000008000000122e+01
6.681000000000000227e+01,2.842000008000000122e+01
6.687399999999999523e+01,2.842000008000000122e+01
6.687600000000000477e+01,2.842000008000000122e+01
6.687600000000000477e+01,2.842000008000000122e+01
6.693800000000000239e+01,2.842000008000000122e+01
6.693999999999999773e+01,2.842000008000000122e+01
6.694100000000000250e+01,2.842000008000000122e+01
6.700700000000000500e+01,2.842000008000000122e+01
6.700900000000000034e+01,2.842000008000000122e+01
6.701000000000000512e+01,2.842000008000000122e+01
6.701000000000000512e+01,2.842000008000000122e+01
6.707500000000000284e+01,2.842000008000000122e+01
6.707699999999999818e+01,2.842000008000000122e+01
6.707800000000000296e+01,2.842000008000000122e+01
6.708700000000000330e+01,2.842000008000000122e+01
6.714000000000000057e+01,2.842000008000000122e+01
6.714199999999999591e+01,2.842000008000000122e+01
6.714400000000000546e+01,2.842000008000000122e+01
6.720600000000000307e+01,2.842000008000000122e+01
6.720900000000000318e+01,2.842000008000000122e+01
6.720999999999999375e+01,2.842000008000000122e+01
6.727200000000000557e+01,2.842000008000000122e+01
6.727400000000000091e+01,2.842000008000000122e+01
6.727500000000000568e+01,2.842000008000000122e+01
6.728799999999999670e+01,2.842000008000000122e+01
6.733799999999999386e+01,2.842000008000000122e+01
6.734199999999999875e+01,2.842000008000000122e+01
6.734399999999999409e+01,2.842000008000000122e+01
6.740500000000000114e+01,2.842000008000000122e+01
6.740699999999999648e+01,2.842000008000000122e+01
6.740800000000000125e+01,2.842000008000000122e+01
6.747400000000000375e+01,2.842000008000000122e+01
6.747700000000000387e+01,2.842000008000000122e+01
6.747799999999999443e+01,2.842000008000000122e+01
6.747899999999999920e+01,2.842000008000000122e+01
6.748900000000000432e+01,2.842000008000000122e+01
6.754000000000000625e+01,2.842000008000000122e+01
6.754200000000000159e+01,2.842000008000000122e+01
6.759699999999999420e+01,2.842000008000000122e+01
6.759799999999999898e+01,2.842000008000000122e+01
6.759799999999999898e+01,2.842000008000000122e+01
6.760899999999999466e+01,2.842000008000000122e+01
6.764199999999999591e+01,2.842000008000000122e+01
6.764300000000000068e+01,2.829999923999999822e+01
6.766299999999999670e+01,2.829999923999999822e+01
6.768200000000000216e+01,2.829999923999999822e+01
6.775000000000000000e+01,2.829999923999999822e+01
6.775199999999999534e+01,2.829999923999999822e+01
6.775300000000000011e+01,2.829999923999999822e+01
6.781900000000000261e+01,2.829999923999999822e+01
6.782099999999999795e+01,2.829999923999999822e+01
6.782200000000000273e+01,2.829999923999999822e+01
6.788899999999999579e+01,2.829999923999999822e+01
6.789199999999999591e+01,2.829999923999999822e+01
6.789300000000000068e+01,2.829999923999999822e+01
6.789499999999999602e+01,2.829999923999999822e+01
6.795699999999999363e+01,2.829999923999999822e+01
6.795999999999999375e+01,2.829999923999999822e+01
6.796099999999999852e+01,2.829999923999999822e+01
6.802200000000000557e+01,2.829999923999999822e+01
6.802500000000000568e+01,2.829999923999999822e+01
6.802599999999999625e+01,2.829999923999999822e+01
6.802700000000000102e+01,2.829999923999999822e+01
6.808700000000000330e+01,2.829999923999999822e+01
6.808899999999999864e+01,2.829999923999999822e+01
6.809099999999999397e+01,2.829999923999999822e+01
6.809699999999999420e+01,2.829999923999999822e+01
6.815300000000000580e+01,2.829999923999999822e+01
6.815600000000000591e+01,2.829999923999999822e+01
6.815600000000000591e+01,2.829999923999999822e+01
6.821999999999999886e+01,2.829999923999999822e+01
6.822199999999999420e+01,2.829999923999999822e+01
6.822299999999999898e+01,2.829999923999999822e+01
6.828400000000000603e+01,2.829999923999999822e+01
6.828700000000000614e+01,2.829999923999999822e+01
6.828700000000000614e+01,2.829999923999999822e+01
6.830199999999999250e+01,2.829999923999999822e+01
6.835299999999999443e+01,2.829999923999999822e+01
6.835399999999999920e+01,2.829999923999999822e+01
6.835500000000000398e+01,2.829999923999999822e+01
6.842199999999999704e+01,2.829999923999999822e+01
6.842300000000000182e+01,2.829999923999999822e+01
6.842400000000000659e+01,2.829999923999999822e+01
6.848699999999999477e+01,2.829999923999999822e+01
6.848900000000000432e+01,2.829999923999999822e+01
6.848999999999999488e+01,2.829999923999999822e+01
6.849099999999999966e+01,2.829999923999999822e+01
6.850600000000000023e+01,2.829999923999999822e+01
6.855400000000000205e+01,2.829999923999999822e+01
6.855599999999999739e+01,2.829999923999999822e+01
6.860800000000000409e+01,2.829999923999999822e+01
6.860899999999999466e+01,2.829999923999999822e+01
6.860899999999999466e+01,2.829999923999999822e+01
6.862900000000000489e+01,2.829999923999999822e+01
6.865099999999999625e+01,2.819000052999999895e+01
6.866200000000000614e+01,2.819000052999999895e+01
6.867799999999999727e+01,2.819000052999999895e+01
6.870799999999999841e+01,2.819000052999999895e+01
6.874599999999999511e+01,2.819000052999999895e+01
6.874699999999999989e+01,2.819000052999999895e+01
6.881099999999999284e+01,2.819000052999999895e+01
6.881300000000000239e+01,2.819000052999999895e+01
6.881399999999999295e+01,2.819000052999999895e+01
6.887699999999999534e+01,2.819000052999999895e+01
6.887900000000000489e+01,2.819000052999999895e+01
6.887999999999999545e+01,2.819000052999999895e+01
6.888100000000000023e+01,2.819000052999999895e+01
6.891500000000000625e+01,2.819000052999999895e+01
6.894599999999999795e+01,2.819000052999999895e+01
6.894799999999999329e+01,2.819000052999999895e+01
6.901600000000000534e+01,2.819000052999999895e+01
6.901800000000000068e+01,2.819000052999999895e+01
6.901900000000000546e+01,2.819000052999999895e+01
6.907699999999999818e+01,2.819000052999999895e+01
6.907800000000000296e+01,2.819000052999999895e+01
6.907899999999999352e+01,2.819000052999999895e+01
6.907999999999999829e+01,2.819000052999999895e+01
6.911700000000000443e+01,2.819000052999999895e+01
6.912000000000000455e+01,2.819000052999999895e+01
6.914499999999999602e+01,2.819000052999999895e+01
6.921099999999999852e+01,2.819000052999999895e+01
6.921399999999999864e+01,2.819000052999999895e+01
6.921500000000000341e+01,2.819000052999999895e+01
6.921599999999999397e+01,2.819000052999999895e+01
6.927700000000000102e+01,2.819000052999999895e+01
6.928000000000000114e+01,2.819000052999999895e+01
6.928199999999999648e+01,2.819000052999999895e+01
6.931999999999999318e+01,2.819000052999999895e+01
6.932099999999999795e+01,2.819000052999999895e+01
6.934499999999999886e+01,2.819000052999999895e+01
6.941500000000000625e+01,2.819000052999999895e+01
6.941700000000000159e+01,2.819000052999999895e+01
6.941800000000000637e+01,2.819000052999999895e+01
6.941899999999999693e+01,2.819000052999999895e+01
6.947700000000000387e+01,2.819000052999999895e+01
6.947899999999999920e+01,2.819000052999999895e+01
6.948000000000000398e+01,2.819000052999999895e+01
6.953100000000000591e+01,2.819000052999999895e+01
6.953300000000000125e+01,2.819000052999999895e+01
6.953400000000000603e+01,2.819000052999999895e+01
6.954500000000000171e+01,2.819000052999999895e+01
6.960699999999999932e+01,2.819000052999999895e+01
6.960800000000000409e+01,2.819000052999999895e+01
6.960800000000000409e+01,2.819000052999999895e+01
6.961599999999999966e+01,2.819000052999999895e+01
6.964700000000000557e+01,2.819000052999999895e+01
6.965399999999999636e+01,2.804999923999999822e+01
6.967699999999999250e+01,2.804999923999999822e+01
6.972700000000000387e+01,2.804999923999999822e+01
6.972899999999999920e+01,2.804999923999999822e+01
6.973799999999999955e+01,2.804999923999999822e+01
6.980499999999999261e+01,2.804999923999999822e+01
6.980700000000000216e+01,2.804999923999999822e+01
6.980799999999999272e+01,2.804999923999999822e+01
6.987300000000000466e+01,2.804999923999999822e+01
6.987500000000000000e+01,2.804999923999999822e+01
6.987500000000000000e+01,2.804999923999999822e+01
6.987600000000000477e+01,2.804999923999999822e+01
6.993299999999999272e+01,2.804999923999999822e+01
6.993599999999999284e+01,2.804999923999999822e+01
6.993599999999999284e+01,2.804999923999999822e+01
7.000400000000000489e+01,2.804999923999999822e+01
7.000600000000000023e+01,2.804999923999999822e+01
7.000700000000000500e+01,2.804999923999999822e+01
7.007399999999999807e+01,2.804999923999999822e+01
7.007599999999999341e+01,2.804999923999999822e+01
7.007599999999999341e+01,2.804999923999999822e+01
7.007699999999999818e+01,2.804999923999999822e+01
7.013599999999999568e+01,2.804999923999999822e+01
7.013899999999999579e+01,2.804999923999999822e+01
7.014000000000000057e+01,2.804999923999999822e+01
7.020600000000000307e+01,2.804999923999999822e+01
7.020799999999999841e+01,2.804999923999999822e+01
7.020900000000000318e+01,2.804999923999999822e+01
7.020999999999999375e+01,2.804999923999999822e+01
7.027200000000000557e+01,2.804999923999999822e+01
7.027599999999999625e+01,2.804999923999999822e+01
7.027700000000000102e+01,2.804999923999999822e+01
7.033799999999999386e+01,2.804999923999999822e+01
7.034000000000000341e+01,2.804999923999999822e+01
7.034099999999999397e+01,2.804999923999999822e+01
7.037900000000000489e+01,2.804999923999999822e+01
7.037999999999999545e+01,2.804999923999999822e+01
7.037999999999999545e+01,2.804999923999999822e+01
7.039900000000000091e+01,2.804999923999999822e+01
7.045000000000000284e+01,2.804999923999999822e+01
7.045099999999999341e+01,2.804999923999999822e+01
7.051500000000000057e+01,2.804999923999999822e+01
7.051500000000000057e+01,2.804999923999999822e+01
7.051600000000000534e+01,2.804999923999999822e+01
7.051699999999999591e+01,2.804999923999999822e+01
7.054099999999999682e+01,2.804999923999999822e+01
7.059199999999999875e+01,2.804999923999999822e+01
7.059300000000000352e+01,2.804999923999999822e+01
7.059600000000000364e+01,2.804999923999999822e+01
7.061299999999999955e+01,2.804999923999999822e+01
7.063400000000000034e+01,2.795999907999999934e+01
7.065399999999999636e+01,2.795999907999999934e+01
7.072499999999999432e+01,2.795999907999999934e+01
7.072700000000000387e+01,2.795999907999999934e+01
7.072799999999999443e+01,2.795999907999999934e+01
7.074699999999999989e+01,2.795999907999999934e+01
7.079300000000000637e+01,2.795999907999999934e+01
7.079600000000000648e+01,2.795999907999999934e+01
7.079699999999999704e+01,2.795999907999999934e+01
7.085999999999999943e+01,2.795999907999999934e+01
7.086199999999999477e+01,2.795999907999999934e+01
7.086400000000000432e+01,2.795999907999999934e+01
7.092600000000000193e+01,2.795999907999999934e+01
7.092799999999999727e+01,2.795999907999999934e+01
7.092900000000000205e+01,2.795999907999999934e+01
7.094799999999999329e+01,2.795999907999999934e+01
7.094899999999999807e+01,2.795999907999999934e+01
7.099699999999999989e+01,2.795999907999999934e+01
7.100000000000000000e+01,2.795999907999999934e+01
7.106300000000000239e+01,2.795999907999999934e+01
7.106499999999999773e+01,2.795999907999999934e+01
7.106600000000000250e+01,2.795999907999999934e+01
7.112900000000000489e+01,2.795999907999999934e+01
7.113200000000000500e+01,2.795999907999999934e+01
7.113299999999999557e+01,2.795999907999999934e+01
7.113400000000000034e+01,2.795999907999999934e+01
7.115099999999999625e+01,2.795999907999999934e+01
7.119100000000000250e+01,2.795999907999999934e+01
7.119299999999999784e+01,2.795999907999999934e+01
7.126000000000000512e+01,2.795999907999999934e+01
7.126399999999999579e+01,2.795999907999999934e+01
7.126399999999999579e+01,2.795999907999999934e+01
7.126500000000000057e+01,2.795999907999999934e+01
7.132800000000000296e+01,2.795999907999999934e+01
7.133100000000000307e+01,2.795999907999999934e+01
7.133100000000000307e+01,2.795999907999999934e+01
7.135800000000000409e+01,2.795999907999999934e+01
7.139400000000000546e+01,2.795999907999999934e+01
7.139600000000000080e+01,2.795999907999999934e+01
7.145900000000000318e+01,2.795999907999999934e+01
7.146099999999999852e+01,2.795999907999999934e+01
7.146200000000000330e+01,2.795999907999999934e+01
7.146299999999999386e+01,2.795999907999999934e+01
7.152599999999999625e+01,2.795999907999999934e+01
7.152899999999999636e+01,2.795999907999999934e+01
7.152899999999999636e+01,2.795999907999999934e+01
7.156000000000000227e+01,2.795999907999999934e+01
7.156199999999999761e+01,2.795999907999999934e+01
7.159099999999999397e+01,2.795999907999999934e+01
7.159199999999999875e+01,2.795999907999999934e+01
7.160999999999999943e+01,2.795999907999999934e+01
7.163100000000000023e+01,2.795999907999999934e+01
7.165099999999999625e+01,2.779000092000000066e+01
7.167100000000000648e+01,2.779000092000000066e+01
7.174200000000000443e+01,2.779000092000000066e+01
7.174399999999999977e+01,2.779000092000000066e+01
7.174500000000000455e+01,2.779000092000000066e+01
7.176099999999999568e+01,2.779000092000000066e+01
7.181199999999999761e+01,2.779000092000000066e+01
7.181399999999999295e+01,2.779000092000000066e+01
7.181499999999999773e+01,2.779000092000000066e+01
7.187600000000000477e+01,2.779000092000000066e+01
7.187900000000000489e+01,2.779000092000000066e+01
7.187999999999999545e+01,2.779000092000000066e+01
7.194199999999999307e+01,2.779000092000000066e+01
7.194400000000000261e+01,2.779000092000000066e+01
7.194400000000000261e+01,2.779000092000000066e+01
7.194499999999999318e+01,2.779000092000000066e+01
7.196399999999999864e+01,2.779000092000000066e+01
7.200700000000000500e+01,2.779000092000000066e+01
7.200799999999999557e+01,2.779000092000000066e+01
7.202200000000000557e+01,2.779000092000000066e+01
7.207500000000000284e+01,2.779000092000000066e+01
7.207599999999999341e+01,2.779000092000000066e+01
7.214300000000000068e+01,2.779000092000000066e+01
7.214400000000000546e+01,2.779000092000000066e+01
7.214400000000000546e+01,2.779000092000000066e+01
7.214400000000000546e+01,2.779000092000000066e+01
7.216700000000000159e+01,2.779000092000000066e+01
7.220999999999999375e+01,2.779000092000000066e+01
7.221200000000000330e+01,2.779000092000000066e+01
7.227599999999999625e+01,2.779000092000000066e+01
7.227700000000000102e+01,2.779000092000000066e+01
7.227700000000000102e+01,2.779000092000000066e+01
7.227700000000000102e+01,2.779000092000000066e+01
7.234199999999999875e+01,2.779000092000000066e+01
7.234399999999999409e+01,2.779000092000000066e+01
7.234399999999999409e+01,2.779000092000000066e+01
7.237099999999999511e+01,2.779000092000000066e+01
7.241400000000000148e+01,2.779000092000000066e+01
7.241700000000000159e+01,2.779000092000000066e+01
7.241700000000000159e+01,2.779000092000000066e+01
7.247799999999999443e+01,2.779000092000000066e+01
7.248099999999999454e+01,2.779000092000000066e+01
7.248199999999999932e+01,2.779000092000000066e+01
7.254600000000000648e+01,2.779000092000000066e+01
7.254800000000000182e+01,2.779000092000000066e+01
7.254900000000000659e+01,2.779000092000000066e+01
7.257599999999999341e+01,2.779000092000000066e+01
7.257699999999999818e+01,2.779000092000000066e+01
7.260999999999999943e+01,2.779000092000000066e+01
7.260999999999999943e+01,2.779000092000000066e+01
7.262800000000000011e+01,2.779000092000000066e+01
7.264700000000000557e+01,2.769000052999999895e+01
7.266700000000000159e+01,2.769000052999999895e+01
7.273600000000000421e+01,2.769000052999999895e+01
7.273699999999999477e+01,2.769000052999999895e+01
7.273699999999999477e+01,2.769000052999999895e+01
7.277899999999999636e+01,2.769000052999999895e+01
7.278000000000000114e+01,2.769000052999999895e+01
7.280700000000000216e+01,2.769000052999999895e+01
7.280899999999999750e+01,2.769000052999999895e+01
7.287199999999999989e+01,2.769000052999999895e+01
7.287399999999999523e+01,2.769000052999999895e+01
7.287500000000000000e+01,2.769000052999999895e+01
7.294199999999999307e+01,2.769000052999999895e+01
7.294499999999999318e+01,2.769000052999999895e+01
7.294599999999999795e+01,2.769000052999999895e+01
7.298999999999999488e+01,2.769000052999999895e+01
7.299200000000000443e+01,2.769000052999999895e+01
7.299200000000000443e+01,2.769000052999999895e+01
7.300700000000000500e+01,2.769000052999999895e+01
7.307200000000000273e+01,2.769000052999999895e+01
7.307500000000000284e+01,2.769000052999999895e+01
7.307599999999999341e+01,2.769000052999999895e+01
7.313800000000000523e+01,2.769000052999999895e+01
7.314000000000000057e+01,2.769000052999999895e+01
7.314100000000000534e+01,2.769000052999999895e+01
7.314199999999999591e+01,2.769000052999999895e+01
7.318599999999999284e+01,2.769000052999999895e+01
7.318899999999999295e+01,2.769000052999999895e+01
7.320300000000000296e+01,2.769000052999999895e+01
7.327200000000000557e+01,2.769000052999999895e+01
7.327400000000000091e+01,2.769000052999999895e+01
7.327500000000000568e+01,2.769000052999999895e+01
7.327599999999999625e+01,2.769000052999999895e+01
7.334000000000000341e+01,2.769000052999999895e+01
7.334099999999999397e+01,2.769000052999999895e+01
7.334099999999999397e+01,2.769000052999999895e+01
7.339700000000000557e+01,2.769000052999999895e+01
7.339799999999999613e+01,2.769000052999999895e+01
7.339900000000000091e+01,2.769000052999999895e+01
7.347499999999999432e+01,2.769000052999999895e+01
7.347799999999999443e+01,2.769000052999999895e+01
7.347799999999999443e+01,2.769000052999999895e+01
7.347899999999999920e+01,2.769000052999999895e+01
7.354000000000000625e+01,2.769000052999999895e+01
7.354399999999999693e+01,2.769000052999999895e+01
7.354500000000000171e+01,2.769000052999999895e+01
7.359799999999999898e+01,2.769000052999999895e+01
7.359900000000000375e+01,2.769000052999999895e+01
7.359900000000000375e+01,2.769000052999999895e+01
7.360299999999999443e+01,2.769000052999999895e+01
7.364900000000000091e+01,2.769000052999999895e+01
7.365099999999999625e+01,2.753000069000000138e+01
7.366200000000000614e+01,2.753000069000000138e+01
7.374200000000000443e+01,2.753000069000000138e+01
7.374399999999999977e+01,2.753000069000000138e+01
7.374500000000000455e+01,2.753000069000000138e+01
7.374599999999999511e+01,2.753000069000000138e+01
7.380100000000000193e+01,2.753000069000000138e+01
7.380400000000000205e+01,2.753000069000000138e+01
7.380499999999999261e+01,2.753000069000000138e+01
7.387500000000000000e+01,2.753000069000000138e+01
7.387699999999999534e+01,2.753000069000000138e+01
7.387800000000000011e+01,2.753000069000000138e+01
7.394499999999999318e+01,2.753000069000000138e+01
7.394799999999999329e+01,2.753000069000000138e+01
7.394799999999999329e+01,2.753000069000000138e+01
7.394899999999999807e+01,2.753000069000000138e+01
7.400000000000000000e+01,2.753000069000000138e+01
7.400199999999999534e+01,2.753000069000000138e+01
7.400199999999999534e+01,2.753000069000000138e+01
7.407699999999999818e+01,2.753000069000000138e+01
7.407899999999999352e+01,2.753000069000000138e+01
7.407999999999999829e+01,2.753000069000000138e+01
7.408100000000000307e+01,2.753000069000000138e+01
7.414300000000000068e+01,2.753000069000000138e+01
7.414600000000000080e+01,2.753000069000000138e+01
7.414700000000000557e+01,2.753000069000000138e+01
7.420399999999999352e+01,2.753000069000000138e+01
7.420600000000000307e+01,2.753000069000000138e+01
7.420699999999999363e+01,2.753000069000000138e+01
7.420799999999999841e+01,2.753000069000000138e+01
7.427599999999999625e+01,2.753000069000000138e+01
7.427899999999999636e+01,2.753000069000000138e+01
7.428000000000000114e+01,2.753000069000000138e+01
7.434699999999999420e+01,2.753000069000000138e+01
7.434900000000000375e+01,2.753000069000000138e+01
7.434999999999999432e+01,2.753000069000000138e+01
7.440999999999999659e+01,2.753000069000000138e+01
7.441200000000000614e+01,2.753000069000000138e+01
7.441299999999999670e+01,2.753000069000000138e+01
7.441400000000000148e+01,2.753000069000000138e+01
7.447599999999999909e+01,2.753000069000000138e+01
7.447799999999999443e+01,2.753000069000000138e+01
7.447799999999999443e+01,2.753000069000000138e+01
7.454399999999999693e+01,2.753000069000000138e+01
7.454699999999999704e+01,2.753000069000000138e+01
7.454800000000000182e+01,2.753000069000000138e+01
7.454900000000000659e+01,2.753000069000000138e+01
7.462600000000000477e+01,2.753000069000000138e+01
7.462699999999999534e+01,2.753000069000000138e+01
7.462699999999999534e+01,2.753000069000000138e+01
7.463100000000000023e+01,2.753000069000000138e+01
7.463899999999999579e+01,2.753000069000000138e+01
7.468099999999999739e+01,2.753000069000000138e+01
7.468200000000000216e+01,2.740999984999999839e+01
7.469599999999999795e+01,2.740999984999999839e+01
7.476600000000000534e+01,2.740999984999999839e+01
7.476800000000000068e+01,2.740999984999999839e+01
7.476800000000000068e+01,2.740999984999999839e+01
7.481499999999999773e+01,2.740999984999999839e+01
7.481699999999999307e+01,2.740999984999999839e+01
7.483499999999999375e+01,2.740999984999999839e+01
7.490099999999999625e+01,2.740999984999999839e+01
7.490300000000000580e+01,2.740999984999999839e+01
7.490399999999999636e+01,2.740999984999999839e+01
7.490500000000000114e+01,2.740999984999999839e+01
7.496699999999999875e+01,2.740999984999999839e+01
7.496899999999999409e+01,2.740999984999999839e+01
7.496999999999999886e+01,2.740999984999999839e+01
7.501699999999999591e+01,2.740999984999999839e+01
7.501900000000000546e+01,2.740999984999999839e+01
7.501999999999999602e+01,2.740999984999999839e+01
7.503400000000000603e+01,2.740999984999999839e+01
7.510099999999999909e+01,2.740999984999999839e+01
7.510299999999999443e+01,2.740999984999999839e+01
7.510500000000000398e+01,2.740999984999999839e+01
7.517100000000000648e+01,2.740999984999999839e+01
7.517499999999999716e+01,2.740999984999999839e+01
7.517600000000000193e+01,2.740999984999999839e+01
7.517699999999999250e+01,2.740999984999999839e+01
7.522599999999999909e+01,2.740999984999999839e+01
7.522799999999999443e+01,2.740999984999999839e+01
7.523499999999999943e+01,2.740999984999999839e+01
7.529999999999999716e+01,2.740999984999999839e+01
7.530299999999999727e+01,2.740999984999999839e+01
7.530499999999999261e+01,2.740999984999999839e+01
7.536700000000000443e+01,2.740999984999999839e+01
7.536899999999999977e+01,2.740999984999999839e+01
7.537099999999999511e+01,2.740999984999999839e+01
7.537199999999999989e+01,2.740999984999999839e+01
7.542699999999999250e+01,2.740999984999999839e+01
7.542900000000000205e+01,2.740999984999999839e+01
7.542999999999999261e+01,2.740999984999999839e+01
7.550300000000000011e+01,2.740999984999999839e+01
7.550600000000000023e+01,2.740999984999999839e+01
7.550700000000000500e+01,2.740999984999999839e+01
7.550799999999999557e+01,2.740999984999999839e+01
7.556900000000000261e+01,2.740999984999999839e+01
7.557099999999999795e+01,2.740999984999999839e+01
7.557200000000000273e+01,2.740999984999999839e+01
7.561799999999999500e+01,2.740999984999999839e+01
7.561899999999999977e+01,2.740999984999999839e+01
7.562800000000000011e+01,2.740999984999999839e+01
7.563899999999999579e+01,2.740999984999999839e+01
7.566400000000000148e+01,2.732999991999999878e+01
7.567999999999999261e+01,2.732999991999999878e+01
7.569199999999999307e+01,2.732999991999999878e+01
7.576099999999999568e+01,2.732999991999999878e+01
7.576300000000000523e+01,2.732999991999999878e+01
7.576300000000000523e+01,2.732999991999999878e+01
7.582899999999999352e+01,2.732999991999999878e+01
7.582999999999999829e+01,2.732999991999999878e+01
7.583100000000000307e+01,2.732999991999999878e+01
7.589700000000000557e+01,2.732999991999999878e+01
7.589900000000000091e+01,2.732999991999999878e+01
7.590000000000000568e+01,2.732999991999999878e+01
7.590099999999999625e+01,2.732999991999999878e+01
7.596200000000000330e+01,2.732999991999999878e+01
7.596500000000000341e+01,2.732999991999999878e+01
7.596599999999999397e+01,2.732999991999999878e+01
7.602899999999999636e+01,2.732999991999999878e+01
7.603199999999999648e+01,2.732999991999999878e+01
7.603300000000000125e+01,2.732999991999999878e+01
7.603400000000000603e+01,2.732999991999999878e+01
7.609799999999999898e+01,2.732999991999999878e+01
7.610099999999999909e+01,2.732999991999999878e+01
7.610299999999999443e+01,2.732999991999999878e+01
7.616500000000000625e+01,2.732999991999999878e+01
7.616700000000000159e+01,2.732999991999999878e+01
7.616800000000000637e+01,2.732999991999999878e+01
7.623199999999999932e+01,2.732999991999999878e+01
7.623499999999999943e+01,2.732999991999999878e+01
7.623600000000000421e+01,2.732999991999999878e+01
7.623699999999999477e+01,2.732999991999999878e+01
7.629600000000000648e+01,2.732999991999999878e+01
7.629900000000000659e+01,2.732999991999999878e+01
7.629999999999999716e+01,2.732999991999999878e+01
7.636199999999999477e+01,2.732999991999999878e+01
7.636400000000000432e+01,2.732999991999999878e+01
7.636599999999999966e+01,2.732999991999999878e+01
7.636700000000000443e+01,2.732999991999999878e+01
7.642999999999999261e+01,2.732999991999999878e+01
7.643299999999999272e+01,2.732999991999999878e+01
7.643500000000000227e+01,2.732999991999999878e+01
7.644100000000000250e+01,2.732999991999999878e+01
7.649599999999999511e+01,2.732999991999999878e+01
7.649800000000000466e+01,2.732999991999999878e+01
7.649899999999999523e+01,2.732999991999999878e+01
7.656600000000000250e+01,2.732999991999999878e+01
7.656799999999999784e+01,2.732999991999999878e+01
7.656900000000000261e+01,2.732999991999999878e+01
7.661400000000000432e+01,2.732999991999999878e+01
7.661499999999999488e+01,2.732999991999999878e+01
7.661499999999999488e+01,2.732999991999999878e+01
7.663599999999999568e+01,2.732999991999999878e+01
7.665699999999999648e+01,2.718000031000000050e+01
7.667199999999999704e+01,2.718000031000000050e+01
7.669100000000000250e+01,2.718000031000000050e+01
7.675499999999999545e+01,2.718000031000000050e+01
7.675799999999999557e+01,2.718000031000000050e+01
7.675799999999999557e+01,2.718000031000000050e+01
7.681999999999999318e+01,2.718000031000000050e+01
7.682200000000000273e+01,2.718000031000000050e+01
7.682299999999999329e+01,2.718000031000000050e+01
7.684900000000000375e+01,2.718000031000000050e+01
7.685099999999999909e+01,2.718000031000000050e+01
7.688700000000000045e+01,2.718000031000000050e+01
7.688899999999999579e+01,2.718000031000000050e+01
7.695199999999999818e+01,2.718000031000000050e+01
7.695399999999999352e+01,2.718000031000000050e+01
7.695499999999999829e+01,2.718000031000000050e+01
7.701999999999999602e+01,2.718000031000000050e+01
7.702200000000000557e+01,2.718000031000000050e+01
7.702400000000000091e+01,2.718000031000000050e+01
7.705199999999999250e+01,2.718000031000000050e+01
7.705299999999999727e+01,2.718000031000000050e+01
7.708799999999999386e+01,2.718000031000000050e+01
7.709199999999999875e+01,2.718000031000000050e+01
7.715500000000000114e+01,2.718000031000000050e+01
7.715699999999999648e+01,2.718000031000000050e+01
7.715800000000000125e+01,2.718000031000000050e+01
7.721999999999999886e+01,2.718000031000000050e+01
7.722299999999999898e+01,2.718000031000000050e+01
7.722400000000000375e+01,2.718000031000000050e+01
7.722499999999999432e+01,2.718000031000000050e+01
7.725700000000000500e+01,2.718000031000000050e+01
7.728900000000000148e+01,2.718000031000000050e+01
7.729000000000000625e+01,2.718000031000000050e+01
7.735299999999999443e+01,2.718000031000000050e+01
7.735500000000000398e+01,2.718000031000000050e+01
7.735599999999999454e+01,2.718000031000000050e+01
7.742000000000000171e+01,2.718000031000000050e+01
7.742199999999999704e+01,2.718000031000000050e+01
7.742300000000000182e+01,2.718000031000000050e+01
7.742400000000000659e+01,2.718000031000000050e+01
7.745999999999999375e+01,2.718000031000000050e+01
7.746299999999999386e+01,2.718000031000000050e+01
7.748799999999999955e+01,2.718000031000000050e+01
7.755299999999999727e+01,2.718000031000000050e+01
7.755599999999999739e+01,2.718000031000000050e+01
7.755700000000000216e+01,2.718000031000000050e+01
7.755799999999999272e+01,2.718000031000000050e+01
7.759900000000000375e+01,2.718000031000000050e+01
7.759999999999999432e+01,2.718000031000000050e+01
7.760899999999999466e+01,2.718000031000000050e+01
7.764700000000000557e+01,2.718000031000000050e+01
7.764900000000000091e+01,2.712999916000000056e+01
7.767000000000000171e+01,2.712999916000000056e+01
7.774200000000000443e+01,2.712999916000000056e+01
7.774399999999999977e+01,2.712999916000000056e+01
7.774500000000000455e+01,2.712999916000000056e+01
7.780899999999999750e+01,2.712999916000000056e+01
7.781000000000000227e+01,2.712999916000000056e+01
7.781099999999999284e+01,2.712999916000000056e+01
7.781199999999999761e+01,2.712999916000000056e+01
7.786799999999999500e+01,2.712999916000000056e+01
7.787000000000000455e+01,2.712999916000000056e+01
7.787099999999999511e+01,2.712999916000000056e+01
7.794199999999999307e+01,2.712999916000000056e+01
7.794499999999999318e+01,2.712999916000000056e+01
7.794599999999999795e+01,2.712999916000000056e+01
7.794700000000000273e+01,2.712999916000000056e+01
7.800799999999999557e+01,2.712999916000000056e+01
7.801099999999999568e+01,2.712999916000000056e+01
7.801099999999999568e+01,2.712999916000000056e+01
7.806900000000000261e+01,2.712999916000000056e+01
7.807200000000000273e+01,2.712999916000000056e+01
7.807399999999999807e+01,2.712999916000000056e+01
7.814600000000000080e+01,2.712999916000000056e+01
7.814799999999999613e+01,2.712999916000000056e+01
7.814900000000000091e+01,2.712999916000000056e+01
7.815000000000000568e+01,2.712999916000000056e+01
7.821200000000000330e+01,2.712999916000000056e+01
7.821399999999999864e+01,2.712999916000000056e+01
7.821500000000000341e+01,2.712999916000000056e+01
7.827400000000000091e+01,2.712999916000000056e+01
7.827599999999999625e+01,2.712999916000000056e+01
7.827700000000000102e+01,2.712999916000000056e+01
7.827800000000000580e+01,2.712999916000000056e+01
7.834399999999999409e+01,2.712999916000000056e+01
7.834699999999999420e+01,2.712999916000000056e+01
7.834799999999999898e+01,2.712999916000000056e+01
7.840800000000000125e+01,2.712999916000000056e+01
7.840999999999999659e+01,2.712999916000000056e+01
7.841100000000000136e+01,2.712999916000000056e+01
7.847599999999999909e+01,2.712999916000000056e+01
7.847799999999999443e+01,2.712999916000000056e+01
7.847899999999999920e+01,2.712999916000000056e+01
7.848000000000000398e+01,2.712999916000000056e+01
7.854099999999999682e+01,2.712999916000000056e+01
7.854399999999999693e+01,2.712999916000000056e+01
7.854500000000000171e+01,2.712999916000000056e+01
7.859999999999999432e+01,2.712999916000000056e+01
7.860099999999999909e+01,2.712999916000000056e+01
7.860099999999999909e+01,2.712999916000000056e+01
7.860500000000000398e+01,2.712999916000000056e+01
7.862600000000000477e+01,2.712999916000000056e+01
7.864799999999999613e+01,2.689999961999999911e+01
7.866500000000000625e+01,2.689999961999999911e+01
7.868299999999999272e+01,2.689999961999999911e+01
7.874599999999999511e+01,2.689999961999999911e+01
7.874899999999999523e+01,2.689999961999999911e+01
7.881099999999999284e+01,2.689999961999999911e+01
7.881300000000000239e+01,2.689999961999999911e+01
7.881399999999999295e+01,2.689999961999999911e+01
7.881399999999999295e+01,2.689999961999999911e+01
7.887900000000000489e+01,2.689999961999999911e+01
7.888200000000000500e+01,2.689999961999999911e+01
7.888200000000000500e+01,2.689999961999999911e+01
7.888500000000000512e+01,2.689999961999999911e+01
7.894199999999999307e+01,2.689999961999999911e+01
7.894499999999999318e+01,2.689999961999999911e+01
7.894499999999999318e+01,2.689999961999999911e+01
7.900799999999999557e+01,2.689999961999999911e+01
7.901099999999999568e+01,2.689999961999999911e+01
7.901200000000000045e+01,2.689999961999999911e+01
7.907599999999999341e+01,2.689999961999999911e+01
7.907999999999999829e+01,2.689999961999999911e+01
7.907999999999999829e+01,2.689999961999999911e+01
7.908100000000000307e+01,2.689999961999999911e+01
7.914600000000000080e+01,2.689999961999999911e+01
7.914900000000000091e+01,2.689999961999999911e+01
7.914900000000000091e+01,2.689999961999999911e+01
7.921200000000000330e+01,2.689999961999999911e+01
7.921500000000000341e+01,2.689999961999999911e+01
7.921599999999999397e+01,2.689999961999999911e+01
7.927500000000000568e+01,2.689999961999999911e+01
7.927700000000000102e+01,2.689999961999999911e+01
7.927800000000000580e+01,2.689999961999999911e+01
7.927800000000000580e+01,2.689999961999999911e+01
7.929099999999999682e+01,2.689999961999999911e+01
7.934199999999999875e+01,2.689999961999999911e+01
7.934399999999999409e+01,2.689999961999999911e+01
7.940999999999999659e+01,2.689999961999999911e+01
7.941200000000000614e+01,2.689999961999999911e+01
7.941400000000000148e+01,2.689999961999999911e+01
7.941400000000000148e+01,2.689999961999999911e+01
7.947599999999999909e+01,2.689999961999999911e+01
7.947899999999999920e+01,2.689999961999999911e+01
7.948000000000000398e+01,2.689999961999999911e+01
7.949500000000000455e+01,2.689999961999999911e+01
7.954399999999999693e+01,2.689999961999999911e+01
7.954699999999999704e+01,2.689999961999999911e+01
7.960500000000000398e+01,2.689999961999999911e+01
7.960599999999999454e+01,2.689999961999999911e+01
7.960599999999999454e+01,2.689999961999999911e+01
7.960599999999999454e+01,2.689999961999999911e+01
7.962500000000000000e+01,2.689999961999999911e+01
7.964499999999999602e+01,2.681999968999999950e+01
7.965900000000000603e+01,2.681999968999999950e+01
7.969599999999999795e+01,2.681999968999999950e+01
7.973699999999999477e+01,2.681999968999999950e+01
7.973900000000000432e+01,2.681999968999999950e+01
7.980400000000000205e+01,2.681999968999999950e+01
7.980599999999999739e+01,2.681999968999999950e+01
7.980700000000000216e+01,2.681999968999999950e+01
7.980799999999999272e+01,2.681999968999999950e+01
7.986899999999999977e+01,2.681999968999999950e+01
7.987399999999999523e+01,2.681999968999999950e+01
7.987500000000000000e+01,2.681999968999999950e+01
7.990000000000000568e+01,2.681999968999999950e+01
7.990200000000000102e+01,2.681999968999999950e+01
7.993500000000000227e+01,2.681999968999999950e+01
7.993800000000000239e+01,2.681999968999999950e+01
8.000400000000000489e+01,2.681999968999999950e+01
8.000700000000000500e+01,2.681999968999999950e+01
8.000900000000000034e+01,2.681999968999999950e+01
8.006799999999999784e+01,2.681999968999999950e+01
8.006999999999999318e+01,2.681999968999999950e+01
8.007099999999999795e+01,2.681999968999999950e+01
8.010500000000000398e+01,2.681999968999999950e+01
8.010699999999999932e+01,2.681999968999999950e+01
8.013599999999999568e+01,2.681999968999999950e+01
8.013800000000000523e+01,2.681999968999999950e+01
8.020099999999999341e+01,2.681999968999999950e+01
8.020300000000000296e+01,2.681999968999999950e+01
8.020300000000000296e+01,2.681999968999999950e+01
8.027100000000000080e+01,2.681999968999999950e+01
8.027200000000000557e+01,2.681999968999999950e+01
8.027299999999999613e+01,2.681999968999999950e+01
8.027400000000000091e+01,2.681999968999999950e+01
8.030700000000000216e+01,2.681999968999999950e+01
8.030799999999999272e+01,2.681999968999999950e+01
8.033599999999999852e+01,2.681999968999999950e+01
8.040699999999999648e+01,2.681999968999999950e+01
8.040900000000000603e+01,2.681999968999999950e+01
8.040999999999999659e+01,2.681999968999999950e+01
8.046899999999999409e+01,2.681999968999999950e+01
8.047100000000000364e+01,2.681999968999999950e+01
8.047199999999999420e+01,2.681999968999999950e+01
8.047299999999999898e+01,2.681999968999999950e+01
8.051099999999999568e+01,2.681999968999999950e+01
8.051399999999999579e+01,2.681999968999999950e+01
8.053600000000000136e+01,2.681999968999999950e+01
8.060899999999999466e+01,2.681999968999999950e+01
8.060999999999999943e+01,2.681999968999999950e+01
8.060999999999999943e+01,2.681999968999999950e+01
8.060999999999999943e+01,2.681999968999999950e+01
8.062300000000000466e+01,2.681999968999999950e+01
8.065300000000000580e+01,2.681999968999999950e+01
8.066100000000000136e+01,2.679999923999999822e+01
8.067499999999999716e+01,2.679999923999999822e+01
8.071500000000000341e+01,2.679999923999999822e+01
8.074599999999999511e+01,2.679999923999999822e+01
8.074899999999999523e+01,2.679999923999999822e+01
8.081699999999999307e+01,2.679999923999999822e+01
8.081900000000000261e+01,2.679999923999999822e+01
8.082099999999999795e+01,2.679999923999999822e+01
8.087699999999999534e+01,2.679999923999999822e+01
8.087900000000000489e+01,2.679999923999999822e+01
8.087999999999999545e+01,2.679999923999999822e+01
8.091800000000000637e+01,2.679999923999999822e+01
8.092000000000000171e+01,2.679999923999999822e+01
8.094599999999999795e+01,2.679999923999999822e+01
8.094700000000000273e+01,2.679999923999999822e+01
8.101200000000000045e+01,2.679999923999999822e+01
8.101500000000000057e+01,2.679999923999999822e+01
8.101699999999999591e+01,2.679999923999999822e+01
8.107899999999999352e+01,2.679999923999999822e+01
8.108199999999999363e+01,2.679999923999999822e+01
8.108299999999999841e+01,2.679999923999999822e+01
8.108400000000000318e+01,2.679999923999999822e+01
8.112099999999999511e+01,2.679999923999999822e+01
8.112399999999999523e+01,2.679999923999999822e+01
8.114799999999999613e+01,2.679999923999999822e+01
8.121500000000000341e+01,2.679999923999999822e+01
8.121699999999999875e+01,2.679999923999999822e+01
8.121800000000000352e+01,2.679999923999999822e+01
8.127899999999999636e+01,2.679999923999999822e+01
8.128199999999999648e+01,2.679999923999999822e+01
8.128400000000000603e+01,2.679999923999999822e+01
8.128499999999999659e+01,2.679999923999999822e+01
8.132500000000000284e+01,2.679999923999999822e+01
8.132800000000000296e+01,2.679999923999999822e+01
8.134699999999999420e+01,2.679999923999999822e+01
8.141299999999999670e+01,2.679999923999999822e+01
8.141500000000000625e+01,2.679999923999999822e+01
8.141599999999999682e+01,2.679999923999999822e+01
8.141700000000000159e+01,2.679999923999999822e+01
8.148099999999999454e+01,2.679999923999999822e+01
8.148399999999999466e+01,2.679999923999999822e+01
8.148499999999999943e+01,2.679999923999999822e+01
8.152800000000000580e+01,2.679999923999999822e+01
8.153000000000000114e+01,2.679999923999999822e+01
8.153100000000000591e+01,2.679999923999999822e+01
8.159799999999999898e+01,2.679999923999999822e+01
8.159900000000000375e+01,2.679999923999999822e+01
8.159999999999999432e+01,2.679999923999999822e+01
8.160599999999999454e+01,2.679999923999999822e+01
8.163599999999999568e+01,2.679999923999999822e+01
8.164199999999999591e+01,2.664999961999999911e+01
8.167199999999999704e+01,2.664999961999999911e+01
8.173099999999999454e+01,2.664999961999999911e+01
8.173399999999999466e+01,2.664999961999999911e+01
8.173499999999999943e+01,2.664999961999999911e+01
8.180100000000000193e+01,2.664999961999999911e+01
8.180400000000000205e+01,2.664999961999999911e+01
8.180499999999999261e+01,2.664999961999999911e+01
8.186700000000000443e+01,2.664999961999999911e+01
8.186799999999999500e+01,2.664999961999999911e+01
8.186899999999999977e+01,2.664999961999999911e+01
8.187000000000000455e+01,2.664999961999999911e+01
8.193200000000000216e+01,2.664999961999999911e+01
8.193500000000000227e+01,2.664999961999999911e+01
8.193599999999999284e+01,2.664999961999999911e+01
8.193899999999999295e+01,2.664999961999999911e+01
8.199800000000000466e+01,2.664999961999999911e+01
8.200400000000000489e+01,2.664999961999999911e+01
8.200499999999999545e+01,2.664999961999999911e+01
8.206499999999999773e+01,2.664999961999999911e+01
8.206799999999999784e+01,2.664999961999999911e+01
8.206999999999999318e+01,2.664999961999999911e+01
8.212999999999999545e+01,2.664999961999999911e+01
8.213200000000000500e+01,2.664999961999999911e+01
8.213200000000000500e+01,2.664999961999999911e+01
8.214100000000000534e+01,2.664999961999999911e+01
8.219700000000000273e+01,2.664999961999999911e+01
8.219899999999999807e+01,2.664999961999999911e+01
8.219899999999999807e+01,2.664999961999999911e+01
8.226300000000000523e+01,2.664999961999999911e+01
8.226399999999999579e+01,2.664999961999999911e+01
8.226399999999999579e+01,2.664999961999999911e+01
